user_id,first_name,last_name,age,city,reg_date,plan,churn_date,month,calls_duration,messages_count,mb_used,gb_used,Unnamed: 0,messages_included,mb_per_month_included,minutes_included,usd_monthly_pay,usd_per_gb,usd_per_message,usd_per_minute,plan_name,calls_overage,messages_overage,data_overage,calls_overage_charge,messages_overage_charge,data_overage_charge,monthly_profit
1000,Anamaria,Bauer,45,"Atlanta-Sandy Springs-Roswell, GA MSA",2018-12-24,ultimate,,2018-12-01,124.0,11.0,1901.47,2.0,1,1000,30720,3000,70,7,0.01,0.01,ultimate,0.0,0.0,0.0,0.0,0.0,0.0,70.0
1001,Mickey,Wilkerson,28,"Seattle-Tacoma-Bellevue, WA MSA",2018-08-13,surf,,2018-08-01,182.0,30.0,6919.15,7.0,0,50,15360,500,20,10,0.03,0.03,surf,0.0,0.0,0.0,0.0,0.0,0.0,20.0
1001,Mickey,Wilkerson,28,"Seattle-Tacoma-Bellevue, WA MSA",2018-08-13,surf,,2018-09-01,315.0,44.0,13314.82,14.0,0,50,15360,500,20,10,0.03,0.03,surf,0.0,0.0,0.0,0.0,0.0,0.0,20.0
1001,Mickey,Wilkerson,28,"Seattle-Tacoma-Bellevue, WA MSA",2018-08-13,surf,,2018-10-01,393.0,53.0,22330.49,22.0,0,50,15360,500,20,10,0.03,0.03,surf,0.0,3.0,7.0,0.0,0.09,70.0,90.09
1001,Mickey,Wilkerson,28,"Seattle-Tacoma-Bellevue, WA MSA",2018-08-13,surf,,2018-11-01,426.0,36.0,18504.3,19.0,0,50,15360,500,20,10,0.03,0.03,surf,0.0,0.0,4.0,0.0,0.0,40.0,60.0
1001,Mickey,Wilkerson,28,"Seattle-Tacoma-Bellevue, WA MSA",2018-08-13,surf,,2018-12-01,412.0,44.0,19369.18,19.0,0,50,15360,500,20,10,0.03,0.03,surf,0.0,0.0,4.0,0.0,0.0,40.0,60.0
1002,Carlee,Hoffman,36,"Las Vegas-Henderson-Paradise, NV MSA",2018-10-21,surf,,2018-10-01,59.0,15.0,6552.01,7.0,0,50,15360,500,20,10,0.03,0.03,surf,0.0,0.0,0.0,0.0,0.0,0.0,20.0
1002,Carlee,Hoffman,36,"Las Vegas-Henderson-Paradise, NV MSA",2018-10-21,surf,,2018-11-01,386.0,32.0,19345.08,19.0,0,50,15360,500,20,10,0.03,0.03,surf,0.0,0.0,4.0,0.0,0.0,40.0,60.0
1002,Carlee,Hoffman,36,"Las Vegas-Henderson-Paradise, NV MSA",2018-10-21,surf,,2018-12-01,384.0,41.0,14396.24,15.0,0,50,15360,500,20,10,0.03,0.03,surf,0.0,0.0,0.0,0.0,0.0,0.0,20.0
1003,Reynaldo,Jenkins,52,"Tulsa, OK MSA",2018-01-28,surf,,2018-12-01,1104.0,50.0,27044.14,27.0,0,50,15360,500,20,10,0.03,0.03,surf,604.0,0.0,12.0,18.12,0.0,120.0,158.12
1004,Leonila,Thompson,40,"Seattle-Tacoma-Bellevue, WA MSA",2018-05-23,surf,,2018-05-01,193.0,7.0,6547.21,7.0,0,50,15360,500,20,10,0.03,0.03,surf,0.0,0.0,0.0,0.0,0.0,0.0,20.0
1004,Leonila,Thompson,40,"Seattle-Tacoma-Bellevue, WA MSA",2018-05-23,surf,,2018-06-01,275.0,18.0,20672.82,21.0,0,50,15360,500,20,10,0.03,0.03,surf,0.0,0.0,6.0,0.0,0.0,60.0,80.0
1004,Leonila,Thompson,40,"Seattle-Tacoma-Bellevue, WA MSA",2018-05-23,surf,,2018-07-01,381.0,26.0,24516.62,24.0,0,50,15360,500,20,10,0.03,0.03,surf,0.0,0.0,9.0,0.0,0.0,90.0,110.0
1004,Leonila,Thompson,40,"Seattle-Tacoma-Bellevue, WA MSA",2018-05-23,surf,,2018-08-01,354.0,25.0,27981.739999999998,28.0,0,50,15360,500,20,10,0.03,0.03,surf,0.0,0.0,13.0,0.0,0.0,130.0,150.0
1004,Leonila,Thompson,40,"Seattle-Tacoma-Bellevue, WA MSA",2018-05-23,surf,,2018-09-01,301.0,21.0,18852.72,19.0,0,50,15360,500,20,10,0.03,0.03,surf,0.0,0.0,4.0,0.0,0.0,40.0,60.0
1004,Leonila,Thompson,40,"Seattle-Tacoma-Bellevue, WA MSA",2018-05-23,surf,,2018-10-01,365.0,24.0,14541.63,15.0,0,50,15360,500,20,10,0.03,0.03,surf,0.0,0.0,0.0,0.0,0.0,0.0,20.0
1004,Leonila,Thompson,40,"Seattle-Tacoma-Bellevue, WA MSA",2018-05-23,surf,,2018-11-01,476.0,25.0,21850.78,22.0,0,50,15360,500,20,10,0.03,0.03,surf,0.0,0.0,7.0,0.0,0.0,70.0,90.0
1004,Leonila,Thompson,40,"Seattle-Tacoma-Bellevue, WA MSA",2018-05-23,surf,,2018-12-01,427.0,31.0,21389.29,21.0,0,50,15360,500,20,10,0.03,0.03,surf,0.0,0.0,6.0,0.0,0.0,60.0,80.0
1005,Livia,Shields,31,"Dallas-Fort Worth-Arlington, TX MSA",2018-11-29,surf,,2018-12-01,496.0,11.0,17140.17,17.0,0,50,15360,500,20,10,0.03,0.03,surf,0.0,0.0,2.0,0.0,0.0,20.0,40.0
1006,Jesusa,Bradford,73,"San Francisco-Oakland-Berkeley, CA MSA",2018-11-27,ultimate,2018-12-18,2018-11-01,10.0,15.0,2068.37,3.0,1,1000,30720,3000,70,7,0.01,0.01,ultimate,0.0,0.0,0.0,0.0,0.0,0.0,70.0
1006,Jesusa,Bradford,73,"San Francisco-Oakland-Berkeley, CA MSA",2018-11-27,ultimate,2018-12-18,2018-12-01,36.0,89.0,20267.44,20.0,1,1000,30720,3000,70,7,0.01,0.01,ultimate,0.0,0.0,0.0,0.0,0.0,0.0,70.0
1007,Eusebio,Welch,42,"Grand Rapids-Kentwood, MI MSA",2018-07-11,surf,,2018-08-01,456.0,51.0,24439.88,24.0,0,50,15360,500,20,10,0.03,0.03,surf,0.0,1.0,9.0,0.0,0.03,90.0,110.03
1007,Eusebio,Welch,42,"Grand Rapids-Kentwood, MI MSA",2018-07-11,surf,,2018-09-01,399.0,47.0,28123.95,28.0,0,50,15360,500,20,10,0.03,0.03,surf,0.0,0.0,13.0,0.0,0.0,130.0,150.0
1007,Eusebio,Welch,42,"Grand Rapids-Kentwood, MI MSA",2018-07-11,surf,,2018-10-01,645.0,59.0,37885.63,37.0,0,50,15360,500,20,10,0.03,0.03,surf,145.0,9.0,22.0,4.35,0.27,220.0,244.62
1007,Eusebio,Welch,42,"Grand Rapids-Kentwood, MI MSA",2018-07-11,surf,,2018-11-01,524.0,48.0,24334.0,24.0,0,50,15360,500,20,10,0.03,0.03,surf,24.0,0.0,9.0,0.72,0.0,90.0,110.72
1007,Eusebio,Welch,42,"Grand Rapids-Kentwood, MI MSA",2018-07-11,surf,,2018-12-01,617.0,50.0,29069.28,29.0,0,50,15360,500,20,10,0.03,0.03,surf,117.0,0.0,14.0,3.51,0.0,140.0,163.51
1008,Emely,Hoffman,53,"Orlando-Kissimmee-Sanford, FL MSA",2018-08-03,ultimate,,2018-10-01,476.0,21.0,17106.989999999998,17.0,1,1000,30720,3000,70,7,0.01,0.01,ultimate,0.0,0.0,0.0,0.0,0.0,0.0,70.0
1008,Emely,Hoffman,53,"Orlando-Kissimmee-Sanford, FL MSA",2018-08-03,ultimate,,2018-11-01,446.0,37.0,23676.72,24.0,1,1000,30720,3000,70,7,0.01,0.01,ultimate,0.0,0.0,0.0,0.0,0.0,0.0,70.0
1008,Emely,Hoffman,53,"Orlando-Kissimmee-Sanford, FL MSA",2018-08-03,ultimate,,2018-12-01,634.0,26.0,14689.33,15.0,1,1000,30720,3000,70,7,0.01,0.01,ultimate,0.0,0.0,0.0,0.0,0.0,0.0,70.0
1009,Gerry,Little,19,"San Jose-Sunnyvale-Santa Clara, CA MSA",2018-04-22,surf,,2018-05-01,534.0,0.0,20389.4,20.0,0,50,15360,500,20,10,0.03,0.03,surf,34.0,0.0,5.0,1.02,0.0,50.0,71.02
1009,Gerry,Little,19,"San Jose-Sunnyvale-Santa Clara, CA MSA",2018-04-22,surf,,2018-06-01,823.0,0.0,18845.9,19.0,0,50,15360,500,20,10,0.03,0.03,surf,323.0,0.0,4.0,9.69,0.0,40.0,69.69
1009,Gerry,Little,19,"San Jose-Sunnyvale-Santa Clara, CA MSA",2018-04-22,surf,,2018-07-01,880.0,0.0,30421.65,30.0,0,50,15360,500,20,10,0.03,0.03,surf,380.0,0.0,15.0,11.4,0.0,150.0,181.4
1009,Gerry,Little,19,"San Jose-Sunnyvale-Santa Clara, CA MSA",2018-04-22,surf,,2018-08-01,731.0,0.0,24557.52,24.0,0,50,15360,500,20,10,0.03,0.03,surf,231.0,0.0,9.0,6.93,0.0,90.0,116.93
1009,Gerry,Little,19,"San Jose-Sunnyvale-Santa Clara, CA MSA",2018-04-22,surf,,2018-09-01,776.0,0.0,20962.4,21.0,0,50,15360,500,20,10,0.03,0.03,surf,276.0,0.0,6.0,8.28,0.0,60.0,88.28
1009,Gerry,Little,19,"San Jose-Sunnyvale-Santa Clara, CA MSA",2018-04-22,surf,,2018-10-01,740.0,0.0,22664.84,23.0,0,50,15360,500,20,10,0.03,0.03,surf,240.0,0.0,8.0,7.199999999999999,0.0,80.0,107.2
1009,Gerry,Little,19,"San Jose-Sunnyvale-Santa Clara, CA MSA",2018-04-22,surf,,2018-11-01,714.0,0.0,25473.43,25.0,0,50,15360,500,20,10,0.03,0.03,surf,214.0,0.0,10.0,6.42,0.0,100.0,126.42
1009,Gerry,Little,19,"San Jose-Sunnyvale-Santa Clara, CA MSA",2018-04-22,surf,,2018-12-01,756.0,0.0,23922.6,24.0,0,50,15360,500,20,10,0.03,0.03,surf,256.0,0.0,9.0,7.68,0.0,90.0,117.68
1010,Wilber,Blair,52,"Dallas-Fort Worth-Arlington, TX MSA",2018-03-09,surf,,2018-03-01,429.0,0.0,10690.02,11.0,0,50,15360,500,20,10,0.03,0.03,surf,0.0,0.0,0.0,0.0,0.0,0.0,20.0
1010,Wilber,Blair,52,"Dallas-Fort Worth-Arlington, TX MSA",2018-03-09,surf,,2018-04-01,656.0,0.0,19722.34,20.0,0,50,15360,500,20,10,0.03,0.03,surf,156.0,0.0,5.0,4.68,0.0,50.0,74.68
1010,Wilber,Blair,52,"Dallas-Fort Worth-Arlington, TX MSA",2018-03-09,surf,,2018-05-01,532.0,0.0,15888.52,16.0,0,50,15360,500,20,10,0.03,0.03,surf,32.0,0.0,1.0,0.96,0.0,10.0,30.96
1010,Wilber,Blair,52,"Dallas-Fort Worth-Arlington, TX MSA",2018-03-09,surf,,2018-06-01,553.0,0.0,16829.31,17.0,0,50,15360,500,20,10,0.03,0.03,surf,53.0,0.0,2.0,1.5899999999999999,0.0,20.0,41.59
1010,Wilber,Blair,52,"Dallas-Fort Worth-Arlington, TX MSA",2018-03-09,surf,,2018-07-01,698.0,0.0,12663.11,13.0,0,50,15360,500,20,10,0.03,0.03,surf,198.0,0.0,0.0,5.9399999999999995,0.0,0.0,25.939999999999998
1010,Wilber,Blair,52,"Dallas-Fort Worth-Arlington, TX MSA",2018-03-09,surf,,2018-08-01,637.0,0.0,19811.84,20.0,0,50,15360,500,20,10,0.03,0.03,surf,137.0,0.0,5.0,4.109999999999999,0.0,50.0,74.11
1010,Wilber,Blair,52,"Dallas-Fort Worth-Arlington, TX MSA",2018-03-09,surf,,2018-09-01,601.0,0.0,16813.73,17.0,0,50,15360,500,20,10,0.03,0.03,surf,101.0,0.0,2.0,3.03,0.0,20.0,43.03
1010,Wilber,Blair,52,"Dallas-Fort Worth-Arlington, TX MSA",2018-03-09,surf,,2018-10-01,711.0,0.0,16937.78,17.0,0,50,15360,500,20,10,0.03,0.03,surf,211.0,0.0,2.0,6.33,0.0,20.0,46.33
1010,Wilber,Blair,52,"Dallas-Fort Worth-Arlington, TX MSA",2018-03-09,surf,,2018-11-01,258.0,0.0,7985.59,8.0,0,50,15360,500,20,10,0.03,0.03,surf,0.0,0.0,0.0,0.0,0.0,0.0,20.0
1011,Halina,Henry,73,"Cleveland-Elyria, OH MSA",2018-01-18,ultimate,,2018-06-01,118.0,21.0,6685.11,7.0,1,1000,30720,3000,70,7,0.01,0.01,ultimate,0.0,0.0,0.0,0.0,0.0,0.0,70.0
1011,Halina,Henry,73,"Cleveland-Elyria, OH MSA",2018-01-18,ultimate,,2018-07-01,499.0,53.0,21046.41,21.0,1,1000,30720,3000,70,7,0.01,0.01,ultimate,0.0,0.0,0.0,0.0,0.0,0.0,70.0
1011,Halina,Henry,73,"Cleveland-Elyria, OH MSA",2018-01-18,ultimate,,2018-08-01,486.0,54.0,21099.37,21.0,1,1000,30720,3000,70,7,0.01,0.01,ultimate,0.0,0.0,0.0,0.0,0.0,0.0,70.0
1011,Halina,Henry,73,"Cleveland-Elyria, OH MSA",2018-01-18,ultimate,,2018-09-01,484.0,60.0,16638.46,17.0,1,1000,30720,3000,70,7,0.01,0.01,ultimate,0.0,0.0,0.0,0.0,0.0,0.0,70.0
1011,Halina,Henry,73,"Cleveland-Elyria, OH MSA",2018-01-18,ultimate,,2018-10-01,504.0,64.0,24575.65,24.0,1,1000,30720,3000,70,7,0.01,0.01,ultimate,0.0,0.0,0.0,0.0,0.0,0.0,70.0
1011,Halina,Henry,73,"Cleveland-Elyria, OH MSA",2018-01-18,ultimate,,2018-11-01,505.0,58.0,22102.97,22.0,1,1000,30720,3000,70,7,0.01,0.01,ultimate,0.0,0.0,0.0,0.0,0.0,0.0,70.0
1011,Halina,Henry,73,"Cleveland-Elyria, OH MSA",2018-01-18,ultimate,,2018-12-01,311.0,61.0,19630.63,20.0,1,1000,30720,3000,70,7,0.01,0.01,ultimate,0.0,0.0,0.0,0.0,0.0,0.0,70.0
1012,Jonelle,Mcbride,59,"Chicago-Naperville-Elgin, IL-IN-WI MSA",2018-06-28,surf,2018-11-16,2018-11-01,22.0,0.0,6758.49,7.0,0,50,15360,500,20,10,0.03,0.03,surf,0.0,0.0,0.0,0.0,0.0,0.0,20.0
1013,Nicolas,Snider,50,"Knoxville, TN MSA",2018-12-01,ultimate,,2018-12-01,219.0,16.0,20113.92,20.0,1,1000,30720,3000,70,7,0.01,0.01,ultimate,0.0,0.0,0.0,0.0,0.0,0.0,70.0
1014,Edmundo,Simon,61,"New York-Newark-Jersey City, NY-NJ-PA MSA",2018-11-25,surf,,2018-11-01,163.0,9.0,1175.59,2.0,0,50,15360,500,20,10,0.03,0.03,surf,0.0,0.0,0.0,0.0,0.0,0.0,20.0
1014,Edmundo,Simon,61,"New York-Newark-Jersey City, NY-NJ-PA MSA",2018-11-25,surf,,2018-12-01,1114.0,64.0,7792.41,8.0,0,50,15360,500,20,10,0.03,0.03,surf,614.0,14.0,0.0,18.419999999999998,0.42,0.0,38.84
1015,Beata,Carpenter,26,"Pittsburgh, PA MSA",2018-12-05,surf,,2018-12-01,96.0,68.0,17495.12,18.0,0,50,15360,500,20,10,0.03,0.03,surf,0.0,18.0,3.0,0.0,0.54,30.0,50.54
1016,Jann,Salinas,30,"Fresno, CA MSA",2018-10-25,surf,,2018-10-01,173.0,11.0,3669.91,4.0,0,50,15360,500,20,10,0.03,0.03,surf,0.0,0.0,0.0,0.0,0.0,0.0,20.0
1016,Jann,Salinas,30,"Fresno, CA MSA",2018-10-25,surf,,2018-11-01,649.0,46.0,27501.33,27.0,0,50,15360,500,20,10,0.03,0.03,surf,149.0,0.0,12.0,4.47,0.0,120.0,144.47
1016,Jann,Salinas,30,"Fresno, CA MSA",2018-10-25,surf,,2018-12-01,837.0,38.0,28188.010000000002,28.0,0,50,15360,500,20,10,0.03,0.03,surf,337.0,0.0,13.0,10.11,0.0,130.0,160.11
1017,Boris,Gates,61,"Washington-Arlington-Alexandria, DC-VA-MD-WV MSA",2018-08-26,surf,,2018-08-01,59.0,5.0,2128.5299999999997,3.0,0,50,15360,500,20,10,0.03,0.03,surf,0.0,0.0,0.0,0.0,0.0,0.0,20.0
1017,Boris,Gates,61,"Washington-Arlington-Alexandria, DC-VA-MD-WV MSA",2018-08-26,surf,,2018-09-01,362.0,41.0,24478.920000000002,24.0,0,50,15360,500,20,10,0.03,0.03,surf,0.0,0.0,9.0,0.0,0.0,90.0,110.0
1017,Boris,Gates,61,"Washington-Arlington-Alexandria, DC-VA-MD-WV MSA",2018-08-26,surf,,2018-10-01,400.0,35.0,28478.25,28.0,0,50,15360,500,20,10,0.03,0.03,surf,0.0,0.0,13.0,0.0,0.0,130.0,150.0
1017,Boris,Gates,61,"Washington-Arlington-Alexandria, DC-VA-MD-WV MSA",2018-08-26,surf,,2018-11-01,384.0,29.0,19093.04,19.0,0,50,15360,500,20,10,0.03,0.03,surf,0.0,0.0,4.0,0.0,0.0,40.0,60.0
1017,Boris,Gates,61,"Washington-Arlington-Alexandria, DC-VA-MD-WV MSA",2018-08-26,surf,,2018-12-01,476.0,42.0,21136.58,21.0,0,50,15360,500,20,10,0.03,0.03,surf,0.0,0.0,6.0,0.0,0.0,60.0,80.0
1018,Dennis,Grimes,70,"Indianapolis-Carmel-Anderson, IN MSA",2018-10-17,surf,,2018-10-01,184.0,3.0,8722.35,9.0,0,50,15360,500,20,10,0.03,0.03,surf,0.0,0.0,0.0,0.0,0.0,0.0,20.0
1018,Dennis,Grimes,70,"Indianapolis-Carmel-Anderson, IN MSA",2018-10-17,surf,,2018-11-01,636.0,5.0,15266.53,15.0,0,50,15360,500,20,10,0.03,0.03,surf,136.0,0.0,0.0,4.08,0.0,0.0,24.08
1018,Dennis,Grimes,70,"Indianapolis-Carmel-Anderson, IN MSA",2018-10-17,surf,,2018-12-01,476.0,8.0,17390.55,17.0,0,50,15360,500,20,10,0.03,0.03,surf,0.0,0.0,2.0,0.0,0.0,20.0,40.0
1019,Shizue,Landry,34,"Jacksonville, FL MSA",2018-01-16,surf,,2018-11-01,44.0,24.0,3012.91,3.0,0,50,15360,500,20,10,0.03,0.03,surf,0.0,0.0,0.0,0.0,0.0,0.0,20.0
1019,Shizue,Landry,34,"Jacksonville, FL MSA",2018-01-16,surf,,2018-12-01,467.0,128.0,28127.77,28.0,0,50,15360,500,20,10,0.03,0.03,surf,0.0,78.0,13.0,0.0,2.34,130.0,152.34
1020,Rutha,Bell,56,"Dallas-Fort Worth-Arlington, TX MSA",2018-11-08,surf,,2018-11-01,430.0,1.0,12000.34,12.0,0,50,15360,500,20,10,0.03,0.03,surf,0.0,0.0,0.0,0.0,0.0,0.0,20.0
1020,Rutha,Bell,56,"Dallas-Fort Worth-Arlington, TX MSA",2018-11-08,surf,,2018-12-01,500.0,3.0,19749.08,20.0,0,50,15360,500,20,10,0.03,0.03,surf,0.0,0.0,5.0,0.0,0.0,50.0,70.0
1021,Ricarda,Booker,37,"Los Angeles-Long Beach-Anaheim, CA MSA",2018-12-21,surf,,2018-12-01,401.0,0.0,6084.63,6.0,0,50,15360,500,20,10,0.03,0.03,surf,0.0,0.0,0.0,0.0,0.0,0.0,20.0
1022,Bo,Snow,73,"New York-Newark-Jersey City, NY-NJ-PA MSA",2018-04-20,surf,2018-09-07,2018-05-01,302.0,0.0,4908.08,5.0,0,50,15360,500,20,10,0.03,0.03,surf,0.0,0.0,0.0,0.0,0.0,0.0,20.0
1022,Bo,Snow,73,"New York-Newark-Jersey City, NY-NJ-PA MSA",2018-04-20,surf,2018-09-07,2018-06-01,490.0,0.0,23436.48,23.0,0,50,15360,500,20,10,0.03,0.03,surf,0.0,0.0,8.0,0.0,0.0,80.0,100.0
1022,Bo,Snow,73,"New York-Newark-Jersey City, NY-NJ-PA MSA",2018-04-20,surf,2018-09-07,2018-07-01,475.0,0.0,9933.15,10.0,0,50,15360,500,20,10,0.03,0.03,surf,0.0,0.0,0.0,0.0,0.0,0.0,20.0
1022,Bo,Snow,73,"New York-Newark-Jersey City, NY-NJ-PA MSA",2018-04-20,surf,2018-09-07,2018-08-01,631.0,0.0,21325.33,21.0,0,50,15360,500,20,10,0.03,0.03,surf,131.0,0.0,6.0,3.9299999999999997,0.0,60.0,83.93
1022,Bo,Snow,73,"New York-Newark-Jersey City, NY-NJ-PA MSA",2018-04-20,surf,2018-09-07,2018-09-01,145.0,0.0,6161.89,7.0,0,50,15360,500,20,10,0.03,0.03,surf,0.0,0.0,0.0,0.0,0.0,0.0,20.0
1023,Jack,Delaney,70,"Omaha-Council Bluffs, NE-IA MSA",2018-07-06,surf,,2018-07-01,43.0,5.0,9096.97,9.0,0,50,15360,500,20,10,0.03,0.03,surf,0.0,0.0,0.0,0.0,0.0,0.0,20.0
1023,Jack,Delaney,70,"Omaha-Council Bluffs, NE-IA MSA",2018-07-06,surf,,2018-08-01,72.0,6.0,9991.79,10.0,0,50,15360,500,20,10,0.03,0.03,surf,0.0,0.0,0.0,0.0,0.0,0.0,20.0
1024,Yuki,Tyson,74,"New York-Newark-Jersey City, NY-NJ-PA MSA",2018-08-21,surf,,2018-12-01,564.0,0.0,10807.37,11.0,0,50,15360,500,20,10,0.03,0.03,surf,64.0,0.0,0.0,1.92,0.0,0.0,21.92
1025,Jess,Wilkinson,64,"Atlanta-Sandy Springs-Roswell, GA MSA",2018-10-28,ultimate,,,0.0,0.0,0.0,0.0,1,1000,30720,3000,70,7,0.01,0.01,ultimate,0.0,0.0,0.0,0.0,0.0,0.0,70.0
1026,Meggan,Hamilton,49,"Houston-The Woodlands-Sugar Land, TX MSA",2018-07-20,ultimate,,2018-07-01,163.0,9.0,4822.35,5.0,1,1000,30720,3000,70,7,0.01,0.01,ultimate,0.0,0.0,0.0,0.0,0.0,0.0,70.0
1026,Meggan,Hamilton,49,"Houston-The Woodlands-Sugar Land, TX MSA",2018-07-20,ultimate,,2018-08-01,194.0,13.0,8402.11,9.0,1,1000,30720,3000,70,7,0.01,0.01,ultimate,0.0,0.0,0.0,0.0,0.0,0.0,70.0
1027,Georgeanna,Cardenas,38,"New York-Newark-Jersey City, NY-NJ-PA MSA",2018-06-26,surf,,2018-07-01,347.0,18.0,11516.06,12.0,0,50,15360,500,20,10,0.03,0.03,surf,0.0,0.0,0.0,0.0,0.0,0.0,20.0
1027,Georgeanna,Cardenas,38,"New York-Newark-Jersey City, NY-NJ-PA MSA",2018-06-26,surf,,2018-08-01,361.0,13.0,20351.1,20.0,0,50,15360,500,20,10,0.03,0.03,surf,0.0,0.0,5.0,0.0,0.0,50.0,70.0
1027,Georgeanna,Cardenas,38,"New York-Newark-Jersey City, NY-NJ-PA MSA",2018-06-26,surf,,2018-09-01,325.0,12.0,17075.76,17.0,0,50,15360,500,20,10,0.03,0.03,surf,0.0,0.0,2.0,0.0,0.0,20.0,40.0
1027,Georgeanna,Cardenas,38,"New York-Newark-Jersey City, NY-NJ-PA MSA",2018-06-26,surf,,2018-10-01,417.0,12.0,12901.15,13.0,0,50,15360,500,20,10,0.03,0.03,surf,0.0,0.0,0.0,0.0,0.0,0.0,20.0
1027,Georgeanna,Cardenas,38,"New York-Newark-Jersey City, NY-NJ-PA MSA",2018-06-26,surf,,2018-11-01,400.0,10.0,15839.84,16.0,0,50,15360,500,20,10,0.03,0.03,surf,0.0,0.0,1.0,0.0,0.0,10.0,30.0
1027,Georgeanna,Cardenas,38,"New York-Newark-Jersey City, NY-NJ-PA MSA",2018-06-26,surf,,2018-12-01,293.0,13.0,14411.53,15.0,0,50,15360,500,20,10,0.03,0.03,surf,0.0,0.0,0.0,0.0,0.0,0.0,20.0
1028,Jefferey,Rasmussen,57,"Philadelphia-Camden-Wilmington, PA-NJ-DE-MD MSA",2018-02-21,ultimate,,2018-03-01,39.0,66.0,36061.04,36.0,1,1000,30720,3000,70,7,0.01,0.01,ultimate,0.0,0.0,6.0,0.0,0.0,42.0,112.0
1028,Jefferey,Rasmussen,57,"Philadelphia-Camden-Wilmington, PA-NJ-DE-MD MSA",2018-02-21,ultimate,,2018-04-01,53.0,77.0,37761.59,37.0,1,1000,30720,3000,70,7,0.01,0.01,ultimate,0.0,0.0,7.0,0.0,0.0,49.0,119.0
1028,Jefferey,Rasmussen,57,"Philadelphia-Camden-Wilmington, PA-NJ-DE-MD MSA",2018-02-21,ultimate,,2018-05-01,67.0,84.0,32907.83,33.0,1,1000,30720,3000,70,7,0.01,0.01,ultimate,0.0,0.0,3.0,0.0,0.0,21.0,91.0
1028,Jefferey,Rasmussen,57,"Philadelphia-Camden-Wilmington, PA-NJ-DE-MD MSA",2018-02-21,ultimate,,2018-06-01,49.0,66.0,37907.14,38.0,1,1000,30720,3000,70,7,0.01,0.01,ultimate,0.0,0.0,8.0,0.0,0.0,56.0,126.0
1028,Jefferey,Rasmussen,57,"Philadelphia-Camden-Wilmington, PA-NJ-DE-MD MSA",2018-02-21,ultimate,,2018-07-01,53.0,85.0,38826.7,38.0,1,1000,30720,3000,70,7,0.01,0.01,ultimate,0.0,0.0,8.0,0.0,0.0,56.0,126.0
1028,Jefferey,Rasmussen,57,"Philadelphia-Camden-Wilmington, PA-NJ-DE-MD MSA",2018-02-21,ultimate,,2018-08-01,76.0,74.0,40388.21,40.0,1,1000,30720,3000,70,7,0.01,0.01,ultimate,0.0,0.0,10.0,0.0,0.0,70.0,140.0
1028,Jefferey,Rasmussen,57,"Philadelphia-Camden-Wilmington, PA-NJ-DE-MD MSA",2018-02-21,ultimate,,2018-09-01,37.0,68.0,26563.75,26.0,1,1000,30720,3000,70,7,0.01,0.01,ultimate,0.0,0.0,0.0,0.0,0.0,0.0,70.0
1028,Jefferey,Rasmussen,57,"Philadelphia-Camden-Wilmington, PA-NJ-DE-MD MSA",2018-02-21,ultimate,,2018-10-01,39.0,73.0,46595.33,46.0,1,1000,30720,3000,70,7,0.01,0.01,ultimate,0.0,0.0,16.0,0.0,0.0,112.0,182.0
1028,Jefferey,Rasmussen,57,"Philadelphia-Camden-Wilmington, PA-NJ-DE-MD MSA",2018-02-21,ultimate,,2018-11-01,69.0,77.0,42952.59,42.0,1,1000,30720,3000,70,7,0.01,0.01,ultimate,0.0,0.0,12.0,0.0,0.0,84.0,154.0
1028,Jefferey,Rasmussen,57,"Philadelphia-Camden-Wilmington, PA-NJ-DE-MD MSA",2018-02-21,ultimate,,2018-12-01,43.0,74.0,37603.26,37.0,1,1000,30720,3000,70,7,0.01,0.01,ultimate,0.0,0.0,7.0,0.0,0.0,49.0,119.0
1029,Franklyn,Henson,59,"Tampa-St. Petersburg-Clearwater, FL MSA",2018-01-05,surf,,2018-08-01,43.0,2.0,618.95,1.0,0,50,15360,500,20,10,0.03,0.03,surf,0.0,0.0,0.0,0.0,0.0,0.0,20.0
1029,Franklyn,Henson,59,"Tampa-St. Petersburg-Clearwater, FL MSA",2018-01-05,surf,,2018-09-01,763.0,9.0,13719.06,14.0,0,50,15360,500,20,10,0.03,0.03,surf,263.0,0.0,0.0,7.89,0.0,0.0,27.89
1029,Franklyn,Henson,59,"Tampa-St. Petersburg-Clearwater, FL MSA",2018-01-05,surf,,2018-10-01,692.0,12.0,17605.99,18.0,0,50,15360,500,20,10,0.03,0.03,surf,192.0,0.0,3.0,5.76,0.0,30.0,55.76
1029,Franklyn,Henson,59,"Tampa-St. Petersburg-Clearwater, FL MSA",2018-01-05,surf,,2018-11-01,638.0,16.0,14210.22,14.0,0,50,15360,500,20,10,0.03,0.03,surf,138.0,0.0,0.0,4.14,0.0,0.0,24.14
1029,Franklyn,Henson,59,"Tampa-St. Petersburg-Clearwater, FL MSA",2018-01-05,surf,,2018-12-01,632.0,11.0,21046.14,21.0,0,50,15360,500,20,10,0.03,0.03,surf,132.0,0.0,6.0,3.96,0.0,60.0,83.96000000000001
1030,Chase,Kane,30,"Chicago-Naperville-Elgin, IL-IN-WI MSA",2018-02-14,ultimate,,2018-10-01,469.0,9.0,11302.29,12.0,1,1000,30720,3000,70,7,0.01,0.01,ultimate,0.0,0.0,0.0,0.0,0.0,0.0,70.0
1030,Chase,Kane,30,"Chicago-Naperville-Elgin, IL-IN-WI MSA",2018-02-14,ultimate,,2018-11-01,472.0,11.0,16646.68,17.0,1,1000,30720,3000,70,7,0.01,0.01,ultimate,0.0,0.0,0.0,0.0,0.0,0.0,70.0
1030,Chase,Kane,30,"Chicago-Naperville-Elgin, IL-IN-WI MSA",2018-02-14,ultimate,,2018-12-01,417.0,10.0,15567.17,16.0,1,1000,30720,3000,70,7,0.01,0.01,ultimate,0.0,0.0,0.0,0.0,0.0,0.0,70.0
1031,Lane,Martin,52,"New York-Newark-Jersey City, NY-NJ-PA MSA",2018-07-15,ultimate,,2018-07-01,304.0,1.0,10653.04,11.0,1,1000,30720,3000,70,7,0.01,0.01,ultimate,0.0,0.0,0.0,0.0,0.0,0.0,70.0
1031,Lane,Martin,52,"New York-Newark-Jersey City, NY-NJ-PA MSA",2018-07-15,ultimate,,2018-08-01,483.0,2.0,21615.94,22.0,1,1000,30720,3000,70,7,0.01,0.01,ultimate,0.0,0.0,0.0,0.0,0.0,0.0,70.0
1031,Lane,Martin,52,"New York-Newark-Jersey City, NY-NJ-PA MSA",2018-07-15,ultimate,,2018-09-01,515.0,3.0,13005.92,13.0,1,1000,30720,3000,70,7,0.01,0.01,ultimate,0.0,0.0,0.0,0.0,0.0,0.0,70.0
1031,Lane,Martin,52,"New York-Newark-Jersey City, NY-NJ-PA MSA",2018-07-15,ultimate,,2018-10-01,563.0,2.0,18775.73,19.0,1,1000,30720,3000,70,7,0.01,0.01,ultimate,0.0,0.0,0.0,0.0,0.0,0.0,70.0
1031,Lane,Martin,52,"New York-Newark-Jersey City, NY-NJ-PA MSA",2018-07-15,ultimate,,2018-11-01,611.0,1.0,16198.94,16.0,1,1000,30720,3000,70,7,0.01,0.01,ultimate,0.0,0.0,0.0,0.0,0.0,0.0,70.0
1031,Lane,Martin,52,"New York-Newark-Jersey City, NY-NJ-PA MSA",2018-07-15,ultimate,,2018-12-01,471.0,5.0,12622.11,13.0,1,1000,30720,3000,70,7,0.01,0.01,ultimate,0.0,0.0,0.0,0.0,0.0,0.0,70.0
1032,Delila,Dalton,59,"Birmingham-Hoover, AL MSA",2018-06-07,ultimate,,2018-11-01,311.0,22.0,14469.16,15.0,1,1000,30720,3000,70,7,0.01,0.01,ultimate,0.0,0.0,0.0,0.0,0.0,0.0,70.0
1032,Delila,Dalton,59,"Birmingham-Hoover, AL MSA",2018-06-07,ultimate,,2018-12-01,761.0,20.0,14290.59,14.0,1,1000,30720,3000,70,7,0.01,0.01,ultimate,0.0,0.0,0.0,0.0,0.0,0.0,70.0
1033,Latoyia,Moran,28,"Oklahoma City, OK MSA",2018-05-30,ultimate,,2018-09-01,167.0,5.0,5349.94,6.0,1,1000,30720,3000,70,7,0.01,0.01,ultimate,0.0,0.0,0.0,0.0,0.0,0.0,70.0
1033,Latoyia,Moran,28,"Oklahoma City, OK MSA",2018-05-30,ultimate,,2018-10-01,858.0,34.0,28522.22,28.0,1,1000,30720,3000,70,7,0.01,0.01,ultimate,0.0,0.0,0.0,0.0,0.0,0.0,70.0
1033,Latoyia,Moran,28,"Oklahoma City, OK MSA",2018-05-30,ultimate,,2018-11-01,926.0,37.0,27039.350000000002,27.0,1,1000,30720,3000,70,7,0.01,0.01,ultimate,0.0,0.0,0.0,0.0,0.0,0.0,70.0
1033,Latoyia,Moran,28,"Oklahoma City, OK MSA",2018-05-30,ultimate,,2018-12-01,596.0,32.0,21003.9,21.0,1,1000,30720,3000,70,7,0.01,0.01,ultimate,0.0,0.0,0.0,0.0,0.0,0.0,70.0
1034,Jc,Gentry,22,"New York-Newark-Jersey City, NY-NJ-PA MSA",2018-08-13,surf,,2018-08-01,7.0,4.0,997.42,1.0,0,50,15360,500,20,10,0.03,0.03,surf,0.0,0.0,0.0,0.0,0.0,0.0,20.0
1035,Jeff,Cummings,67,"Charlotte-Concord-Gastonia, NC-SC MSA",2018-12-08,surf,,2018-12-01,627.0,66.0,15500.04,16.0,0,50,15360,500,20,10,0.03,0.03,surf,127.0,16.0,1.0,3.81,0.48,10.0,34.29
1036,Myron,Hodge,70,"Denver-Aurora-Lakewood, CO MSA",2018-05-09,ultimate,,2018-06-01,161.0,19.0,1449.37,2.0,1,1000,30720,3000,70,7,0.01,0.01,ultimate,0.0,0.0,0.0,0.0,0.0,0.0,70.0
1036,Myron,Hodge,70,"Denver-Aurora-Lakewood, CO MSA",2018-05-09,ultimate,,2018-07-01,537.0,63.0,12116.67,12.0,1,1000,30720,3000,70,7,0.01,0.01,ultimate,0.0,0.0,0.0,0.0,0.0,0.0,70.0
1036,Myron,Hodge,70,"Denver-Aurora-Lakewood, CO MSA",2018-05-09,ultimate,,2018-08-01,512.0,77.0,19505.93,20.0,1,1000,30720,3000,70,7,0.01,0.01,ultimate,0.0,0.0,0.0,0.0,0.0,0.0,70.0
1036,Myron,Hodge,70,"Denver-Aurora-Lakewood, CO MSA",2018-05-09,ultimate,,2018-09-01,299.0,83.0,14974.61,15.0,1,1000,30720,3000,70,7,0.01,0.01,ultimate,0.0,0.0,0.0,0.0,0.0,0.0,70.0
1036,Myron,Hodge,70,"Denver-Aurora-Lakewood, CO MSA",2018-05-09,ultimate,,2018-10-01,421.0,75.0,11220.67,11.0,1,1000,30720,3000,70,7,0.01,0.01,ultimate,0.0,0.0,0.0,0.0,0.0,0.0,70.0
1036,Myron,Hodge,70,"Denver-Aurora-Lakewood, CO MSA",2018-05-09,ultimate,,2018-11-01,517.0,76.0,10044.92,10.0,1,1000,30720,3000,70,7,0.01,0.01,ultimate,0.0,0.0,0.0,0.0,0.0,0.0,70.0
1036,Myron,Hodge,70,"Denver-Aurora-Lakewood, CO MSA",2018-05-09,ultimate,,2018-12-01,368.0,45.0,8787.79,9.0,1,1000,30720,3000,70,7,0.01,0.01,ultimate,0.0,0.0,0.0,0.0,0.0,0.0,70.0
1037,Reena,Velazquez,20,"Seattle-Tacoma-Bellevue, WA MSA",2018-08-11,ultimate,,2018-12-01,463.0,44.0,14370.44,15.0,1,1000,30720,3000,70,7,0.01,0.01,ultimate,0.0,0.0,0.0,0.0,0.0,0.0,70.0
1038,Olympia,Velazquez,32,"Nashville-Davidson–Murfreesboro–Franklin, TN MSA",2018-06-25,ultimate,,2018-10-01,181.0,36.0,22299.5,22.0,1,1000,30720,3000,70,7,0.01,0.01,ultimate,0.0,0.0,0.0,0.0,0.0,0.0,70.0
1038,Olympia,Velazquez,32,"Nashville-Davidson–Murfreesboro–Franklin, TN MSA",2018-06-25,ultimate,,2018-11-01,414.0,106.0,37946.04,38.0,1,1000,30720,3000,70,7,0.01,0.01,ultimate,0.0,0.0,8.0,0.0,0.0,56.0,126.0
1038,Olympia,Velazquez,32,"Nashville-Davidson–Murfreesboro–Franklin, TN MSA",2018-06-25,ultimate,,2018-12-01,475.0,113.0,45020.31,44.0,1,1000,30720,3000,70,7,0.01,0.01,ultimate,0.0,0.0,14.0,0.0,0.0,98.0,168.0
1039,Flo,Hicks,56,"Columbus, OH MSA",2018-05-30,ultimate,,2018-06-01,323.0,4.0,6010.62,6.0,1,1000,30720,3000,70,7,0.01,0.01,ultimate,0.0,0.0,0.0,0.0,0.0,0.0,70.0
1039,Flo,Hicks,56,"Columbus, OH MSA",2018-05-30,ultimate,,2018-07-01,460.0,30.0,20939.15,21.0,1,1000,30720,3000,70,7,0.01,0.01,ultimate,0.0,0.0,0.0,0.0,0.0,0.0,70.0
1039,Flo,Hicks,56,"Columbus, OH MSA",2018-05-30,ultimate,,2018-08-01,417.0,23.0,22398.41,22.0,1,1000,30720,3000,70,7,0.01,0.01,ultimate,0.0,0.0,0.0,0.0,0.0,0.0,70.0
1039,Flo,Hicks,56,"Columbus, OH MSA",2018-05-30,ultimate,,2018-09-01,500.0,25.0,18558.81,19.0,1,1000,30720,3000,70,7,0.01,0.01,ultimate,0.0,0.0,0.0,0.0,0.0,0.0,70.0
1039,Flo,Hicks,56,"Columbus, OH MSA",2018-05-30,ultimate,,2018-10-01,457.0,23.0,13511.26,14.0,1,1000,30720,3000,70,7,0.01,0.01,ultimate,0.0,0.0,0.0,0.0,0.0,0.0,70.0
1039,Flo,Hicks,56,"Columbus, OH MSA",2018-05-30,ultimate,,2018-11-01,491.0,17.0,26185.96,26.0,1,1000,30720,3000,70,7,0.01,0.01,ultimate,0.0,0.0,0.0,0.0,0.0,0.0,70.0
1039,Flo,Hicks,56,"Columbus, OH MSA",2018-05-30,ultimate,,2018-12-01,566.0,25.0,20219.18,20.0,1,1000,30720,3000,70,7,0.01,0.01,ultimate,0.0,0.0,0.0,0.0,0.0,0.0,70.0
1040,Paris,Santos,72,"Philadelphia-Camden-Wilmington, PA-NJ-DE-MD MSA",2018-12-23,surf,2018-12-30,2018-12-01,238.0,0.0,14207.66,14.0,0,50,15360,500,20,10,0.03,0.03,surf,0.0,0.0,0.0,0.0,0.0,0.0,20.0
1041,Drucilla,Lynn,58,"Las Vegas-Henderson-Paradise, NV MSA",2018-03-17,ultimate,,2018-03-01,23.0,0.0,1586.3899999999999,2.0,1,1000,30720,3000,70,7,0.01,0.01,ultimate,0.0,0.0,0.0,0.0,0.0,0.0,70.0
1041,Drucilla,Lynn,58,"Las Vegas-Henderson-Paradise, NV MSA",2018-03-17,ultimate,,2018-04-01,453.0,0.0,20601.58,21.0,1,1000,30720,3000,70,7,0.01,0.01,ultimate,0.0,0.0,0.0,0.0,0.0,0.0,70.0
1041,Drucilla,Lynn,58,"Las Vegas-Henderson-Paradise, NV MSA",2018-03-17,ultimate,,2018-05-01,407.0,0.0,18259.46,18.0,1,1000,30720,3000,70,7,0.01,0.01,ultimate,0.0,0.0,0.0,0.0,0.0,0.0,70.0
1041,Drucilla,Lynn,58,"Las Vegas-Henderson-Paradise, NV MSA",2018-03-17,ultimate,,2018-06-01,311.0,0.0,20033.170000000002,20.0,1,1000,30720,3000,70,7,0.01,0.01,ultimate,0.0,0.0,0.0,0.0,0.0,0.0,70.0
1041,Drucilla,Lynn,58,"Las Vegas-Henderson-Paradise, NV MSA",2018-03-17,ultimate,,2018-07-01,533.0,0.0,23400.72,23.0,1,1000,30720,3000,70,7,0.01,0.01,ultimate,0.0,0.0,0.0,0.0,0.0,0.0,70.0
1041,Drucilla,Lynn,58,"Las Vegas-Henderson-Paradise, NV MSA",2018-03-17,ultimate,,2018-08-01,493.0,0.0,24733.29,25.0,1,1000,30720,3000,70,7,0.01,0.01,ultimate,0.0,0.0,0.0,0.0,0.0,0.0,70.0
1041,Drucilla,Lynn,58,"Las Vegas-Henderson-Paradise, NV MSA",2018-03-17,ultimate,,2018-09-01,298.0,0.0,22056.28,22.0,1,1000,30720,3000,70,7,0.01,0.01,ultimate,0.0,0.0,0.0,0.0,0.0,0.0,70.0
1041,Drucilla,Lynn,58,"Las Vegas-Henderson-Paradise, NV MSA",2018-03-17,ultimate,,2018-10-01,449.0,0.0,19097.12,19.0,1,1000,30720,3000,70,7,0.01,0.01,ultimate,0.0,0.0,0.0,0.0,0.0,0.0,70.0
1041,Drucilla,Lynn,58,"Las Vegas-Henderson-Paradise, NV MSA",2018-03-17,ultimate,,2018-11-01,297.0,0.0,24967.66,25.0,1,1000,30720,3000,70,7,0.01,0.01,ultimate,0.0,0.0,0.0,0.0,0.0,0.0,70.0
1041,Drucilla,Lynn,58,"Las Vegas-Henderson-Paradise, NV MSA",2018-03-17,ultimate,,2018-12-01,418.0,0.0,16863.45,17.0,1,1000,30720,3000,70,7,0.01,0.01,ultimate,0.0,0.0,0.0,0.0,0.0,0.0,70.0
1042,Clementina,Mclaughlin,40,"Philadelphia-Camden-Wilmington, PA-NJ-DE-MD MSA",2018-01-15,surf,,2018-01-01,114.0,0.0,1854.93,2.0,0,50,15360,500,20,10,0.03,0.03,surf,0.0,0.0,0.0,0.0,0.0,0.0,20.0
1042,Clementina,Mclaughlin,40,"Philadelphia-Camden-Wilmington, PA-NJ-DE-MD MSA",2018-01-15,surf,,2018-02-01,254.0,0.0,6801.48,7.0,0,50,15360,500,20,10,0.03,0.03,surf,0.0,0.0,0.0,0.0,0.0,0.0,20.0
1042,Clementina,Mclaughlin,40,"Philadelphia-Camden-Wilmington, PA-NJ-DE-MD MSA",2018-01-15,surf,,2018-03-01,214.0,0.0,7400.58,8.0,0,50,15360,500,20,10,0.03,0.03,surf,0.0,0.0,0.0,0.0,0.0,0.0,20.0
1042,Clementina,Mclaughlin,40,"Philadelphia-Camden-Wilmington, PA-NJ-DE-MD MSA",2018-01-15,surf,,2018-04-01,279.0,0.0,7102.4,7.0,0,50,15360,500,20,10,0.03,0.03,surf,0.0,0.0,0.0,0.0,0.0,0.0,20.0
1042,Clementina,Mclaughlin,40,"Philadelphia-Camden-Wilmington, PA-NJ-DE-MD MSA",2018-01-15,surf,,2018-05-01,489.0,0.0,9061.44,9.0,0,50,15360,500,20,10,0.03,0.03,surf,0.0,0.0,0.0,0.0,0.0,0.0,20.0
1042,Clementina,Mclaughlin,40,"Philadelphia-Camden-Wilmington, PA-NJ-DE-MD MSA",2018-01-15,surf,,2018-06-01,372.0,0.0,9149.53,9.0,0,50,15360,500,20,10,0.03,0.03,surf,0.0,0.0,0.0,0.0,0.0,0.0,20.0
1042,Clementina,Mclaughlin,40,"Philadelphia-Camden-Wilmington, PA-NJ-DE-MD MSA",2018-01-15,surf,,2018-07-01,374.0,0.0,6543.5,7.0,0,50,15360,500,20,10,0.03,0.03,surf,0.0,0.0,0.0,0.0,0.0,0.0,20.0
1042,Clementina,Mclaughlin,40,"Philadelphia-Camden-Wilmington, PA-NJ-DE-MD MSA",2018-01-15,surf,,2018-08-01,358.0,0.0,6493.25,7.0,0,50,15360,500,20,10,0.03,0.03,surf,0.0,0.0,0.0,0.0,0.0,0.0,20.0
1042,Clementina,Mclaughlin,40,"Philadelphia-Camden-Wilmington, PA-NJ-DE-MD MSA",2018-01-15,surf,,2018-09-01,252.0,0.0,13960.01,14.0,0,50,15360,500,20,10,0.03,0.03,surf,0.0,0.0,0.0,0.0,0.0,0.0,20.0
1042,Clementina,Mclaughlin,40,"Philadelphia-Camden-Wilmington, PA-NJ-DE-MD MSA",2018-01-15,surf,,2018-10-01,281.0,0.0,6118.26,6.0,0,50,15360,500,20,10,0.03,0.03,surf,0.0,0.0,0.0,0.0,0.0,0.0,20.0
1042,Clementina,Mclaughlin,40,"Philadelphia-Camden-Wilmington, PA-NJ-DE-MD MSA",2018-01-15,surf,,2018-11-01,300.0,0.0,9287.95,10.0,0,50,15360,500,20,10,0.03,0.03,surf,0.0,0.0,0.0,0.0,0.0,0.0,20.0
1042,Clementina,Mclaughlin,40,"Philadelphia-Camden-Wilmington, PA-NJ-DE-MD MSA",2018-01-15,surf,,2018-12-01,360.0,0.0,6022.1,6.0,0,50,15360,500,20,10,0.03,0.03,surf,0.0,0.0,0.0,0.0,0.0,0.0,20.0
1043,Carlos,Hinton,42,"New York-Newark-Jersey City, NY-NJ-PA MSA",2018-06-20,ultimate,,2018-06-01,79.0,30.0,9891.43,10.0,1,1000,30720,3000,70,7,0.01,0.01,ultimate,0.0,0.0,0.0,0.0,0.0,0.0,70.0
1043,Carlos,Hinton,42,"New York-Newark-Jersey City, NY-NJ-PA MSA",2018-06-20,ultimate,,2018-07-01,321.0,85.0,27989.01,28.0,1,1000,30720,3000,70,7,0.01,0.01,ultimate,0.0,0.0,0.0,0.0,0.0,0.0,70.0
1043,Carlos,Hinton,42,"New York-Newark-Jersey City, NY-NJ-PA MSA",2018-06-20,ultimate,,2018-08-01,116.0,102.0,30372.95,30.0,1,1000,30720,3000,70,7,0.01,0.01,ultimate,0.0,0.0,0.0,0.0,0.0,0.0,70.0
1043,Carlos,Hinton,42,"New York-Newark-Jersey City, NY-NJ-PA MSA",2018-06-20,ultimate,,2018-09-01,200.0,101.0,32619.76,32.0,1,1000,30720,3000,70,7,0.01,0.01,ultimate,0.0,0.0,2.0,0.0,0.0,14.0,84.0
1043,Carlos,Hinton,42,"New York-Newark-Jersey City, NY-NJ-PA MSA",2018-06-20,ultimate,,2018-10-01,188.0,87.0,31327.21,31.0,1,1000,30720,3000,70,7,0.01,0.01,ultimate,0.0,0.0,1.0,0.0,0.0,7.0,77.0
1043,Carlos,Hinton,42,"New York-Newark-Jersey City, NY-NJ-PA MSA",2018-06-20,ultimate,,2018-11-01,185.0,107.0,33572.26,33.0,1,1000,30720,3000,70,7,0.01,0.01,ultimate,0.0,0.0,3.0,0.0,0.0,21.0,91.0
1043,Carlos,Hinton,42,"New York-Newark-Jersey City, NY-NJ-PA MSA",2018-06-20,ultimate,,2018-12-01,228.0,87.0,38464.82,38.0,1,1000,30720,3000,70,7,0.01,0.01,ultimate,0.0,0.0,8.0,0.0,0.0,56.0,126.0
1044,Devora,Galloway,74,"Albuquerque, NM MSA",2018-08-30,surf,,2018-08-01,13.0,0.0,0.0,0.0,0,50,15360,500,20,10,0.03,0.03,surf,0.0,0.0,0.0,0.0,0.0,0.0,20.0
1044,Devora,Galloway,74,"Albuquerque, NM MSA",2018-08-30,surf,,2018-09-01,346.0,47.0,22425.25,22.0,0,50,15360,500,20,10,0.03,0.03,surf,0.0,0.0,7.0,0.0,0.0,70.0,90.0
1044,Devora,Galloway,74,"Albuquerque, NM MSA",2018-08-30,surf,,2018-10-01,172.0,45.0,20635.53,21.0,0,50,15360,500,20,10,0.03,0.03,surf,0.0,0.0,6.0,0.0,0.0,60.0,80.0
1044,Devora,Galloway,74,"Albuquerque, NM MSA",2018-08-30,surf,,2018-11-01,317.0,37.0,24572.15,24.0,0,50,15360,500,20,10,0.03,0.03,surf,0.0,0.0,9.0,0.0,0.0,90.0,110.0
1044,Devora,Galloway,74,"Albuquerque, NM MSA",2018-08-30,surf,,2018-12-01,312.0,31.0,15473.81,16.0,0,50,15360,500,20,10,0.03,0.03,surf,0.0,0.0,1.0,0.0,0.0,10.0,30.0
1045,Barney,Ortega,20,"New York-Newark-Jersey City, NY-NJ-PA MSA",2018-10-15,surf,,2018-10-01,309.0,34.0,9178.75,9.0,0,50,15360,500,20,10,0.03,0.03,surf,0.0,0.0,0.0,0.0,0.0,0.0,20.0
1045,Barney,Ortega,20,"New York-Newark-Jersey City, NY-NJ-PA MSA",2018-10-15,surf,,2018-11-01,567.0,49.0,24871.18,25.0,0,50,15360,500,20,10,0.03,0.03,surf,67.0,0.0,10.0,2.01,0.0,100.0,122.00999999999999
1045,Barney,Ortega,20,"New York-Newark-Jersey City, NY-NJ-PA MSA",2018-10-15,surf,,2018-12-01,623.0,47.0,17012.32,17.0,0,50,15360,500,20,10,0.03,0.03,surf,123.0,0.0,2.0,3.69,0.0,20.0,43.69
1046,Beata,Hooper,67,"Boston-Cambridge-Newton, MA-NH MSA",2018-02-19,surf,,2018-06-01,350.0,20.0,10538.28,11.0,0,50,15360,500,20,10,0.03,0.03,surf,0.0,0.0,0.0,0.0,0.0,0.0,20.0
1046,Beata,Hooper,67,"Boston-Cambridge-Newton, MA-NH MSA",2018-02-19,surf,,2018-07-01,509.0,51.0,22016.18,22.0,0,50,15360,500,20,10,0.03,0.03,surf,9.0,1.0,7.0,0.27,0.03,70.0,90.3
1046,Beata,Hooper,67,"Boston-Cambridge-Newton, MA-NH MSA",2018-02-19,surf,,2018-08-01,507.0,38.0,24950.45,25.0,0,50,15360,500,20,10,0.03,0.03,surf,7.0,0.0,10.0,0.21,0.0,100.0,120.21000000000001
1046,Beata,Hooper,67,"Boston-Cambridge-Newton, MA-NH MSA",2018-02-19,surf,,2018-09-01,522.0,39.0,25161.01,25.0,0,50,15360,500,20,10,0.03,0.03,surf,22.0,0.0,10.0,0.6599999999999999,0.0,100.0,120.66
1046,Beata,Hooper,67,"Boston-Cambridge-Newton, MA-NH MSA",2018-02-19,surf,,2018-10-01,576.0,27.0,25833.19,26.0,0,50,15360,500,20,10,0.03,0.03,surf,76.0,0.0,11.0,2.28,0.0,110.0,132.28
1046,Beata,Hooper,67,"Boston-Cambridge-Newton, MA-NH MSA",2018-02-19,surf,,2018-11-01,421.0,31.0,25165.01,25.0,0,50,15360,500,20,10,0.03,0.03,surf,0.0,0.0,10.0,0.0,0.0,100.0,120.0
1046,Beata,Hooper,67,"Boston-Cambridge-Newton, MA-NH MSA",2018-02-19,surf,,2018-12-01,644.0,32.0,13891.550000000001,14.0,0,50,15360,500,20,10,0.03,0.03,surf,144.0,0.0,0.0,4.32,0.0,0.0,24.32
1047,Yuk,French,22,"Indianapolis-Carmel-Anderson, IN MSA",2018-06-16,ultimate,,2018-12-01,369.0,7.0,17146.8,17.0,1,1000,30720,3000,70,7,0.01,0.01,ultimate,0.0,0.0,0.0,0.0,0.0,0.0,70.0
1048,Linwood,Terrell,42,"Miami-Fort Lauderdale-West Palm Beach, FL MSA",2018-08-24,surf,,2018-08-01,72.0,0.0,2256.76,3.0,0,50,15360,500,20,10,0.03,0.03,surf,0.0,0.0,0.0,0.0,0.0,0.0,20.0
1048,Linwood,Terrell,42,"Miami-Fort Lauderdale-West Palm Beach, FL MSA",2018-08-24,surf,,2018-09-01,260.0,0.0,8806.79,9.0,0,50,15360,500,20,10,0.03,0.03,surf,0.0,0.0,0.0,0.0,0.0,0.0,20.0
1048,Linwood,Terrell,42,"Miami-Fort Lauderdale-West Palm Beach, FL MSA",2018-08-24,surf,,2018-10-01,198.0,0.0,12249.23,12.0,0,50,15360,500,20,10,0.03,0.03,surf,0.0,0.0,0.0,0.0,0.0,0.0,20.0
1048,Linwood,Terrell,42,"Miami-Fort Lauderdale-West Palm Beach, FL MSA",2018-08-24,surf,,2018-11-01,259.0,0.0,10699.55,11.0,0,50,15360,500,20,10,0.03,0.03,surf,0.0,0.0,0.0,0.0,0.0,0.0,20.0
1048,Linwood,Terrell,42,"Miami-Fort Lauderdale-West Palm Beach, FL MSA",2018-08-24,surf,,2018-12-01,163.0,0.0,9290.36,10.0,0,50,15360,500,20,10,0.03,0.03,surf,0.0,0.0,0.0,0.0,0.0,0.0,20.0
1049,Loise,Avery,25,"New York-Newark-Jersey City, NY-NJ-PA MSA",2018-02-21,surf,,2018-04-01,234.0,0.0,5374.0,6.0,0,50,15360,500,20,10,0.03,0.03,surf,0.0,0.0,0.0,0.0,0.0,0.0,20.0
1049,Loise,Avery,25,"New York-Newark-Jersey City, NY-NJ-PA MSA",2018-02-21,surf,,2018-05-01,300.0,0.0,7776.349999999999,8.0,0,50,15360,500,20,10,0.03,0.03,surf,0.0,0.0,0.0,0.0,0.0,0.0,20.0
1049,Loise,Avery,25,"New York-Newark-Jersey City, NY-NJ-PA MSA",2018-02-21,surf,,2018-06-01,341.0,0.0,8427.87,9.0,0,50,15360,500,20,10,0.03,0.03,surf,0.0,0.0,0.0,0.0,0.0,0.0,20.0
1049,Loise,Avery,25,"New York-Newark-Jersey City, NY-NJ-PA MSA",2018-02-21,surf,,2018-07-01,296.0,0.0,8510.51,9.0,0,50,15360,500,20,10,0.03,0.03,surf,0.0,0.0,0.0,0.0,0.0,0.0,20.0
1049,Loise,Avery,25,"New York-Newark-Jersey City, NY-NJ-PA MSA",2018-02-21,surf,,2018-08-01,380.0,0.0,9547.39,10.0,0,50,15360,500,20,10,0.03,0.03,surf,0.0,0.0,0.0,0.0,0.0,0.0,20.0
1049,Loise,Avery,25,"New York-Newark-Jersey City, NY-NJ-PA MSA",2018-02-21,surf,,2018-09-01,356.0,0.0,10160.8,10.0,0,50,15360,500,20,10,0.03,0.03,surf,0.0,0.0,0.0,0.0,0.0,0.0,20.0
1049,Loise,Avery,25,"New York-Newark-Jersey City, NY-NJ-PA MSA",2018-02-21,surf,,2018-10-01,317.0,0.0,6189.06,7.0,0,50,15360,500,20,10,0.03,0.03,surf,0.0,0.0,0.0,0.0,0.0,0.0,20.0
1049,Loise,Avery,25,"New York-Newark-Jersey City, NY-NJ-PA MSA",2018-02-21,surf,,2018-11-01,308.0,0.0,10572.32,11.0,0,50,15360,500,20,10,0.03,0.03,surf,0.0,0.0,0.0,0.0,0.0,0.0,20.0
1049,Loise,Avery,25,"New York-Newark-Jersey City, NY-NJ-PA MSA",2018-02-21,surf,,2018-12-01,303.0,0.0,7472.53,8.0,0,50,15360,500,20,10,0.03,0.03,surf,0.0,0.0,0.0,0.0,0.0,0.0,20.0
1050,Jone,Owen,23,"Miami-Fort Lauderdale-West Palm Beach, FL MSA",2018-03-20,ultimate,2018-10-07,2018-03-01,135.0,0.0,5942.6,6.0,1,1000,30720,3000,70,7,0.01,0.01,ultimate,0.0,0.0,0.0,0.0,0.0,0.0,70.0
1050,Jone,Owen,23,"Miami-Fort Lauderdale-West Palm Beach, FL MSA",2018-03-20,ultimate,2018-10-07,2018-04-01,353.0,0.0,17557.58,18.0,1,1000,30720,3000,70,7,0.01,0.01,ultimate,0.0,0.0,0.0,0.0,0.0,0.0,70.0
1050,Jone,Owen,23,"Miami-Fort Lauderdale-West Palm Beach, FL MSA",2018-03-20,ultimate,2018-10-07,2018-05-01,418.0,0.0,16769.29,17.0,1,1000,30720,3000,70,7,0.01,0.01,ultimate,0.0,0.0,0.0,0.0,0.0,0.0,70.0
1050,Jone,Owen,23,"Miami-Fort Lauderdale-West Palm Beach, FL MSA",2018-03-20,ultimate,2018-10-07,2018-06-01,471.0,0.0,11574.0,12.0,1,1000,30720,3000,70,7,0.01,0.01,ultimate,0.0,0.0,0.0,0.0,0.0,0.0,70.0
1050,Jone,Owen,23,"Miami-Fort Lauderdale-West Palm Beach, FL MSA",2018-03-20,ultimate,2018-10-07,2018-07-01,430.0,0.0,16132.82,16.0,1,1000,30720,3000,70,7,0.01,0.01,ultimate,0.0,0.0,0.0,0.0,0.0,0.0,70.0
1050,Jone,Owen,23,"Miami-Fort Lauderdale-West Palm Beach, FL MSA",2018-03-20,ultimate,2018-10-07,2018-08-01,358.0,0.0,15211.449999999999,15.0,1,1000,30720,3000,70,7,0.01,0.01,ultimate,0.0,0.0,0.0,0.0,0.0,0.0,70.0
1050,Jone,Owen,23,"Miami-Fort Lauderdale-West Palm Beach, FL MSA",2018-03-20,ultimate,2018-10-07,2018-09-01,371.0,0.0,16997.27,17.0,1,1000,30720,3000,70,7,0.01,0.01,ultimate,0.0,0.0,0.0,0.0,0.0,0.0,70.0
1050,Jone,Owen,23,"Miami-Fort Lauderdale-West Palm Beach, FL MSA",2018-03-20,ultimate,2018-10-07,2018-10-01,115.0,0.0,2688.6600000000003,3.0,1,1000,30720,3000,70,7,0.01,0.01,ultimate,0.0,0.0,0.0,0.0,0.0,0.0,70.0
1051,Rosario,Gibbs,55,"San Diego-Chula Vista-Carlsbad, CA MSA",2018-12-11,surf,,2018-12-01,173.0,60.0,10369.73,11.0,0,50,15360,500,20,10,0.03,0.03,surf,0.0,10.0,0.0,0.0,0.3,0.0,20.3
1052,Edmond,Hopkins,47,"Houston-The Woodlands-Sugar Land, TX MSA",2018-03-05,surf,,2018-11-01,207.0,52.0,4650.4,5.0,0,50,15360,500,20,10,0.03,0.03,surf,0.0,2.0,0.0,0.0,0.06,0.0,20.06
1052,Edmond,Hopkins,47,"Houston-The Woodlands-Sugar Land, TX MSA",2018-03-05,surf,,2018-12-01,1200.0,266.0,26633.75,27.0,0,50,15360,500,20,10,0.03,0.03,surf,700.0,216.0,12.0,21.0,6.4799999999999995,120.0,167.48
1053,Piper,Espinoza,27,"New York-Newark-Jersey City, NY-NJ-PA MSA",2018-07-30,surf,,2018-07-01,18.0,0.0,855.57,1.0,0,50,15360,500,20,10,0.03,0.03,surf,0.0,0.0,0.0,0.0,0.0,0.0,20.0
1053,Piper,Espinoza,27,"New York-Newark-Jersey City, NY-NJ-PA MSA",2018-07-30,surf,,2018-08-01,479.0,13.0,21209.15,21.0,0,50,15360,500,20,10,0.03,0.03,surf,0.0,0.0,6.0,0.0,0.0,60.0,80.0
1053,Piper,Espinoza,27,"New York-Newark-Jersey City, NY-NJ-PA MSA",2018-07-30,surf,,2018-09-01,386.0,21.0,22495.99,22.0,0,50,15360,500,20,10,0.03,0.03,surf,0.0,0.0,7.0,0.0,0.0,70.0,90.0
1053,Piper,Espinoza,27,"New York-Newark-Jersey City, NY-NJ-PA MSA",2018-07-30,surf,,2018-10-01,460.0,13.0,16830.64,17.0,0,50,15360,500,20,10,0.03,0.03,surf,0.0,0.0,2.0,0.0,0.0,20.0,40.0
1053,Piper,Espinoza,27,"New York-Newark-Jersey City, NY-NJ-PA MSA",2018-07-30,surf,,2018-11-01,511.0,16.0,20020.42,20.0,0,50,15360,500,20,10,0.03,0.03,surf,11.0,0.0,5.0,0.32999999999999996,0.0,50.0,70.33
1053,Piper,Espinoza,27,"New York-Newark-Jersey City, NY-NJ-PA MSA",2018-07-30,surf,,2018-12-01,311.0,12.0,15720.48,16.0,0,50,15360,500,20,10,0.03,0.03,surf,0.0,0.0,1.0,0.0,0.0,10.0,30.0
1054,Denis,Frost,50,"Phoenix-Mesa-Chandler, AZ MSA",2018-04-21,surf,2018-12-31,2018-04-01,32.0,6.0,8231.44,9.0,0,50,15360,500,20,10,0.03,0.03,surf,0.0,0.0,0.0,0.0,0.0,0.0,20.0
1054,Denis,Frost,50,"Phoenix-Mesa-Chandler, AZ MSA",2018-04-21,surf,2018-12-31,2018-05-01,278.0,27.0,17925.98,18.0,0,50,15360,500,20,10,0.03,0.03,surf,0.0,0.0,3.0,0.0,0.0,30.0,50.0
1054,Denis,Frost,50,"Phoenix-Mesa-Chandler, AZ MSA",2018-04-21,surf,2018-12-31,2018-06-01,211.0,24.0,20824.09,21.0,0,50,15360,500,20,10,0.03,0.03,surf,0.0,0.0,6.0,0.0,0.0,60.0,80.0
1054,Denis,Frost,50,"Phoenix-Mesa-Chandler, AZ MSA",2018-04-21,surf,2018-12-31,2018-07-01,315.0,25.0,16285.92,16.0,0,50,15360,500,20,10,0.03,0.03,surf,0.0,0.0,1.0,0.0,0.0,10.0,30.0
1054,Denis,Frost,50,"Phoenix-Mesa-Chandler, AZ MSA",2018-04-21,surf,2018-12-31,2018-08-01,148.0,28.0,24096.24,24.0,0,50,15360,500,20,10,0.03,0.03,surf,0.0,0.0,9.0,0.0,0.0,90.0,110.0
1054,Denis,Frost,50,"Phoenix-Mesa-Chandler, AZ MSA",2018-04-21,surf,2018-12-31,2018-09-01,326.0,30.0,19633.48,20.0,0,50,15360,500,20,10,0.03,0.03,surf,0.0,0.0,5.0,0.0,0.0,50.0,70.0
1054,Denis,Frost,50,"Phoenix-Mesa-Chandler, AZ MSA",2018-04-21,surf,2018-12-31,2018-10-01,256.0,41.0,21121.260000000002,21.0,0,50,15360,500,20,10,0.03,0.03,surf,0.0,0.0,6.0,0.0,0.0,60.0,80.0
1054,Denis,Frost,50,"Phoenix-Mesa-Chandler, AZ MSA",2018-04-21,surf,2018-12-31,2018-11-01,204.0,28.0,20537.55,21.0,0,50,15360,500,20,10,0.03,0.03,surf,0.0,0.0,6.0,0.0,0.0,60.0,80.0
1054,Denis,Frost,50,"Phoenix-Mesa-Chandler, AZ MSA",2018-04-21,surf,2018-12-31,2018-12-01,461.0,37.0,22992.69,23.0,0,50,15360,500,20,10,0.03,0.03,surf,0.0,0.0,8.0,0.0,0.0,80.0,100.0
1055,Patrick,Mclean,52,"Portland-Vancouver-Hillsboro, OR-WA MSA",2018-01-13,surf,,2018-05-01,162.0,48.0,7534.64,8.0,0,50,15360,500,20,10,0.03,0.03,surf,0.0,0.0,0.0,0.0,0.0,0.0,20.0
1055,Patrick,Mclean,52,"Portland-Vancouver-Hillsboro, OR-WA MSA",2018-01-13,surf,,2018-06-01,221.0,68.0,10709.68,11.0,0,50,15360,500,20,10,0.03,0.03,surf,0.0,18.0,0.0,0.0,0.54,0.0,20.54
1055,Patrick,Mclean,52,"Portland-Vancouver-Hillsboro, OR-WA MSA",2018-01-13,surf,,2018-07-01,274.0,79.0,15625.710000000001,16.0,0,50,15360,500,20,10,0.03,0.03,surf,0.0,29.0,1.0,0.0,0.87,10.0,30.87
1055,Patrick,Mclean,52,"Portland-Vancouver-Hillsboro, OR-WA MSA",2018-01-13,surf,,2018-08-01,257.0,94.0,15189.85,15.0,0,50,15360,500,20,10,0.03,0.03,surf,0.0,44.0,0.0,0.0,1.3199999999999998,0.0,21.32
1055,Patrick,Mclean,52,"Portland-Vancouver-Hillsboro, OR-WA MSA",2018-01-13,surf,,2018-09-01,222.0,74.0,14305.2,14.0,0,50,15360,500,20,10,0.03,0.03,surf,0.0,24.0,0.0,0.0,0.72,0.0,20.72
1055,Patrick,Mclean,52,"Portland-Vancouver-Hillsboro, OR-WA MSA",2018-01-13,surf,,2018-10-01,297.0,72.0,19802.85,20.0,0,50,15360,500,20,10,0.03,0.03,surf,0.0,22.0,5.0,0.0,0.6599999999999999,50.0,70.66
1055,Patrick,Mclean,52,"Portland-Vancouver-Hillsboro, OR-WA MSA",2018-01-13,surf,,2018-11-01,231.0,95.0,14972.39,15.0,0,50,15360,500,20,10,0.03,0.03,surf,0.0,45.0,0.0,0.0,1.3499999999999999,0.0,21.35
1055,Patrick,Mclean,52,"Portland-Vancouver-Hillsboro, OR-WA MSA",2018-01-13,surf,,2018-12-01,253.0,78.0,15445.36,16.0,0,50,15360,500,20,10,0.03,0.03,surf,0.0,28.0,1.0,0.0,0.84,10.0,30.84
1056,Denis,Chandler,33,"Cincinnati, OH-KY-IN MSA",2018-03-01,surf,,2018-07-01,73.0,3.0,3094.72,4.0,0,50,15360,500,20,10,0.03,0.03,surf,0.0,0.0,0.0,0.0,0.0,0.0,20.0
1056,Denis,Chandler,33,"Cincinnati, OH-KY-IN MSA",2018-03-01,surf,,2018-08-01,350.0,37.0,21623.82,22.0,0,50,15360,500,20,10,0.03,0.03,surf,0.0,0.0,7.0,0.0,0.0,70.0,90.0
1056,Denis,Chandler,33,"Cincinnati, OH-KY-IN MSA",2018-03-01,surf,,2018-09-01,395.0,37.0,15961.9,16.0,0,50,15360,500,20,10,0.03,0.03,surf,0.0,0.0,1.0,0.0,0.0,10.0,30.0
1056,Denis,Chandler,33,"Cincinnati, OH-KY-IN MSA",2018-03-01,surf,,2018-10-01,282.0,28.0,19099.83,19.0,0,50,15360,500,20,10,0.03,0.03,surf,0.0,0.0,4.0,0.0,0.0,40.0,60.0
1056,Denis,Chandler,33,"Cincinnati, OH-KY-IN MSA",2018-03-01,surf,,2018-11-01,395.0,39.0,18495.81,19.0,0,50,15360,500,20,10,0.03,0.03,surf,0.0,0.0,4.0,0.0,0.0,40.0,60.0
1056,Denis,Chandler,33,"Cincinnati, OH-KY-IN MSA",2018-03-01,surf,,2018-12-01,455.0,42.0,24974.03,25.0,0,50,15360,500,20,10,0.03,0.03,surf,0.0,0.0,10.0,0.0,0.0,100.0,120.0
1057,Theo,Sargent,18,"Atlanta-Sandy Springs-Roswell, GA MSA",2018-08-07,ultimate,,2018-09-01,162.0,21.0,3818.35,4.0,1,1000,30720,3000,70,7,0.01,0.01,ultimate,0.0,0.0,0.0,0.0,0.0,0.0,70.0
1057,Theo,Sargent,18,"Atlanta-Sandy Springs-Roswell, GA MSA",2018-08-07,ultimate,,2018-10-01,1117.0,131.0,28474.23,28.0,1,1000,30720,3000,70,7,0.01,0.01,ultimate,0.0,0.0,0.0,0.0,0.0,0.0,70.0
1057,Theo,Sargent,18,"Atlanta-Sandy Springs-Roswell, GA MSA",2018-08-07,ultimate,,2018-11-01,1027.0,111.0,35090.02,35.0,1,1000,30720,3000,70,7,0.01,0.01,ultimate,0.0,0.0,5.0,0.0,0.0,35.0,105.0
1057,Theo,Sargent,18,"Atlanta-Sandy Springs-Roswell, GA MSA",2018-08-07,ultimate,,2018-12-01,1173.0,137.0,24450.06,24.0,1,1000,30720,3000,70,7,0.01,0.01,ultimate,0.0,0.0,0.0,0.0,0.0,0.0,70.0
1058,Reinaldo,Colon,59,"Los Angeles-Long Beach-Anaheim, CA MSA",2018-11-06,surf,,2018-11-01,566.0,29.0,7828.96,8.0,0,50,15360,500,20,10,0.03,0.03,surf,66.0,0.0,0.0,1.98,0.0,0.0,21.98
1058,Reinaldo,Colon,59,"Los Angeles-Long Beach-Anaheim, CA MSA",2018-11-06,surf,,2018-12-01,646.0,26.0,9190.19,9.0,0,50,15360,500,20,10,0.03,0.03,surf,146.0,0.0,0.0,4.38,0.0,0.0,24.38
1059,Avril,Richardson,34,"Chicago-Naperville-Elgin, IL-IN-WI MSA",2018-04-22,ultimate,,2018-04-01,217.0,20.0,3672.48,4.0,1,1000,30720,3000,70,7,0.01,0.01,ultimate,0.0,0.0,0.0,0.0,0.0,0.0,70.0
1059,Avril,Richardson,34,"Chicago-Naperville-Elgin, IL-IN-WI MSA",2018-04-22,ultimate,,2018-05-01,863.0,76.0,11783.35,12.0,1,1000,30720,3000,70,7,0.01,0.01,ultimate,0.0,0.0,0.0,0.0,0.0,0.0,70.0
1059,Avril,Richardson,34,"Chicago-Naperville-Elgin, IL-IN-WI MSA",2018-04-22,ultimate,,2018-06-01,750.0,64.0,10894.02,11.0,1,1000,30720,3000,70,7,0.01,0.01,ultimate,0.0,0.0,0.0,0.0,0.0,0.0,70.0
1059,Avril,Richardson,34,"Chicago-Naperville-Elgin, IL-IN-WI MSA",2018-04-22,ultimate,,2018-07-01,712.0,55.0,13367.17,14.0,1,1000,30720,3000,70,7,0.01,0.01,ultimate,0.0,0.0,0.0,0.0,0.0,0.0,70.0
1059,Avril,Richardson,34,"Chicago-Naperville-Elgin, IL-IN-WI MSA",2018-04-22,ultimate,,2018-08-01,818.0,65.0,12895.01,13.0,1,1000,30720,3000,70,7,0.01,0.01,ultimate,0.0,0.0,0.0,0.0,0.0,0.0,70.0
1059,Avril,Richardson,34,"Chicago-Naperville-Elgin, IL-IN-WI MSA",2018-04-22,ultimate,,2018-09-01,806.0,63.0,15036.26,15.0,1,1000,30720,3000,70,7,0.01,0.01,ultimate,0.0,0.0,0.0,0.0,0.0,0.0,70.0
1059,Avril,Richardson,34,"Chicago-Naperville-Elgin, IL-IN-WI MSA",2018-04-22,ultimate,,2018-10-01,715.0,58.0,17544.16,18.0,1,1000,30720,3000,70,7,0.01,0.01,ultimate,0.0,0.0,0.0,0.0,0.0,0.0,70.0
1059,Avril,Richardson,34,"Chicago-Naperville-Elgin, IL-IN-WI MSA",2018-04-22,ultimate,,2018-11-01,734.0,66.0,15430.49,16.0,1,1000,30720,3000,70,7,0.01,0.01,ultimate,0.0,0.0,0.0,0.0,0.0,0.0,70.0
1059,Avril,Richardson,34,"Chicago-Naperville-Elgin, IL-IN-WI MSA",2018-04-22,ultimate,,2018-12-01,734.0,66.0,20197.26,20.0,1,1000,30720,3000,70,7,0.01,0.01,ultimate,0.0,0.0,0.0,0.0,0.0,0.0,70.0
1060,Denisse,Santos,53,"Atlanta-Sandy Springs-Roswell, GA MSA",2018-04-07,surf,,2018-08-01,478.0,38.0,12539.42,13.0,0,50,15360,500,20,10,0.03,0.03,surf,0.0,0.0,0.0,0.0,0.0,0.0,20.0
1060,Denisse,Santos,53,"Atlanta-Sandy Springs-Roswell, GA MSA",2018-04-07,surf,,2018-09-01,658.0,66.0,26256.75,26.0,0,50,15360,500,20,10,0.03,0.03,surf,158.0,16.0,11.0,4.74,0.48,110.0,135.22
1060,Denisse,Santos,53,"Atlanta-Sandy Springs-Roswell, GA MSA",2018-04-07,surf,,2018-10-01,685.0,74.0,24445.77,24.0,0,50,15360,500,20,10,0.03,0.03,surf,185.0,24.0,9.0,5.55,0.72,90.0,116.27
1060,Denisse,Santos,53,"Atlanta-Sandy Springs-Roswell, GA MSA",2018-04-07,surf,,2018-11-01,576.0,69.0,19076.57,19.0,0,50,15360,500,20,10,0.03,0.03,surf,76.0,19.0,4.0,2.28,0.57,40.0,62.85
1060,Denisse,Santos,53,"Atlanta-Sandy Springs-Roswell, GA MSA",2018-04-07,surf,,2018-12-01,794.0,83.0,25061.82,25.0,0,50,15360,500,20,10,0.03,0.03,surf,294.0,33.0,10.0,8.82,0.99,100.0,129.81
1061,Maryam,Valencia,38,"Columbia, SC MSA",2018-03-08,ultimate,,2018-04-01,278.0,17.0,6716.8,7.0,1,1000,30720,3000,70,7,0.01,0.01,ultimate,0.0,0.0,0.0,0.0,0.0,0.0,70.0
1061,Maryam,Valencia,38,"Columbia, SC MSA",2018-03-08,ultimate,,2018-05-01,728.0,61.0,20773.12,21.0,1,1000,30720,3000,70,7,0.01,0.01,ultimate,0.0,0.0,0.0,0.0,0.0,0.0,70.0
1061,Maryam,Valencia,38,"Columbia, SC MSA",2018-03-08,ultimate,,2018-06-01,499.0,49.0,20446.71,20.0,1,1000,30720,3000,70,7,0.01,0.01,ultimate,0.0,0.0,0.0,0.0,0.0,0.0,70.0
1061,Maryam,Valencia,38,"Columbia, SC MSA",2018-03-08,ultimate,,2018-07-01,544.0,58.0,21455.15,21.0,1,1000,30720,3000,70,7,0.01,0.01,ultimate,0.0,0.0,0.0,0.0,0.0,0.0,70.0
1061,Maryam,Valencia,38,"Columbia, SC MSA",2018-03-08,ultimate,,2018-08-01,595.0,71.0,18424.54,18.0,1,1000,30720,3000,70,7,0.01,0.01,ultimate,0.0,0.0,0.0,0.0,0.0,0.0,70.0
1061,Maryam,Valencia,38,"Columbia, SC MSA",2018-03-08,ultimate,,2018-09-01,613.0,63.0,24854.16,25.0,1,1000,30720,3000,70,7,0.01,0.01,ultimate,0.0,0.0,0.0,0.0,0.0,0.0,70.0
1061,Maryam,Valencia,38,"Columbia, SC MSA",2018-03-08,ultimate,,2018-10-01,694.0,54.0,16449.92,17.0,1,1000,30720,3000,70,7,0.01,0.01,ultimate,0.0,0.0,0.0,0.0,0.0,0.0,70.0
1061,Maryam,Valencia,38,"Columbia, SC MSA",2018-03-08,ultimate,,2018-11-01,446.0,56.0,18752.52,19.0,1,1000,30720,3000,70,7,0.01,0.01,ultimate,0.0,0.0,0.0,0.0,0.0,0.0,70.0
1061,Maryam,Valencia,38,"Columbia, SC MSA",2018-03-08,ultimate,,2018-12-01,531.0,93.0,23815.85,24.0,1,1000,30720,3000,70,7,0.01,0.01,ultimate,0.0,0.0,0.0,0.0,0.0,0.0,70.0
1062,Kristeen,Head,41,"San Antonio-New Braunfels, TX MSA",2018-02-06,ultimate,,2018-03-01,85.0,0.0,8604.210000000001,9.0,1,1000,30720,3000,70,7,0.01,0.01,ultimate,0.0,0.0,0.0,0.0,0.0,0.0,70.0
1062,Kristeen,Head,41,"San Antonio-New Braunfels, TX MSA",2018-02-06,ultimate,,2018-04-01,301.0,5.0,14580.19,15.0,1,1000,30720,3000,70,7,0.01,0.01,ultimate,0.0,0.0,0.0,0.0,0.0,0.0,70.0
1062,Kristeen,Head,41,"San Antonio-New Braunfels, TX MSA",2018-02-06,ultimate,,2018-05-01,355.0,13.0,15627.57,16.0,1,1000,30720,3000,70,7,0.01,0.01,ultimate,0.0,0.0,0.0,0.0,0.0,0.0,70.0
1062,Kristeen,Head,41,"San Antonio-New Braunfels, TX MSA",2018-02-06,ultimate,,2018-06-01,244.0,8.0,12513.16,13.0,1,1000,30720,3000,70,7,0.01,0.01,ultimate,0.0,0.0,0.0,0.0,0.0,0.0,70.0
1062,Kristeen,Head,41,"San Antonio-New Braunfels, TX MSA",2018-02-06,ultimate,,2018-07-01,314.0,13.0,13648.369999999999,14.0,1,1000,30720,3000,70,7,0.01,0.01,ultimate,0.0,0.0,0.0,0.0,0.0,0.0,70.0
1062,Kristeen,Head,41,"San Antonio-New Braunfels, TX MSA",2018-02-06,ultimate,,2018-08-01,227.0,9.0,18914.74,19.0,1,1000,30720,3000,70,7,0.01,0.01,ultimate,0.0,0.0,0.0,0.0,0.0,0.0,70.0
1062,Kristeen,Head,41,"San Antonio-New Braunfels, TX MSA",2018-02-06,ultimate,,2018-09-01,207.0,8.0,14532.52,15.0,1,1000,30720,3000,70,7,0.01,0.01,ultimate,0.0,0.0,0.0,0.0,0.0,0.0,70.0
1062,Kristeen,Head,41,"San Antonio-New Braunfels, TX MSA",2018-02-06,ultimate,,2018-10-01,310.0,8.0,17328.78,17.0,1,1000,30720,3000,70,7,0.01,0.01,ultimate,0.0,0.0,0.0,0.0,0.0,0.0,70.0
1062,Kristeen,Head,41,"San Antonio-New Braunfels, TX MSA",2018-02-06,ultimate,,2018-11-01,182.0,7.0,17936.98,18.0,1,1000,30720,3000,70,7,0.01,0.01,ultimate,0.0,0.0,0.0,0.0,0.0,0.0,70.0
1062,Kristeen,Head,41,"San Antonio-New Braunfels, TX MSA",2018-02-06,ultimate,,2018-12-01,260.0,9.0,14550.1,15.0,1,1000,30720,3000,70,7,0.01,0.01,ultimate,0.0,0.0,0.0,0.0,0.0,0.0,70.0
1063,Larhonda,Hartman,60,"New York-Newark-Jersey City, NY-NJ-PA MSA",2018-11-05,ultimate,,2018-11-01,67.0,0.0,10936.7,11.0,1,1000,30720,3000,70,7,0.01,0.01,ultimate,0.0,0.0,0.0,0.0,0.0,0.0,70.0
1063,Larhonda,Hartman,60,"New York-Newark-Jersey City, NY-NJ-PA MSA",2018-11-05,ultimate,,2018-12-01,100.0,0.0,9994.54,10.0,1,1000,30720,3000,70,7,0.01,0.01,ultimate,0.0,0.0,0.0,0.0,0.0,0.0,70.0
1064,Gerardo,Ashley,46,"New York-Newark-Jersey City, NY-NJ-PA MSA",2018-06-03,surf,,2018-06-01,153.0,3.0,6572.2300000000005,7.0,0,50,15360,500,20,10,0.03,0.03,surf,0.0,0.0,0.0,0.0,0.0,0.0,20.0
1064,Gerardo,Ashley,46,"New York-Newark-Jersey City, NY-NJ-PA MSA",2018-06-03,surf,,2018-07-01,474.0,24.0,15403.26,16.0,0,50,15360,500,20,10,0.03,0.03,surf,0.0,0.0,1.0,0.0,0.0,10.0,30.0
1064,Gerardo,Ashley,46,"New York-Newark-Jersey City, NY-NJ-PA MSA",2018-06-03,surf,,2018-08-01,632.0,15.0,22240.82,22.0,0,50,15360,500,20,10,0.03,0.03,surf,132.0,0.0,7.0,3.96,0.0,70.0,93.96000000000001
1064,Gerardo,Ashley,46,"New York-Newark-Jersey City, NY-NJ-PA MSA",2018-06-03,surf,,2018-09-01,563.0,25.0,17233.66,17.0,0,50,15360,500,20,10,0.03,0.03,surf,63.0,0.0,2.0,1.89,0.0,20.0,41.89
1064,Gerardo,Ashley,46,"New York-Newark-Jersey City, NY-NJ-PA MSA",2018-06-03,surf,,2018-10-01,644.0,19.0,18068.96,18.0,0,50,15360,500,20,10,0.03,0.03,surf,144.0,0.0,3.0,4.32,0.0,30.0,54.32
1064,Gerardo,Ashley,46,"New York-Newark-Jersey City, NY-NJ-PA MSA",2018-06-03,surf,,2018-11-01,528.0,21.0,15201.33,15.0,0,50,15360,500,20,10,0.03,0.03,surf,28.0,0.0,0.0,0.84,0.0,0.0,20.84
1064,Gerardo,Ashley,46,"New York-Newark-Jersey City, NY-NJ-PA MSA",2018-06-03,surf,,2018-12-01,438.0,26.0,18268.829999999998,18.0,0,50,15360,500,20,10,0.03,0.03,surf,0.0,0.0,3.0,0.0,0.0,30.0,50.0
1065,Sherlyn,Noel,26,"Los Angeles-Long Beach-Anaheim, CA MSA",2018-08-03,surf,,2018-09-01,211.0,14.0,9153.05,9.0,0,50,15360,500,20,10,0.03,0.03,surf,0.0,0.0,0.0,0.0,0.0,0.0,20.0
1065,Sherlyn,Noel,26,"Los Angeles-Long Beach-Anaheim, CA MSA",2018-08-03,surf,,2018-10-01,723.0,29.0,17044.92,17.0,0,50,15360,500,20,10,0.03,0.03,surf,223.0,0.0,2.0,6.6899999999999995,0.0,20.0,46.69
1065,Sherlyn,Noel,26,"Los Angeles-Long Beach-Anaheim, CA MSA",2018-08-03,surf,,2018-11-01,626.0,29.0,19927.4,20.0,0,50,15360,500,20,10,0.03,0.03,surf,126.0,0.0,5.0,3.78,0.0,50.0,73.78
1065,Sherlyn,Noel,26,"Los Angeles-Long Beach-Anaheim, CA MSA",2018-08-03,surf,,2018-12-01,469.0,28.0,18099.73,18.0,0,50,15360,500,20,10,0.03,0.03,surf,0.0,0.0,3.0,0.0,0.0,30.0,50.0
1066,Ariel,Woods,61,"Boston-Cambridge-Newton, MA-NH MSA",2018-03-08,surf,,2018-03-01,340.0,31.0,13691.49,14.0,0,50,15360,500,20,10,0.03,0.03,surf,0.0,0.0,0.0,0.0,0.0,0.0,20.0
1066,Ariel,Woods,61,"Boston-Cambridge-Newton, MA-NH MSA",2018-03-08,surf,,2018-04-01,461.0,32.0,22187.52,22.0,0,50,15360,500,20,10,0.03,0.03,surf,0.0,0.0,7.0,0.0,0.0,70.0,90.0
1066,Ariel,Woods,61,"Boston-Cambridge-Newton, MA-NH MSA",2018-03-08,surf,,2018-05-01,443.0,27.0,21603.41,22.0,0,50,15360,500,20,10,0.03,0.03,surf,0.0,0.0,7.0,0.0,0.0,70.0,90.0
1066,Ariel,Woods,61,"Boston-Cambridge-Newton, MA-NH MSA",2018-03-08,surf,,2018-06-01,457.0,34.0,16588.02,17.0,0,50,15360,500,20,10,0.03,0.03,surf,0.0,0.0,2.0,0.0,0.0,20.0,40.0
1066,Ariel,Woods,61,"Boston-Cambridge-Newton, MA-NH MSA",2018-03-08,surf,,2018-07-01,370.0,36.0,19876.94,20.0,0,50,15360,500,20,10,0.03,0.03,surf,0.0,0.0,5.0,0.0,0.0,50.0,70.0
1066,Ariel,Woods,61,"Boston-Cambridge-Newton, MA-NH MSA",2018-03-08,surf,,2018-08-01,384.0,43.0,19871.34,20.0,0,50,15360,500,20,10,0.03,0.03,surf,0.0,0.0,5.0,0.0,0.0,50.0,70.0
1066,Ariel,Woods,61,"Boston-Cambridge-Newton, MA-NH MSA",2018-03-08,surf,,2018-09-01,514.0,31.0,20870.81,21.0,0,50,15360,500,20,10,0.03,0.03,surf,14.0,0.0,6.0,0.42,0.0,60.0,80.42
1066,Ariel,Woods,61,"Boston-Cambridge-Newton, MA-NH MSA",2018-03-08,surf,,2018-10-01,410.0,36.0,21231.79,21.0,0,50,15360,500,20,10,0.03,0.03,surf,0.0,0.0,6.0,0.0,0.0,60.0,80.0
1066,Ariel,Woods,61,"Boston-Cambridge-Newton, MA-NH MSA",2018-03-08,surf,,2018-11-01,391.0,37.0,21029.79,21.0,0,50,15360,500,20,10,0.03,0.03,surf,0.0,0.0,6.0,0.0,0.0,60.0,80.0
1066,Ariel,Woods,61,"Boston-Cambridge-Newton, MA-NH MSA",2018-03-08,surf,,2018-12-01,510.0,29.0,17529.09,18.0,0,50,15360,500,20,10,0.03,0.03,surf,10.0,0.0,3.0,0.3,0.0,30.0,50.3
1067,Robt,Allen,37,"Grand Rapids-Kentwood, MI MSA",2018-09-24,surf,2018-11-24,2018-09-01,70.0,11.0,3912.89,4.0,0,50,15360,500,20,10,0.03,0.03,surf,0.0,0.0,0.0,0.0,0.0,0.0,20.0
1067,Robt,Allen,37,"Grand Rapids-Kentwood, MI MSA",2018-09-24,surf,2018-11-24,2018-10-01,470.0,29.0,20750.31,21.0,0,50,15360,500,20,10,0.03,0.03,surf,0.0,0.0,6.0,0.0,0.0,60.0,80.0
1067,Robt,Allen,37,"Grand Rapids-Kentwood, MI MSA",2018-09-24,surf,2018-11-24,2018-11-01,376.0,33.0,16725.96,17.0,0,50,15360,500,20,10,0.03,0.03,surf,0.0,0.0,2.0,0.0,0.0,20.0,40.0
1068,Marcel,Jimenez,47,"New York-Newark-Jersey City, NY-NJ-PA MSA",2018-01-29,surf,,2018-05-01,116.0,0.0,6540.1,7.0,0,50,15360,500,20,10,0.03,0.03,surf,0.0,0.0,0.0,0.0,0.0,0.0,20.0
1068,Marcel,Jimenez,47,"New York-Newark-Jersey City, NY-NJ-PA MSA",2018-01-29,surf,,2018-06-01,294.0,0.0,15171.84,15.0,0,50,15360,500,20,10,0.03,0.03,surf,0.0,0.0,0.0,0.0,0.0,0.0,20.0
1068,Marcel,Jimenez,47,"New York-Newark-Jersey City, NY-NJ-PA MSA",2018-01-29,surf,,2018-07-01,244.0,0.0,14329.65,14.0,0,50,15360,500,20,10,0.03,0.03,surf,0.0,0.0,0.0,0.0,0.0,0.0,20.0
1068,Marcel,Jimenez,47,"New York-Newark-Jersey City, NY-NJ-PA MSA",2018-01-29,surf,,2018-08-01,224.0,0.0,14672.28,15.0,0,50,15360,500,20,10,0.03,0.03,surf,0.0,0.0,0.0,0.0,0.0,0.0,20.0
1068,Marcel,Jimenez,47,"New York-Newark-Jersey City, NY-NJ-PA MSA",2018-01-29,surf,,2018-09-01,158.0,0.0,11973.64,12.0,0,50,15360,500,20,10,0.03,0.03,surf,0.0,0.0,0.0,0.0,0.0,0.0,20.0
1068,Marcel,Jimenez,47,"New York-Newark-Jersey City, NY-NJ-PA MSA",2018-01-29,surf,,2018-10-01,304.0,0.0,19290.34,19.0,0,50,15360,500,20,10,0.03,0.03,surf,0.0,0.0,4.0,0.0,0.0,40.0,60.0
1068,Marcel,Jimenez,47,"New York-Newark-Jersey City, NY-NJ-PA MSA",2018-01-29,surf,,2018-11-01,207.0,0.0,13994.14,14.0,0,50,15360,500,20,10,0.03,0.03,surf,0.0,0.0,0.0,0.0,0.0,0.0,20.0
1068,Marcel,Jimenez,47,"New York-Newark-Jersey City, NY-NJ-PA MSA",2018-01-29,surf,,2018-12-01,271.0,0.0,17421.53,18.0,0,50,15360,500,20,10,0.03,0.03,surf,0.0,0.0,3.0,0.0,0.0,30.0,50.0
1069,Dino,Fry,31,"Houston-The Woodlands-Sugar Land, TX MSA",2018-09-17,ultimate,,2018-09-01,218.0,51.0,8293.23,9.0,1,1000,30720,3000,70,7,0.01,0.01,ultimate,0.0,0.0,0.0,0.0,0.0,0.0,70.0
1069,Dino,Fry,31,"Houston-The Woodlands-Sugar Land, TX MSA",2018-09-17,ultimate,,2018-10-01,537.0,119.0,11498.07,12.0,1,1000,30720,3000,70,7,0.01,0.01,ultimate,0.0,0.0,0.0,0.0,0.0,0.0,70.0
1069,Dino,Fry,31,"Houston-The Woodlands-Sugar Land, TX MSA",2018-09-17,ultimate,,2018-11-01,648.0,102.0,11538.48,12.0,1,1000,30720,3000,70,7,0.01,0.01,ultimate,0.0,0.0,0.0,0.0,0.0,0.0,70.0
1069,Dino,Fry,31,"Houston-The Woodlands-Sugar Land, TX MSA",2018-09-17,ultimate,,2018-12-01,714.0,98.0,14820.66,15.0,1,1000,30720,3000,70,7,0.01,0.01,ultimate,0.0,0.0,0.0,0.0,0.0,0.0,70.0
1070,Jacelyn,Contreras,66,"Chicago-Naperville-Elgin, IL-IN-WI MSA",2018-05-12,surf,,2018-12-01,318.0,17.0,15401.48,16.0,0,50,15360,500,20,10,0.03,0.03,surf,0.0,0.0,1.0,0.0,0.0,10.0,30.0
1071,Isa,Roy,29,"New York-Newark-Jersey City, NY-NJ-PA MSA",2018-05-23,surf,,2018-05-01,166.0,0.0,6403.87,7.0,0,50,15360,500,20,10,0.03,0.03,surf,0.0,0.0,0.0,0.0,0.0,0.0,20.0
1071,Isa,Roy,29,"New York-Newark-Jersey City, NY-NJ-PA MSA",2018-05-23,surf,,2018-06-01,358.0,0.0,12655.47,13.0,0,50,15360,500,20,10,0.03,0.03,surf,0.0,0.0,0.0,0.0,0.0,0.0,20.0
1071,Isa,Roy,29,"New York-Newark-Jersey City, NY-NJ-PA MSA",2018-05-23,surf,,2018-07-01,582.0,0.0,19569.61,20.0,0,50,15360,500,20,10,0.03,0.03,surf,82.0,0.0,5.0,2.46,0.0,50.0,72.46000000000001
1071,Isa,Roy,29,"New York-Newark-Jersey City, NY-NJ-PA MSA",2018-05-23,surf,,2018-08-01,521.0,0.0,13747.5,14.0,0,50,15360,500,20,10,0.03,0.03,surf,21.0,0.0,0.0,0.63,0.0,0.0,20.63
1071,Isa,Roy,29,"New York-Newark-Jersey City, NY-NJ-PA MSA",2018-05-23,surf,,2018-09-01,457.0,0.0,11812.6,12.0,0,50,15360,500,20,10,0.03,0.03,surf,0.0,0.0,0.0,0.0,0.0,0.0,20.0
1071,Isa,Roy,29,"New York-Newark-Jersey City, NY-NJ-PA MSA",2018-05-23,surf,,2018-10-01,542.0,0.0,13054.55,13.0,0,50,15360,500,20,10,0.03,0.03,surf,42.0,0.0,0.0,1.26,0.0,0.0,21.26
1071,Isa,Roy,29,"New York-Newark-Jersey City, NY-NJ-PA MSA",2018-05-23,surf,,2018-11-01,456.0,0.0,14871.3,15.0,0,50,15360,500,20,10,0.03,0.03,surf,0.0,0.0,0.0,0.0,0.0,0.0,20.0
1071,Isa,Roy,29,"New York-Newark-Jersey City, NY-NJ-PA MSA",2018-05-23,surf,,2018-12-01,467.0,0.0,20631.8,21.0,0,50,15360,500,20,10,0.03,0.03,surf,0.0,0.0,6.0,0.0,0.0,60.0,80.0
1072,Seymour,Spence,66,"Dallas-Fort Worth-Arlington, TX MSA",2018-07-12,surf,,2018-07-01,365.0,6.0,17252.99,17.0,0,50,15360,500,20,10,0.03,0.03,surf,0.0,0.0,2.0,0.0,0.0,20.0,40.0
1072,Seymour,Spence,66,"Dallas-Fort Worth-Arlington, TX MSA",2018-07-12,surf,,2018-08-01,630.0,20.0,26667.579999999998,27.0,0,50,15360,500,20,10,0.03,0.03,surf,130.0,0.0,12.0,3.9,0.0,120.0,143.9
1072,Seymour,Spence,66,"Dallas-Fort Worth-Arlington, TX MSA",2018-07-12,surf,,2018-09-01,576.0,18.0,26346.81,26.0,0,50,15360,500,20,10,0.03,0.03,surf,76.0,0.0,11.0,2.28,0.0,110.0,132.28
1072,Seymour,Spence,66,"Dallas-Fort Worth-Arlington, TX MSA",2018-07-12,surf,,2018-10-01,614.0,15.0,26967.6,27.0,0,50,15360,500,20,10,0.03,0.03,surf,114.0,0.0,12.0,3.42,0.0,120.0,143.42000000000002
1072,Seymour,Spence,66,"Dallas-Fort Worth-Arlington, TX MSA",2018-07-12,surf,,2018-11-01,471.0,17.0,32988.66,33.0,0,50,15360,500,20,10,0.03,0.03,surf,0.0,0.0,18.0,0.0,0.0,180.0,200.0
1072,Seymour,Spence,66,"Dallas-Fort Worth-Arlington, TX MSA",2018-07-12,surf,,2018-12-01,420.0,18.0,34185.21,34.0,0,50,15360,500,20,10,0.03,0.03,surf,0.0,0.0,19.0,0.0,0.0,190.0,210.0
1073,Grady,Crawford,30,"Chicago-Naperville-Elgin, IL-IN-WI MSA",2018-04-06,surf,,2018-04-01,231.0,0.0,14511.98,15.0,0,50,15360,500,20,10,0.03,0.03,surf,0.0,0.0,0.0,0.0,0.0,0.0,20.0
1073,Grady,Crawford,30,"Chicago-Naperville-Elgin, IL-IN-WI MSA",2018-04-06,surf,,2018-05-01,275.0,0.0,14296.74,14.0,0,50,15360,500,20,10,0.03,0.03,surf,0.0,0.0,0.0,0.0,0.0,0.0,20.0
1073,Grady,Crawford,30,"Chicago-Naperville-Elgin, IL-IN-WI MSA",2018-04-06,surf,,2018-06-01,324.0,0.0,13237.64,13.0,0,50,15360,500,20,10,0.03,0.03,surf,0.0,0.0,0.0,0.0,0.0,0.0,20.0
1073,Grady,Crawford,30,"Chicago-Naperville-Elgin, IL-IN-WI MSA",2018-04-06,surf,,2018-07-01,325.0,0.0,15329.24,15.0,0,50,15360,500,20,10,0.03,0.03,surf,0.0,0.0,0.0,0.0,0.0,0.0,20.0
1073,Grady,Crawford,30,"Chicago-Naperville-Elgin, IL-IN-WI MSA",2018-04-06,surf,,2018-08-01,220.0,0.0,16832.09,17.0,0,50,15360,500,20,10,0.03,0.03,surf,0.0,0.0,2.0,0.0,0.0,20.0,40.0
1073,Grady,Crawford,30,"Chicago-Naperville-Elgin, IL-IN-WI MSA",2018-04-06,surf,,2018-09-01,197.0,0.0,12566.12,13.0,0,50,15360,500,20,10,0.03,0.03,surf,0.0,0.0,0.0,0.0,0.0,0.0,20.0
1073,Grady,Crawford,30,"Chicago-Naperville-Elgin, IL-IN-WI MSA",2018-04-06,surf,,2018-10-01,334.0,0.0,13235.86,13.0,0,50,15360,500,20,10,0.03,0.03,surf,0.0,0.0,0.0,0.0,0.0,0.0,20.0
1073,Grady,Crawford,30,"Chicago-Naperville-Elgin, IL-IN-WI MSA",2018-04-06,surf,,2018-11-01,316.0,0.0,12278.82,12.0,0,50,15360,500,20,10,0.03,0.03,surf,0.0,0.0,0.0,0.0,0.0,0.0,20.0
1073,Grady,Crawford,30,"Chicago-Naperville-Elgin, IL-IN-WI MSA",2018-04-06,surf,,2018-12-01,402.0,0.0,16570.14,17.0,0,50,15360,500,20,10,0.03,0.03,surf,0.0,0.0,2.0,0.0,0.0,20.0,40.0
1074,Particia,Fuller,69,"Knoxville, TN MSA",2018-11-26,ultimate,,2018-11-01,105.0,0.0,866.51,1.0,1,1000,30720,3000,70,7,0.01,0.01,ultimate,0.0,0.0,0.0,0.0,0.0,0.0,70.0
1074,Particia,Fuller,69,"Knoxville, TN MSA",2018-11-26,ultimate,,2018-12-01,618.0,0.0,10802.82,11.0,1,1000,30720,3000,70,7,0.01,0.01,ultimate,0.0,0.0,0.0,0.0,0.0,0.0,70.0
1075,Salena,Bates,35,"Philadelphia-Camden-Wilmington, PA-NJ-DE-MD MSA",2018-08-06,surf,,2018-09-01,121.0,48.0,10018.48,10.0,0,50,15360,500,20,10,0.03,0.03,surf,0.0,0.0,0.0,0.0,0.0,0.0,20.0
1075,Salena,Bates,35,"Philadelphia-Camden-Wilmington, PA-NJ-DE-MD MSA",2018-08-06,surf,,2018-10-01,210.0,81.0,11724.69,12.0,0,50,15360,500,20,10,0.03,0.03,surf,0.0,31.0,0.0,0.0,0.9299999999999999,0.0,20.93
1075,Salena,Bates,35,"Philadelphia-Camden-Wilmington, PA-NJ-DE-MD MSA",2018-08-06,surf,,2018-11-01,120.0,64.0,8632.35,9.0,0,50,15360,500,20,10,0.03,0.03,surf,0.0,14.0,0.0,0.0,0.42,0.0,20.42
1075,Salena,Bates,35,"Philadelphia-Camden-Wilmington, PA-NJ-DE-MD MSA",2018-08-06,surf,,2018-12-01,237.0,51.0,15267.35,15.0,0,50,15360,500,20,10,0.03,0.03,surf,0.0,1.0,0.0,0.0,0.03,0.0,20.03
1076,Ronny,Browning,51,"Buffalo-Cheektowaga, NY MSA",2018-07-29,surf,,2018-07-01,29.0,9.0,113.74,1.0,0,50,15360,500,20,10,0.03,0.03,surf,0.0,0.0,0.0,0.0,0.0,0.0,20.0
1076,Ronny,Browning,51,"Buffalo-Cheektowaga, NY MSA",2018-07-29,surf,,2018-08-01,395.0,156.0,25517.579999999998,25.0,0,50,15360,500,20,10,0.03,0.03,surf,0.0,106.0,10.0,0.0,3.1799999999999997,100.0,123.18
1076,Ronny,Browning,51,"Buffalo-Cheektowaga, NY MSA",2018-07-29,surf,,2018-09-01,364.0,145.0,23134.42,23.0,0,50,15360,500,20,10,0.03,0.03,surf,0.0,95.0,8.0,0.0,2.85,80.0,102.85
1076,Ronny,Browning,51,"Buffalo-Cheektowaga, NY MSA",2018-07-29,surf,,2018-10-01,315.0,159.0,21310.96,21.0,0,50,15360,500,20,10,0.03,0.03,surf,0.0,109.0,6.0,0.0,3.27,60.0,83.27
1076,Ronny,Browning,51,"Buffalo-Cheektowaga, NY MSA",2018-07-29,surf,,2018-11-01,383.0,139.0,21318.64,21.0,0,50,15360,500,20,10,0.03,0.03,surf,0.0,89.0,6.0,0.0,2.67,60.0,82.67
1076,Ronny,Browning,51,"Buffalo-Cheektowaga, NY MSA",2018-07-29,surf,,2018-12-01,395.0,132.0,15440.81,16.0,0,50,15360,500,20,10,0.03,0.03,surf,0.0,82.0,1.0,0.0,2.46,10.0,32.46
1077,Chau,Webster,23,"Charlotte-Concord-Gastonia, NC-SC MSA",2018-01-14,ultimate,,2018-01-01,290.0,37.0,10635.64,11.0,1,1000,30720,3000,70,7,0.01,0.01,ultimate,0.0,0.0,0.0,0.0,0.0,0.0,70.0
1077,Chau,Webster,23,"Charlotte-Concord-Gastonia, NC-SC MSA",2018-01-14,ultimate,,2018-02-01,776.0,67.0,19926.55,20.0,1,1000,30720,3000,70,7,0.01,0.01,ultimate,0.0,0.0,0.0,0.0,0.0,0.0,70.0
1077,Chau,Webster,23,"Charlotte-Concord-Gastonia, NC-SC MSA",2018-01-14,ultimate,,2018-03-01,711.0,72.0,20689.95,21.0,1,1000,30720,3000,70,7,0.01,0.01,ultimate,0.0,0.0,0.0,0.0,0.0,0.0,70.0
1077,Chau,Webster,23,"Charlotte-Concord-Gastonia, NC-SC MSA",2018-01-14,ultimate,,2018-04-01,746.0,57.0,16964.5,17.0,1,1000,30720,3000,70,7,0.01,0.01,ultimate,0.0,0.0,0.0,0.0,0.0,0.0,70.0
1077,Chau,Webster,23,"Charlotte-Concord-Gastonia, NC-SC MSA",2018-01-14,ultimate,,2018-05-01,655.0,77.0,23068.75,23.0,1,1000,30720,3000,70,7,0.01,0.01,ultimate,0.0,0.0,0.0,0.0,0.0,0.0,70.0
1077,Chau,Webster,23,"Charlotte-Concord-Gastonia, NC-SC MSA",2018-01-14,ultimate,,2018-06-01,716.0,81.0,15390.56,16.0,1,1000,30720,3000,70,7,0.01,0.01,ultimate,0.0,0.0,0.0,0.0,0.0,0.0,70.0
1077,Chau,Webster,23,"Charlotte-Concord-Gastonia, NC-SC MSA",2018-01-14,ultimate,,2018-07-01,808.0,73.0,19615.47,20.0,1,1000,30720,3000,70,7,0.01,0.01,ultimate,0.0,0.0,0.0,0.0,0.0,0.0,70.0
1077,Chau,Webster,23,"Charlotte-Concord-Gastonia, NC-SC MSA",2018-01-14,ultimate,,2018-08-01,734.0,79.0,21343.47,21.0,1,1000,30720,3000,70,7,0.01,0.01,ultimate,0.0,0.0,0.0,0.0,0.0,0.0,70.0
1077,Chau,Webster,23,"Charlotte-Concord-Gastonia, NC-SC MSA",2018-01-14,ultimate,,2018-09-01,856.0,63.0,19443.41,19.0,1,1000,30720,3000,70,7,0.01,0.01,ultimate,0.0,0.0,0.0,0.0,0.0,0.0,70.0
1077,Chau,Webster,23,"Charlotte-Concord-Gastonia, NC-SC MSA",2018-01-14,ultimate,,2018-10-01,537.0,63.0,20861.04,21.0,1,1000,30720,3000,70,7,0.01,0.01,ultimate,0.0,0.0,0.0,0.0,0.0,0.0,70.0
1077,Chau,Webster,23,"Charlotte-Concord-Gastonia, NC-SC MSA",2018-01-14,ultimate,,2018-11-01,845.0,56.0,22289.0,22.0,1,1000,30720,3000,70,7,0.01,0.01,ultimate,0.0,0.0,0.0,0.0,0.0,0.0,70.0
1077,Chau,Webster,23,"Charlotte-Concord-Gastonia, NC-SC MSA",2018-01-14,ultimate,,2018-12-01,843.0,79.0,18543.85,19.0,1,1000,30720,3000,70,7,0.01,0.01,ultimate,0.0,0.0,0.0,0.0,0.0,0.0,70.0
1078,Earnest,Gray,47,"Seattle-Tacoma-Bellevue, WA MSA",2018-02-11,surf,,2018-11-01,94.0,36.0,8193.15,9.0,0,50,15360,500,20,10,0.03,0.03,surf,0.0,0.0,0.0,0.0,0.0,0.0,20.0
1078,Earnest,Gray,47,"Seattle-Tacoma-Bellevue, WA MSA",2018-02-11,surf,,2018-12-01,86.0,32.0,12485.130000000001,13.0,0,50,15360,500,20,10,0.03,0.03,surf,0.0,0.0,0.0,0.0,0.0,0.0,20.0
1079,Brian,Mccall,48,"New York-Newark-Jersey City, NY-NJ-PA MSA",2018-01-26,surf,,2018-07-01,41.0,7.0,1432.5,2.0,0,50,15360,500,20,10,0.03,0.03,surf,0.0,0.0,0.0,0.0,0.0,0.0,20.0
1079,Brian,Mccall,48,"New York-Newark-Jersey City, NY-NJ-PA MSA",2018-01-26,surf,,2018-08-01,841.0,71.0,21227.57,21.0,0,50,15360,500,20,10,0.03,0.03,surf,341.0,21.0,6.0,10.23,0.63,60.0,90.86
1079,Brian,Mccall,48,"New York-Newark-Jersey City, NY-NJ-PA MSA",2018-01-26,surf,,2018-09-01,636.0,97.0,17984.35,18.0,0,50,15360,500,20,10,0.03,0.03,surf,136.0,47.0,3.0,4.08,1.41,30.0,55.489999999999995
1079,Brian,Mccall,48,"New York-Newark-Jersey City, NY-NJ-PA MSA",2018-01-26,surf,,2018-10-01,732.0,71.0,17375.9,17.0,0,50,15360,500,20,10,0.03,0.03,surf,232.0,21.0,2.0,6.96,0.63,20.0,47.59
1079,Brian,Mccall,48,"New York-Newark-Jersey City, NY-NJ-PA MSA",2018-01-26,surf,,2018-11-01,687.0,66.0,13800.59,14.0,0,50,15360,500,20,10,0.03,0.03,surf,187.0,16.0,0.0,5.609999999999999,0.48,0.0,26.09
1079,Brian,Mccall,48,"New York-Newark-Jersey City, NY-NJ-PA MSA",2018-01-26,surf,,2018-12-01,839.0,84.0,13852.37,14.0,0,50,15360,500,20,10,0.03,0.03,surf,339.0,34.0,0.0,10.17,1.02,0.0,31.19
1080,Neal,Mcgee,45,"New York-Newark-Jersey City, NY-NJ-PA MSA",2018-08-03,surf,,,0.0,0.0,0.0,0.0,0,50,15360,500,20,10,0.03,0.03,surf,0.0,0.0,0.0,0.0,0.0,0.0,20.0
1081,Grayce,Sears,44,"Dallas-Fort Worth-Arlington, TX MSA",2018-04-27,surf,,2018-04-01,16.0,3.0,92.31,1.0,0,50,15360,500,20,10,0.03,0.03,surf,0.0,0.0,0.0,0.0,0.0,0.0,20.0
1081,Grayce,Sears,44,"Dallas-Fort Worth-Arlington, TX MSA",2018-04-27,surf,,2018-05-01,299.0,23.0,14482.73,15.0,0,50,15360,500,20,10,0.03,0.03,surf,0.0,0.0,0.0,0.0,0.0,0.0,20.0
1081,Grayce,Sears,44,"Dallas-Fort Worth-Arlington, TX MSA",2018-04-27,surf,,2018-06-01,307.0,28.0,18137.88,18.0,0,50,15360,500,20,10,0.03,0.03,surf,0.0,0.0,3.0,0.0,0.0,30.0,50.0
1081,Grayce,Sears,44,"Dallas-Fort Worth-Arlington, TX MSA",2018-04-27,surf,,2018-07-01,196.0,32.0,15745.27,16.0,0,50,15360,500,20,10,0.03,0.03,surf,0.0,0.0,1.0,0.0,0.0,10.0,30.0
1081,Grayce,Sears,44,"Dallas-Fort Worth-Arlington, TX MSA",2018-04-27,surf,,2018-08-01,263.0,28.0,15950.3,16.0,0,50,15360,500,20,10,0.03,0.03,surf,0.0,0.0,1.0,0.0,0.0,10.0,30.0
1081,Grayce,Sears,44,"Dallas-Fort Worth-Arlington, TX MSA",2018-04-27,surf,,2018-09-01,185.0,34.0,17618.37,18.0,0,50,15360,500,20,10,0.03,0.03,surf,0.0,0.0,3.0,0.0,0.0,30.0,50.0
1081,Grayce,Sears,44,"Dallas-Fort Worth-Arlington, TX MSA",2018-04-27,surf,,2018-10-01,212.0,26.0,14885.800000000001,15.0,0,50,15360,500,20,10,0.03,0.03,surf,0.0,0.0,0.0,0.0,0.0,0.0,20.0
1081,Grayce,Sears,44,"Dallas-Fort Worth-Arlington, TX MSA",2018-04-27,surf,,2018-11-01,181.0,31.0,13776.53,14.0,0,50,15360,500,20,10,0.03,0.03,surf,0.0,0.0,0.0,0.0,0.0,0.0,20.0
1081,Grayce,Sears,44,"Dallas-Fort Worth-Arlington, TX MSA",2018-04-27,surf,,2018-12-01,216.0,26.0,17865.73,18.0,0,50,15360,500,20,10,0.03,0.03,surf,0.0,0.0,3.0,0.0,0.0,30.0,50.0
1082,Dominic,Witt,64,"Memphis, TN-MS-AR MSA",2018-04-15,surf,,2018-04-01,190.0,15.0,6874.38,7.0,0,50,15360,500,20,10,0.03,0.03,surf,0.0,0.0,0.0,0.0,0.0,0.0,20.0
1082,Dominic,Witt,64,"Memphis, TN-MS-AR MSA",2018-04-15,surf,,2018-05-01,705.0,28.0,14537.34,15.0,0,50,15360,500,20,10,0.03,0.03,surf,205.0,0.0,0.0,6.1499999999999995,0.0,0.0,26.15
1082,Dominic,Witt,64,"Memphis, TN-MS-AR MSA",2018-04-15,surf,,2018-06-01,665.0,22.0,17955.579999999998,18.0,0,50,15360,500,20,10,0.03,0.03,surf,165.0,0.0,3.0,4.95,0.0,30.0,54.95
1082,Dominic,Witt,64,"Memphis, TN-MS-AR MSA",2018-04-15,surf,,2018-07-01,549.0,30.0,13257.65,13.0,0,50,15360,500,20,10,0.03,0.03,surf,49.0,0.0,0.0,1.47,0.0,0.0,21.47
1082,Dominic,Witt,64,"Memphis, TN-MS-AR MSA",2018-04-15,surf,,2018-08-01,680.0,30.0,19901.62,20.0,0,50,15360,500,20,10,0.03,0.03,surf,180.0,0.0,5.0,5.3999999999999995,0.0,50.0,75.4
1082,Dominic,Witt,64,"Memphis, TN-MS-AR MSA",2018-04-15,surf,,2018-09-01,617.0,34.0,13554.4,14.0,0,50,15360,500,20,10,0.03,0.03,surf,117.0,0.0,0.0,3.51,0.0,0.0,23.509999999999998
1082,Dominic,Witt,64,"Memphis, TN-MS-AR MSA",2018-04-15,surf,,2018-10-01,605.0,38.0,17844.19,18.0,0,50,15360,500,20,10,0.03,0.03,surf,105.0,0.0,3.0,3.15,0.0,30.0,53.15
1082,Dominic,Witt,64,"Memphis, TN-MS-AR MSA",2018-04-15,surf,,2018-11-01,637.0,15.0,18821.37,19.0,0,50,15360,500,20,10,0.03,0.03,surf,137.0,0.0,4.0,4.109999999999999,0.0,40.0,64.11
1082,Dominic,Witt,64,"Memphis, TN-MS-AR MSA",2018-04-15,surf,,2018-12-01,741.0,31.0,22153.83,22.0,0,50,15360,500,20,10,0.03,0.03,surf,241.0,0.0,7.0,7.2299999999999995,0.0,70.0,97.23
1083,Lyndia,Acevedo,65,"Los Angeles-Long Beach-Anaheim, CA MSA",2018-10-26,surf,2018-12-18,2018-10-01,17.0,4.0,2911.0299999999997,3.0,0,50,15360,500,20,10,0.03,0.03,surf,0.0,0.0,0.0,0.0,0.0,0.0,20.0
1083,Lyndia,Acevedo,65,"Los Angeles-Long Beach-Anaheim, CA MSA",2018-10-26,surf,2018-12-18,2018-11-01,527.0,11.0,17894.5,18.0,0,50,15360,500,20,10,0.03,0.03,surf,27.0,0.0,3.0,0.8099999999999999,0.0,30.0,50.81
1083,Lyndia,Acevedo,65,"Los Angeles-Long Beach-Anaheim, CA MSA",2018-10-26,surf,2018-12-18,2018-12-01,226.0,8.0,11198.02,11.0,0,50,15360,500,20,10,0.03,0.03,surf,0.0,0.0,0.0,0.0,0.0,0.0,20.0
1084,Wiley,Mckinney,21,"Miami-Fort Lauderdale-West Palm Beach, FL MSA",2018-06-04,surf,2018-11-11,2018-10-01,233.0,36.0,7833.11,8.0,0,50,15360,500,20,10,0.03,0.03,surf,0.0,0.0,0.0,0.0,0.0,0.0,20.0
1084,Wiley,Mckinney,21,"Miami-Fort Lauderdale-West Palm Beach, FL MSA",2018-06-04,surf,2018-11-11,2018-11-01,304.0,36.0,5799.12,6.0,0,50,15360,500,20,10,0.03,0.03,surf,0.0,0.0,0.0,0.0,0.0,0.0,20.0
1085,Ignacio,Bennett,48,"Atlanta-Sandy Springs-Roswell, GA MSA",2018-07-19,ultimate,,2018-08-01,12.0,0.0,1889.07,2.0,1,1000,30720,3000,70,7,0.01,0.01,ultimate,0.0,0.0,0.0,0.0,0.0,0.0,70.0
1085,Ignacio,Bennett,48,"Atlanta-Sandy Springs-Roswell, GA MSA",2018-07-19,ultimate,,2018-09-01,434.0,0.0,22527.13,22.0,1,1000,30720,3000,70,7,0.01,0.01,ultimate,0.0,0.0,0.0,0.0,0.0,0.0,70.0
1085,Ignacio,Bennett,48,"Atlanta-Sandy Springs-Roswell, GA MSA",2018-07-19,ultimate,,2018-10-01,582.0,0.0,22638.42,23.0,1,1000,30720,3000,70,7,0.01,0.01,ultimate,0.0,0.0,0.0,0.0,0.0,0.0,70.0
1085,Ignacio,Bennett,48,"Atlanta-Sandy Springs-Roswell, GA MSA",2018-07-19,ultimate,,2018-11-01,525.0,0.0,25059.51,25.0,1,1000,30720,3000,70,7,0.01,0.01,ultimate,0.0,0.0,0.0,0.0,0.0,0.0,70.0
1085,Ignacio,Bennett,48,"Atlanta-Sandy Springs-Roswell, GA MSA",2018-07-19,ultimate,,2018-12-01,589.0,0.0,25194.51,25.0,1,1000,30720,3000,70,7,0.01,0.01,ultimate,0.0,0.0,0.0,0.0,0.0,0.0,70.0
1086,Adena,Macias,36,"New York-Newark-Jersey City, NY-NJ-PA MSA",2018-01-13,ultimate,,2018-12-01,337.0,74.0,24775.81,25.0,1,1000,30720,3000,70,7,0.01,0.01,ultimate,0.0,0.0,0.0,0.0,0.0,0.0,70.0
1087,Lenard,Atkinson,45,"Washington-Arlington-Alexandria, DC-VA-MD-WV MSA",2018-11-18,surf,,2018-11-01,170.0,18.0,6787.43,7.0,0,50,15360,500,20,10,0.03,0.03,surf,0.0,0.0,0.0,0.0,0.0,0.0,20.0
1087,Lenard,Atkinson,45,"Washington-Arlington-Alexandria, DC-VA-MD-WV MSA",2018-11-18,surf,,2018-12-01,412.0,47.0,12425.47,13.0,0,50,15360,500,20,10,0.03,0.03,surf,0.0,0.0,0.0,0.0,0.0,0.0,20.0
1088,Paris,Robertson,64,"Phoenix-Mesa-Chandler, AZ MSA",2018-05-27,ultimate,,2018-05-01,22.0,8.0,2489.5,3.0,1,1000,30720,3000,70,7,0.01,0.01,ultimate,0.0,0.0,0.0,0.0,0.0,0.0,70.0
1088,Paris,Robertson,64,"Phoenix-Mesa-Chandler, AZ MSA",2018-05-27,ultimate,,2018-06-01,242.0,37.0,15980.02,16.0,1,1000,30720,3000,70,7,0.01,0.01,ultimate,0.0,0.0,0.0,0.0,0.0,0.0,70.0
1088,Paris,Robertson,64,"Phoenix-Mesa-Chandler, AZ MSA",2018-05-27,ultimate,,2018-07-01,304.0,46.0,14818.529999999999,15.0,1,1000,30720,3000,70,7,0.01,0.01,ultimate,0.0,0.0,0.0,0.0,0.0,0.0,70.0
1088,Paris,Robertson,64,"Phoenix-Mesa-Chandler, AZ MSA",2018-05-27,ultimate,,2018-08-01,240.0,42.0,19089.65,19.0,1,1000,30720,3000,70,7,0.01,0.01,ultimate,0.0,0.0,0.0,0.0,0.0,0.0,70.0
1088,Paris,Robertson,64,"Phoenix-Mesa-Chandler, AZ MSA",2018-05-27,ultimate,,2018-09-01,211.0,57.0,15253.79,15.0,1,1000,30720,3000,70,7,0.01,0.01,ultimate,0.0,0.0,0.0,0.0,0.0,0.0,70.0
1088,Paris,Robertson,64,"Phoenix-Mesa-Chandler, AZ MSA",2018-05-27,ultimate,,2018-10-01,191.0,53.0,12191.83,12.0,1,1000,30720,3000,70,7,0.01,0.01,ultimate,0.0,0.0,0.0,0.0,0.0,0.0,70.0
1088,Paris,Robertson,64,"Phoenix-Mesa-Chandler, AZ MSA",2018-05-27,ultimate,,2018-11-01,231.0,47.0,19375.06,19.0,1,1000,30720,3000,70,7,0.01,0.01,ultimate,0.0,0.0,0.0,0.0,0.0,0.0,70.0
1088,Paris,Robertson,64,"Phoenix-Mesa-Chandler, AZ MSA",2018-05-27,ultimate,,2018-12-01,180.0,68.0,17376.54,17.0,1,1000,30720,3000,70,7,0.01,0.01,ultimate,0.0,0.0,0.0,0.0,0.0,0.0,70.0
1089,Malena,Kelley,70,"Philadelphia-Camden-Wilmington, PA-NJ-DE-MD MSA",2018-09-03,surf,,,0.0,0.0,0.0,0.0,0,50,15360,500,20,10,0.03,0.03,surf,0.0,0.0,0.0,0.0,0.0,0.0,20.0
1090,Brock,Skinner,30,"Indianapolis-Carmel-Anderson, IN MSA",2018-05-12,surf,,2018-05-01,186.0,19.0,9592.09,10.0,0,50,15360,500,20,10,0.03,0.03,surf,0.0,0.0,0.0,0.0,0.0,0.0,20.0
1090,Brock,Skinner,30,"Indianapolis-Carmel-Anderson, IN MSA",2018-05-12,surf,,2018-06-01,313.0,27.0,15487.23,16.0,0,50,15360,500,20,10,0.03,0.03,surf,0.0,0.0,1.0,0.0,0.0,10.0,30.0
1090,Brock,Skinner,30,"Indianapolis-Carmel-Anderson, IN MSA",2018-05-12,surf,,2018-07-01,297.0,24.0,27591.61,27.0,0,50,15360,500,20,10,0.03,0.03,surf,0.0,0.0,12.0,0.0,0.0,120.0,140.0
1090,Brock,Skinner,30,"Indianapolis-Carmel-Anderson, IN MSA",2018-05-12,surf,,2018-08-01,335.0,22.0,22497.53,22.0,0,50,15360,500,20,10,0.03,0.03,surf,0.0,0.0,7.0,0.0,0.0,70.0,90.0
1090,Brock,Skinner,30,"Indianapolis-Carmel-Anderson, IN MSA",2018-05-12,surf,,2018-09-01,410.0,21.0,17343.94,17.0,0,50,15360,500,20,10,0.03,0.03,surf,0.0,0.0,2.0,0.0,0.0,20.0,40.0
1090,Brock,Skinner,30,"Indianapolis-Carmel-Anderson, IN MSA",2018-05-12,surf,,2018-10-01,453.0,21.0,13111.49,13.0,0,50,15360,500,20,10,0.03,0.03,surf,0.0,0.0,0.0,0.0,0.0,0.0,20.0
1090,Brock,Skinner,30,"Indianapolis-Carmel-Anderson, IN MSA",2018-05-12,surf,,2018-11-01,469.0,24.0,21358.72,21.0,0,50,15360,500,20,10,0.03,0.03,surf,0.0,0.0,6.0,0.0,0.0,60.0,80.0
1090,Brock,Skinner,30,"Indianapolis-Carmel-Anderson, IN MSA",2018-05-12,surf,,2018-12-01,286.0,31.0,14337.62,15.0,0,50,15360,500,20,10,0.03,0.03,surf,0.0,0.0,0.0,0.0,0.0,0.0,20.0
1091,Taylor,Oliver,38,"Riverside-San Bernardino-Ontario, CA MSA",2018-05-04,ultimate,,2018-10-01,311.0,35.0,3632.92,4.0,1,1000,30720,3000,70,7,0.01,0.01,ultimate,0.0,0.0,0.0,0.0,0.0,0.0,70.0
1091,Taylor,Oliver,38,"Riverside-San Bernardino-Ontario, CA MSA",2018-05-04,ultimate,,2018-11-01,532.0,51.0,6402.09,7.0,1,1000,30720,3000,70,7,0.01,0.01,ultimate,0.0,0.0,0.0,0.0,0.0,0.0,70.0
1092,Taren,Strickland,26,"Dallas-Fort Worth-Arlington, TX MSA",2018-12-10,surf,,2018-12-01,614.0,19.0,22419.61,22.0,0,50,15360,500,20,10,0.03,0.03,surf,114.0,0.0,7.0,3.42,0.0,70.0,93.42
1093,Karima,Hampton,69,"Nashville-Davidson–Murfreesboro–Franklin, TN MSA",2018-12-17,surf,,2018-12-01,248.0,17.0,4837.79,5.0,0,50,15360,500,20,10,0.03,0.03,surf,0.0,0.0,0.0,0.0,0.0,0.0,20.0
1094,Walter,Petersen,54,"Los Angeles-Long Beach-Anaheim, CA MSA",2018-10-30,surf,2018-12-12,2018-10-01,0.0,0.0,1728.71,2.0,0,50,15360,500,20,10,0.03,0.03,surf,0.0,0.0,0.0,0.0,0.0,0.0,20.0
1094,Walter,Petersen,54,"Los Angeles-Long Beach-Anaheim, CA MSA",2018-10-30,surf,2018-12-12,2018-11-01,962.0,50.0,28448.4,28.0,0,50,15360,500,20,10,0.03,0.03,surf,462.0,0.0,13.0,13.86,0.0,130.0,163.86
1094,Walter,Petersen,54,"Los Angeles-Long Beach-Anaheim, CA MSA",2018-10-30,surf,2018-12-12,2018-12-01,363.0,22.0,9276.72,10.0,0,50,15360,500,20,10,0.03,0.03,surf,0.0,0.0,0.0,0.0,0.0,0.0,20.0
1095,Lilliam,Alvarado,55,"Louisville/Jefferson County, KY-IN MSA",2018-04-21,surf,,2018-04-01,39.0,1.0,4392.78,5.0,0,50,15360,500,20,10,0.03,0.03,surf,0.0,0.0,0.0,0.0,0.0,0.0,20.0
1095,Lilliam,Alvarado,55,"Louisville/Jefferson County, KY-IN MSA",2018-04-21,surf,,2018-05-01,186.0,11.0,13795.63,14.0,0,50,15360,500,20,10,0.03,0.03,surf,0.0,0.0,0.0,0.0,0.0,0.0,20.0
1095,Lilliam,Alvarado,55,"Louisville/Jefferson County, KY-IN MSA",2018-04-21,surf,,2018-06-01,88.0,7.0,12560.2,13.0,0,50,15360,500,20,10,0.03,0.03,surf,0.0,0.0,0.0,0.0,0.0,0.0,20.0
1095,Lilliam,Alvarado,55,"Louisville/Jefferson County, KY-IN MSA",2018-04-21,surf,,2018-07-01,97.0,14.0,15825.76,16.0,0,50,15360,500,20,10,0.03,0.03,surf,0.0,0.0,1.0,0.0,0.0,10.0,30.0
1095,Lilliam,Alvarado,55,"Louisville/Jefferson County, KY-IN MSA",2018-04-21,surf,,2018-08-01,102.0,7.0,15474.53,16.0,0,50,15360,500,20,10,0.03,0.03,surf,0.0,0.0,1.0,0.0,0.0,10.0,30.0
1095,Lilliam,Alvarado,55,"Louisville/Jefferson County, KY-IN MSA",2018-04-21,surf,,2018-09-01,115.0,16.0,15110.19,15.0,0,50,15360,500,20,10,0.03,0.03,surf,0.0,0.0,0.0,0.0,0.0,0.0,20.0
1095,Lilliam,Alvarado,55,"Louisville/Jefferson County, KY-IN MSA",2018-04-21,surf,,2018-10-01,171.0,11.0,13619.65,14.0,0,50,15360,500,20,10,0.03,0.03,surf,0.0,0.0,0.0,0.0,0.0,0.0,20.0
1095,Lilliam,Alvarado,55,"Louisville/Jefferson County, KY-IN MSA",2018-04-21,surf,,2018-11-01,151.0,17.0,18290.77,18.0,0,50,15360,500,20,10,0.03,0.03,surf,0.0,0.0,3.0,0.0,0.0,30.0,50.0
1095,Lilliam,Alvarado,55,"Louisville/Jefferson County, KY-IN MSA",2018-04-21,surf,,2018-12-01,146.0,11.0,18523.18,19.0,0,50,15360,500,20,10,0.03,0.03,surf,0.0,0.0,4.0,0.0,0.0,40.0,60.0
1096,Song,Cline,28,"New York-Newark-Jersey City, NY-NJ-PA MSA",2018-12-22,ultimate,,2018-12-01,141.0,14.0,7159.74,7.0,1,1000,30720,3000,70,7,0.01,0.01,ultimate,0.0,0.0,0.0,0.0,0.0,0.0,70.0
1097,Deandre,Powell,27,"Washington-Arlington-Alexandria, DC-VA-MD-WV MSA",2018-02-26,surf,,2018-08-01,185.0,0.0,4130.0599999999995,5.0,0,50,15360,500,20,10,0.03,0.03,surf,0.0,0.0,0.0,0.0,0.0,0.0,20.0
1097,Deandre,Powell,27,"Washington-Arlington-Alexandria, DC-VA-MD-WV MSA",2018-02-26,surf,,2018-09-01,711.0,0.0,12047.3,12.0,0,50,15360,500,20,10,0.03,0.03,surf,211.0,0.0,0.0,6.33,0.0,0.0,26.33
1097,Deandre,Powell,27,"Washington-Arlington-Alexandria, DC-VA-MD-WV MSA",2018-02-26,surf,,2018-10-01,695.0,0.0,17220.95,17.0,0,50,15360,500,20,10,0.03,0.03,surf,195.0,0.0,2.0,5.85,0.0,20.0,45.85
1097,Deandre,Powell,27,"Washington-Arlington-Alexandria, DC-VA-MD-WV MSA",2018-02-26,surf,,2018-11-01,624.0,0.0,20539.170000000002,21.0,0,50,15360,500,20,10,0.03,0.03,surf,124.0,0.0,6.0,3.7199999999999998,0.0,60.0,83.72
1097,Deandre,Powell,27,"Washington-Arlington-Alexandria, DC-VA-MD-WV MSA",2018-02-26,surf,,2018-12-01,812.0,0.0,19175.92,19.0,0,50,15360,500,20,10,0.03,0.03,surf,312.0,0.0,4.0,9.36,0.0,40.0,69.36
1098,Collin,Sims,33,"Albany-Schenectady-Troy, NY MSA",2018-08-14,surf,,2018-08-01,329.0,51.0,17686.54,18.0,0,50,15360,500,20,10,0.03,0.03,surf,0.0,1.0,3.0,0.0,0.03,30.0,50.03
1098,Collin,Sims,33,"Albany-Schenectady-Troy, NY MSA",2018-08-14,surf,,2018-09-01,550.0,99.0,29244.37,29.0,0,50,15360,500,20,10,0.03,0.03,surf,50.0,49.0,14.0,1.5,1.47,140.0,162.97
1098,Collin,Sims,33,"Albany-Schenectady-Troy, NY MSA",2018-08-14,surf,,2018-10-01,644.0,89.0,30885.97,31.0,0,50,15360,500,20,10,0.03,0.03,surf,144.0,39.0,16.0,4.32,1.17,160.0,185.49
1098,Collin,Sims,33,"Albany-Schenectady-Troy, NY MSA",2018-08-14,surf,,2018-11-01,459.0,89.0,31063.77,31.0,0,50,15360,500,20,10,0.03,0.03,surf,0.0,39.0,16.0,0.0,1.17,160.0,181.17000000000002
1098,Collin,Sims,33,"Albany-Schenectady-Troy, NY MSA",2018-08-14,surf,,2018-12-01,445.0,98.0,28876.32,29.0,0,50,15360,500,20,10,0.03,0.03,surf,0.0,48.0,14.0,0.0,1.44,140.0,161.44
1099,Shavon,Banks,48,"New York-Newark-Jersey City, NY-NJ-PA MSA",2018-02-26,surf,,2018-02-01,39.0,3.0,599.78,1.0,0,50,15360,500,20,10,0.03,0.03,surf,0.0,0.0,0.0,0.0,0.0,0.0,20.0
1099,Shavon,Banks,48,"New York-Newark-Jersey City, NY-NJ-PA MSA",2018-02-26,surf,,2018-03-01,728.0,22.0,20857.74,21.0,0,50,15360,500,20,10,0.03,0.03,surf,228.0,0.0,6.0,6.84,0.0,60.0,86.84
1099,Shavon,Banks,48,"New York-Newark-Jersey City, NY-NJ-PA MSA",2018-02-26,surf,,2018-04-01,528.0,15.0,15861.63,16.0,0,50,15360,500,20,10,0.03,0.03,surf,28.0,0.0,1.0,0.84,0.0,10.0,30.84
1099,Shavon,Banks,48,"New York-Newark-Jersey City, NY-NJ-PA MSA",2018-02-26,surf,,2018-05-01,512.0,25.0,20522.51,21.0,0,50,15360,500,20,10,0.03,0.03,surf,12.0,0.0,6.0,0.36,0.0,60.0,80.36
1099,Shavon,Banks,48,"New York-Newark-Jersey City, NY-NJ-PA MSA",2018-02-26,surf,,2018-06-01,423.0,11.0,14416.46,15.0,0,50,15360,500,20,10,0.03,0.03,surf,0.0,0.0,0.0,0.0,0.0,0.0,20.0
1099,Shavon,Banks,48,"New York-Newark-Jersey City, NY-NJ-PA MSA",2018-02-26,surf,,2018-07-01,444.0,29.0,13238.13,13.0,0,50,15360,500,20,10,0.03,0.03,surf,0.0,0.0,0.0,0.0,0.0,0.0,20.0
1099,Shavon,Banks,48,"New York-Newark-Jersey City, NY-NJ-PA MSA",2018-02-26,surf,,2018-08-01,439.0,31.0,16692.58,17.0,0,50,15360,500,20,10,0.03,0.03,surf,0.0,0.0,2.0,0.0,0.0,20.0,40.0
1099,Shavon,Banks,48,"New York-Newark-Jersey City, NY-NJ-PA MSA",2018-02-26,surf,,2018-09-01,493.0,24.0,17353.26,17.0,0,50,15360,500,20,10,0.03,0.03,surf,0.0,0.0,2.0,0.0,0.0,20.0,40.0
1099,Shavon,Banks,48,"New York-Newark-Jersey City, NY-NJ-PA MSA",2018-02-26,surf,,2018-10-01,515.0,24.0,20462.74,20.0,0,50,15360,500,20,10,0.03,0.03,surf,15.0,0.0,5.0,0.44999999999999996,0.0,50.0,70.45
1099,Shavon,Banks,48,"New York-Newark-Jersey City, NY-NJ-PA MSA",2018-02-26,surf,,2018-11-01,719.0,24.0,15144.54,15.0,0,50,15360,500,20,10,0.03,0.03,surf,219.0,0.0,0.0,6.569999999999999,0.0,0.0,26.57
1099,Shavon,Banks,48,"New York-Newark-Jersey City, NY-NJ-PA MSA",2018-02-26,surf,,2018-12-01,544.0,31.0,16293.44,16.0,0,50,15360,500,20,10,0.03,0.03,surf,44.0,0.0,1.0,1.3199999999999998,0.0,10.0,31.32
1100,Aaron,Rowe,65,"New York-Newark-Jersey City, NY-NJ-PA MSA",2018-02-13,surf,,2018-08-01,230.0,36.0,15115.119999999999,15.0,0,50,15360,500,20,10,0.03,0.03,surf,0.0,0.0,0.0,0.0,0.0,0.0,20.0
1100,Aaron,Rowe,65,"New York-Newark-Jersey City, NY-NJ-PA MSA",2018-02-13,surf,,2018-09-01,497.0,45.0,18948.95,19.0,0,50,15360,500,20,10,0.03,0.03,surf,0.0,0.0,4.0,0.0,0.0,40.0,60.0
1100,Aaron,Rowe,65,"New York-Newark-Jersey City, NY-NJ-PA MSA",2018-02-13,surf,,2018-10-01,252.0,64.0,16753.37,17.0,0,50,15360,500,20,10,0.03,0.03,surf,0.0,14.0,2.0,0.0,0.42,20.0,40.42
1100,Aaron,Rowe,65,"New York-Newark-Jersey City, NY-NJ-PA MSA",2018-02-13,surf,,2018-11-01,366.0,47.0,24672.97,25.0,0,50,15360,500,20,10,0.03,0.03,surf,0.0,0.0,10.0,0.0,0.0,100.0,120.0
1100,Aaron,Rowe,65,"New York-Newark-Jersey City, NY-NJ-PA MSA",2018-02-13,surf,,2018-12-01,306.0,73.0,21906.66,22.0,0,50,15360,500,20,10,0.03,0.03,surf,0.0,23.0,7.0,0.0,0.69,70.0,90.69
1101,Sage,Conley,27,"Washington-Arlington-Alexandria, DC-VA-MD-WV MSA",2018-02-08,surf,,2018-04-01,174.0,19.0,1832.63,2.0,0,50,15360,500,20,10,0.03,0.03,surf,0.0,0.0,0.0,0.0,0.0,0.0,20.0
1101,Sage,Conley,27,"Washington-Arlington-Alexandria, DC-VA-MD-WV MSA",2018-02-08,surf,,2018-05-01,362.0,81.0,17296.93,17.0,0,50,15360,500,20,10,0.03,0.03,surf,0.0,31.0,2.0,0.0,0.9299999999999999,20.0,40.93
1101,Sage,Conley,27,"Washington-Arlington-Alexandria, DC-VA-MD-WV MSA",2018-02-08,surf,,2018-06-01,458.0,70.0,14432.43,15.0,0,50,15360,500,20,10,0.03,0.03,surf,0.0,20.0,0.0,0.0,0.6,0.0,20.6
1101,Sage,Conley,27,"Washington-Arlington-Alexandria, DC-VA-MD-WV MSA",2018-02-08,surf,,2018-07-01,302.0,66.0,14207.54,14.0,0,50,15360,500,20,10,0.03,0.03,surf,0.0,16.0,0.0,0.0,0.48,0.0,20.48
1101,Sage,Conley,27,"Washington-Arlington-Alexandria, DC-VA-MD-WV MSA",2018-02-08,surf,,2018-08-01,456.0,106.0,15143.18,15.0,0,50,15360,500,20,10,0.03,0.03,surf,0.0,56.0,0.0,0.0,1.68,0.0,21.68
1101,Sage,Conley,27,"Washington-Arlington-Alexandria, DC-VA-MD-WV MSA",2018-02-08,surf,,2018-09-01,462.0,78.0,12907.32,13.0,0,50,15360,500,20,10,0.03,0.03,surf,0.0,28.0,0.0,0.0,0.84,0.0,20.84
1101,Sage,Conley,27,"Washington-Arlington-Alexandria, DC-VA-MD-WV MSA",2018-02-08,surf,,2018-10-01,474.0,78.0,15815.91,16.0,0,50,15360,500,20,10,0.03,0.03,surf,0.0,28.0,1.0,0.0,0.84,10.0,30.84
1101,Sage,Conley,27,"Washington-Arlington-Alexandria, DC-VA-MD-WV MSA",2018-02-08,surf,,2018-11-01,455.0,65.0,12178.0,12.0,0,50,15360,500,20,10,0.03,0.03,surf,0.0,15.0,0.0,0.0,0.44999999999999996,0.0,20.45
1101,Sage,Conley,27,"Washington-Arlington-Alexandria, DC-VA-MD-WV MSA",2018-02-08,surf,,2018-12-01,352.0,85.0,9104.09,9.0,0,50,15360,500,20,10,0.03,0.03,surf,0.0,35.0,0.0,0.0,1.05,0.0,21.05
1102,Marquitta,Walton,30,"Riverside-San Bernardino-Ontario, CA MSA",2018-02-20,ultimate,,2018-12-01,430.0,45.0,6491.35,7.0,1,1000,30720,3000,70,7,0.01,0.01,ultimate,0.0,0.0,0.0,0.0,0.0,0.0,70.0
1103,Moises,Weeks,28,"Seattle-Tacoma-Bellevue, WA MSA",2018-07-01,surf,,2018-08-01,167.0,15.0,13561.66,14.0,0,50,15360,500,20,10,0.03,0.03,surf,0.0,0.0,0.0,0.0,0.0,0.0,20.0
1103,Moises,Weeks,28,"Seattle-Tacoma-Bellevue, WA MSA",2018-07-01,surf,,2018-09-01,445.0,24.0,18619.47,19.0,0,50,15360,500,20,10,0.03,0.03,surf,0.0,0.0,4.0,0.0,0.0,40.0,60.0
1103,Moises,Weeks,28,"Seattle-Tacoma-Bellevue, WA MSA",2018-07-01,surf,,2018-10-01,373.0,35.0,19214.54,19.0,0,50,15360,500,20,10,0.03,0.03,surf,0.0,0.0,4.0,0.0,0.0,40.0,60.0
1103,Moises,Weeks,28,"Seattle-Tacoma-Bellevue, WA MSA",2018-07-01,surf,,2018-11-01,315.0,30.0,21279.43,21.0,0,50,15360,500,20,10,0.03,0.03,surf,0.0,0.0,6.0,0.0,0.0,60.0,80.0
1103,Moises,Weeks,28,"Seattle-Tacoma-Bellevue, WA MSA",2018-07-01,surf,,2018-12-01,397.0,36.0,18351.86,18.0,0,50,15360,500,20,10,0.03,0.03,surf,0.0,0.0,3.0,0.0,0.0,30.0,50.0
1104,Thurman,Stephens,20,"Chicago-Naperville-Elgin, IL-IN-WI MSA",2018-12-23,ultimate,,2018-12-01,11.0,25.0,9360.99,10.0,1,1000,30720,3000,70,7,0.01,0.01,ultimate,0.0,0.0,0.0,0.0,0.0,0.0,70.0
1105,Micheal,Poole,57,"Providence-Warwick, RI-MA MSA",2018-01-08,surf,,2018-10-01,439.0,46.0,9664.7,10.0,0,50,15360,500,20,10,0.03,0.03,surf,0.0,0.0,0.0,0.0,0.0,0.0,20.0
1105,Micheal,Poole,57,"Providence-Warwick, RI-MA MSA",2018-01-08,surf,,2018-11-01,839.0,93.0,11937.49,12.0,0,50,15360,500,20,10,0.03,0.03,surf,339.0,43.0,0.0,10.17,1.29,0.0,31.46
1105,Micheal,Poole,57,"Providence-Warwick, RI-MA MSA",2018-01-08,surf,,2018-12-01,871.0,104.0,10987.22,11.0,0,50,15360,500,20,10,0.03,0.03,surf,371.0,54.0,0.0,11.129999999999999,1.6199999999999999,0.0,32.75
1106,Eddy,Garrison,47,"New York-Newark-Jersey City, NY-NJ-PA MSA",2018-05-10,surf,2018-11-14,2018-05-01,174.0,0.0,13256.11,13.0,0,50,15360,500,20,10,0.03,0.03,surf,0.0,0.0,0.0,0.0,0.0,0.0,20.0
1106,Eddy,Garrison,47,"New York-Newark-Jersey City, NY-NJ-PA MSA",2018-05-10,surf,2018-11-14,2018-06-01,506.0,0.0,18617.0,19.0,0,50,15360,500,20,10,0.03,0.03,surf,6.0,0.0,4.0,0.18,0.0,40.0,60.18
1106,Eddy,Garrison,47,"New York-Newark-Jersey City, NY-NJ-PA MSA",2018-05-10,surf,2018-11-14,2018-07-01,603.0,0.0,18682.76,19.0,0,50,15360,500,20,10,0.03,0.03,surf,103.0,0.0,4.0,3.09,0.0,40.0,63.09
1106,Eddy,Garrison,47,"New York-Newark-Jersey City, NY-NJ-PA MSA",2018-05-10,surf,2018-11-14,2018-08-01,593.0,0.0,23732.1,24.0,0,50,15360,500,20,10,0.03,0.03,surf,93.0,0.0,9.0,2.79,0.0,90.0,112.78999999999999
1106,Eddy,Garrison,47,"New York-Newark-Jersey City, NY-NJ-PA MSA",2018-05-10,surf,2018-11-14,2018-09-01,504.0,0.0,28192.49,28.0,0,50,15360,500,20,10,0.03,0.03,surf,4.0,0.0,13.0,0.12,0.0,130.0,150.12
1106,Eddy,Garrison,47,"New York-Newark-Jersey City, NY-NJ-PA MSA",2018-05-10,surf,2018-11-14,2018-10-01,483.0,0.0,19170.18,19.0,0,50,15360,500,20,10,0.03,0.03,surf,0.0,0.0,4.0,0.0,0.0,40.0,60.0
1106,Eddy,Garrison,47,"New York-Newark-Jersey City, NY-NJ-PA MSA",2018-05-10,surf,2018-11-14,2018-11-01,224.0,0.0,12475.24,13.0,0,50,15360,500,20,10,0.03,0.03,surf,0.0,0.0,0.0,0.0,0.0,0.0,20.0
1107,Lane,Cash,61,"New York-Newark-Jersey City, NY-NJ-PA MSA",2018-11-15,ultimate,,2018-11-01,59.0,19.0,5209.57,6.0,1,1000,30720,3000,70,7,0.01,0.01,ultimate,0.0,0.0,0.0,0.0,0.0,0.0,70.0
1107,Lane,Cash,61,"New York-Newark-Jersey City, NY-NJ-PA MSA",2018-11-15,ultimate,,2018-12-01,320.0,46.0,18422.66,18.0,1,1000,30720,3000,70,7,0.01,0.01,ultimate,0.0,0.0,0.0,0.0,0.0,0.0,70.0
1108,Porfirio,Kane,45,"Salt Lake City, UT MSA",2018-12-30,ultimate,,,0.0,0.0,0.0,0.0,1,1000,30720,3000,70,7,0.01,0.01,ultimate,0.0,0.0,0.0,0.0,0.0,0.0,70.0
1109,Dominic,Salinas,41,"New York-Newark-Jersey City, NY-NJ-PA MSA",2018-02-16,surf,,2018-04-01,213.0,0.0,8246.83,9.0,0,50,15360,500,20,10,0.03,0.03,surf,0.0,0.0,0.0,0.0,0.0,0.0,20.0
1109,Dominic,Salinas,41,"New York-Newark-Jersey City, NY-NJ-PA MSA",2018-02-16,surf,,2018-05-01,437.0,0.0,12630.88,13.0,0,50,15360,500,20,10,0.03,0.03,surf,0.0,0.0,0.0,0.0,0.0,0.0,20.0
1109,Dominic,Salinas,41,"New York-Newark-Jersey City, NY-NJ-PA MSA",2018-02-16,surf,,2018-06-01,572.0,0.0,12202.07,12.0,0,50,15360,500,20,10,0.03,0.03,surf,72.0,0.0,0.0,2.16,0.0,0.0,22.16
1109,Dominic,Salinas,41,"New York-Newark-Jersey City, NY-NJ-PA MSA",2018-02-16,surf,,2018-07-01,523.0,0.0,20005.7,20.0,0,50,15360,500,20,10,0.03,0.03,surf,23.0,0.0,5.0,0.69,0.0,50.0,70.69
1109,Dominic,Salinas,41,"New York-Newark-Jersey City, NY-NJ-PA MSA",2018-02-16,surf,,2018-08-01,514.0,0.0,10660.34,11.0,0,50,15360,500,20,10,0.03,0.03,surf,14.0,0.0,0.0,0.42,0.0,0.0,20.42
1109,Dominic,Salinas,41,"New York-Newark-Jersey City, NY-NJ-PA MSA",2018-02-16,surf,,2018-09-01,407.0,0.0,12191.51,12.0,0,50,15360,500,20,10,0.03,0.03,surf,0.0,0.0,0.0,0.0,0.0,0.0,20.0
1109,Dominic,Salinas,41,"New York-Newark-Jersey City, NY-NJ-PA MSA",2018-02-16,surf,,2018-10-01,602.0,0.0,10290.62,11.0,0,50,15360,500,20,10,0.03,0.03,surf,102.0,0.0,0.0,3.06,0.0,0.0,23.06
1109,Dominic,Salinas,41,"New York-Newark-Jersey City, NY-NJ-PA MSA",2018-02-16,surf,,2018-11-01,465.0,0.0,11015.09,11.0,0,50,15360,500,20,10,0.03,0.03,surf,0.0,0.0,0.0,0.0,0.0,0.0,20.0
1109,Dominic,Salinas,41,"New York-Newark-Jersey City, NY-NJ-PA MSA",2018-02-16,surf,,2018-12-01,467.0,0.0,12497.47,13.0,0,50,15360,500,20,10,0.03,0.03,surf,0.0,0.0,0.0,0.0,0.0,0.0,20.0
1110,Anderson,Cotton,65,"Washington-Arlington-Alexandria, DC-VA-MD-WV MSA",2018-04-20,surf,,2018-05-01,71.0,12.0,7247.61,8.0,0,50,15360,500,20,10,0.03,0.03,surf,0.0,0.0,0.0,0.0,0.0,0.0,20.0
1110,Anderson,Cotton,65,"Washington-Arlington-Alexandria, DC-VA-MD-WV MSA",2018-04-20,surf,,2018-06-01,403.0,74.0,24115.41,24.0,0,50,15360,500,20,10,0.03,0.03,surf,0.0,24.0,9.0,0.0,0.72,90.0,110.72
1110,Anderson,Cotton,65,"Washington-Arlington-Alexandria, DC-VA-MD-WV MSA",2018-04-20,surf,,2018-07-01,537.0,61.0,20312.24,20.0,0,50,15360,500,20,10,0.03,0.03,surf,37.0,11.0,5.0,1.1099999999999999,0.32999999999999996,50.0,71.44
1110,Anderson,Cotton,65,"Washington-Arlington-Alexandria, DC-VA-MD-WV MSA",2018-04-20,surf,,2018-08-01,278.0,59.0,24671.51,25.0,0,50,15360,500,20,10,0.03,0.03,surf,0.0,9.0,10.0,0.0,0.27,100.0,120.27
1110,Anderson,Cotton,65,"Washington-Arlington-Alexandria, DC-VA-MD-WV MSA",2018-04-20,surf,,2018-09-01,483.0,73.0,23705.63,24.0,0,50,15360,500,20,10,0.03,0.03,surf,0.0,23.0,9.0,0.0,0.69,90.0,110.69
1110,Anderson,Cotton,65,"Washington-Arlington-Alexandria, DC-VA-MD-WV MSA",2018-04-20,surf,,2018-10-01,432.0,53.0,22191.06,22.0,0,50,15360,500,20,10,0.03,0.03,surf,0.0,3.0,7.0,0.0,0.09,70.0,90.09
1110,Anderson,Cotton,65,"Washington-Arlington-Alexandria, DC-VA-MD-WV MSA",2018-04-20,surf,,2018-11-01,390.0,34.0,20229.84,20.0,0,50,15360,500,20,10,0.03,0.03,surf,0.0,0.0,5.0,0.0,0.0,50.0,70.0
1110,Anderson,Cotton,65,"Washington-Arlington-Alexandria, DC-VA-MD-WV MSA",2018-04-20,surf,,2018-12-01,430.0,50.0,21214.5,21.0,0,50,15360,500,20,10,0.03,0.03,surf,0.0,0.0,6.0,0.0,0.0,60.0,80.0
1111,Booker,Hahn,75,"Urban Honolulu, HI MSA",2018-09-17,surf,,2018-09-01,183.0,44.0,5933.05,6.0,0,50,15360,500,20,10,0.03,0.03,surf,0.0,0.0,0.0,0.0,0.0,0.0,20.0
1111,Booker,Hahn,75,"Urban Honolulu, HI MSA",2018-09-17,surf,,2018-10-01,243.0,107.0,16146.39,16.0,0,50,15360,500,20,10,0.03,0.03,surf,0.0,57.0,1.0,0.0,1.71,10.0,31.71
1111,Booker,Hahn,75,"Urban Honolulu, HI MSA",2018-09-17,surf,,2018-11-01,352.0,79.0,18228.08,18.0,0,50,15360,500,20,10,0.03,0.03,surf,0.0,29.0,3.0,0.0,0.87,30.0,50.870000000000005
1111,Booker,Hahn,75,"Urban Honolulu, HI MSA",2018-09-17,surf,,2018-12-01,358.0,92.0,14857.96,15.0,0,50,15360,500,20,10,0.03,0.03,surf,0.0,42.0,0.0,0.0,1.26,0.0,21.26
1112,Amal,Pacheco,18,"Grand Rapids-Kentwood, MI MSA",2018-10-08,ultimate,,2018-10-01,708.0,33.0,10565.2,11.0,1,1000,30720,3000,70,7,0.01,0.01,ultimate,0.0,0.0,0.0,0.0,0.0,0.0,70.0
1112,Amal,Pacheco,18,"Grand Rapids-Kentwood, MI MSA",2018-10-08,ultimate,,2018-11-01,910.0,41.0,12728.12,13.0,1,1000,30720,3000,70,7,0.01,0.01,ultimate,0.0,0.0,0.0,0.0,0.0,0.0,70.0
1112,Amal,Pacheco,18,"Grand Rapids-Kentwood, MI MSA",2018-10-08,ultimate,,2018-12-01,773.0,40.0,12235.76,12.0,1,1000,30720,3000,70,7,0.01,0.01,ultimate,0.0,0.0,0.0,0.0,0.0,0.0,70.0
1113,Spencer,Powers,27,"New York-Newark-Jersey City, NY-NJ-PA MSA",2018-06-04,ultimate,,2018-06-01,419.0,44.0,13695.210000000001,14.0,1,1000,30720,3000,70,7,0.01,0.01,ultimate,0.0,0.0,0.0,0.0,0.0,0.0,70.0
1113,Spencer,Powers,27,"New York-Newark-Jersey City, NY-NJ-PA MSA",2018-06-04,ultimate,,2018-07-01,413.0,43.0,10490.26,11.0,1,1000,30720,3000,70,7,0.01,0.01,ultimate,0.0,0.0,0.0,0.0,0.0,0.0,70.0
1113,Spencer,Powers,27,"New York-Newark-Jersey City, NY-NJ-PA MSA",2018-06-04,ultimate,,2018-08-01,548.0,37.0,15330.51,15.0,1,1000,30720,3000,70,7,0.01,0.01,ultimate,0.0,0.0,0.0,0.0,0.0,0.0,70.0
1113,Spencer,Powers,27,"New York-Newark-Jersey City, NY-NJ-PA MSA",2018-06-04,ultimate,,2018-09-01,496.0,31.0,12197.81,12.0,1,1000,30720,3000,70,7,0.01,0.01,ultimate,0.0,0.0,0.0,0.0,0.0,0.0,70.0
1113,Spencer,Powers,27,"New York-Newark-Jersey City, NY-NJ-PA MSA",2018-06-04,ultimate,,2018-10-01,515.0,40.0,15598.95,16.0,1,1000,30720,3000,70,7,0.01,0.01,ultimate,0.0,0.0,0.0,0.0,0.0,0.0,70.0
1113,Spencer,Powers,27,"New York-Newark-Jersey City, NY-NJ-PA MSA",2018-06-04,ultimate,,2018-11-01,553.0,30.0,12778.72,13.0,1,1000,30720,3000,70,7,0.01,0.01,ultimate,0.0,0.0,0.0,0.0,0.0,0.0,70.0
1113,Spencer,Powers,27,"New York-Newark-Jersey City, NY-NJ-PA MSA",2018-06-04,ultimate,,2018-12-01,522.0,52.0,15672.41,16.0,1,1000,30720,3000,70,7,0.01,0.01,ultimate,0.0,0.0,0.0,0.0,0.0,0.0,70.0
1114,Esta,Estes,55,"New York-Newark-Jersey City, NY-NJ-PA MSA",2018-07-21,surf,,2018-07-01,238.0,29.0,7572.629999999999,8.0,0,50,15360,500,20,10,0.03,0.03,surf,0.0,0.0,0.0,0.0,0.0,0.0,20.0
1114,Esta,Estes,55,"New York-Newark-Jersey City, NY-NJ-PA MSA",2018-07-21,surf,,2018-08-01,738.0,78.0,21360.4,21.0,0,50,15360,500,20,10,0.03,0.03,surf,238.0,28.0,6.0,7.14,0.84,60.0,87.98
1114,Esta,Estes,55,"New York-Newark-Jersey City, NY-NJ-PA MSA",2018-07-21,surf,,2018-09-01,633.0,95.0,12680.130000000001,13.0,0,50,15360,500,20,10,0.03,0.03,surf,133.0,45.0,0.0,3.9899999999999998,1.3499999999999999,0.0,25.34
1114,Esta,Estes,55,"New York-Newark-Jersey City, NY-NJ-PA MSA",2018-07-21,surf,,2018-10-01,725.0,89.0,15846.17,16.0,0,50,15360,500,20,10,0.03,0.03,surf,225.0,39.0,1.0,6.75,1.17,10.0,37.92
1114,Esta,Estes,55,"New York-Newark-Jersey City, NY-NJ-PA MSA",2018-07-21,surf,,2018-11-01,663.0,78.0,26829.87,27.0,0,50,15360,500,20,10,0.03,0.03,surf,163.0,28.0,12.0,4.89,0.84,120.0,145.73
1114,Esta,Estes,55,"New York-Newark-Jersey City, NY-NJ-PA MSA",2018-07-21,surf,,2018-12-01,772.0,95.0,18058.14,18.0,0,50,15360,500,20,10,0.03,0.03,surf,272.0,45.0,3.0,8.16,1.3499999999999999,30.0,59.510000000000005
1115,Yevette,Yang,21,"El Paso, TX MSA",2018-11-19,surf,,2018-11-01,342.0,33.0,5528.17,6.0,0,50,15360,500,20,10,0.03,0.03,surf,0.0,0.0,0.0,0.0,0.0,0.0,20.0
1115,Yevette,Yang,21,"El Paso, TX MSA",2018-11-19,surf,,2018-12-01,883.0,119.0,18879.21,19.0,0,50,15360,500,20,10,0.03,0.03,surf,383.0,69.0,4.0,11.49,2.07,40.0,73.56
1116,Moriah,Yates,60,"Cincinnati, OH-KY-IN MSA",2018-08-08,surf,,2018-08-01,366.0,19.0,15068.74,15.0,0,50,15360,500,20,10,0.03,0.03,surf,0.0,0.0,0.0,0.0,0.0,0.0,20.0
1117,Hank,Taylor,49,"Dallas-Fort Worth-Arlington, TX MSA",2018-01-24,surf,,2018-05-01,50.0,0.0,2025.11,2.0,0,50,15360,500,20,10,0.03,0.03,surf,0.0,0.0,0.0,0.0,0.0,0.0,20.0
1117,Hank,Taylor,49,"Dallas-Fort Worth-Arlington, TX MSA",2018-01-24,surf,,2018-06-01,378.0,0.0,14686.89,15.0,0,50,15360,500,20,10,0.03,0.03,surf,0.0,0.0,0.0,0.0,0.0,0.0,20.0
1117,Hank,Taylor,49,"Dallas-Fort Worth-Arlington, TX MSA",2018-01-24,surf,,2018-07-01,446.0,0.0,17769.81,18.0,0,50,15360,500,20,10,0.03,0.03,surf,0.0,0.0,3.0,0.0,0.0,30.0,50.0
1117,Hank,Taylor,49,"Dallas-Fort Worth-Arlington, TX MSA",2018-01-24,surf,,2018-08-01,311.0,0.0,22852.64,23.0,0,50,15360,500,20,10,0.03,0.03,surf,0.0,0.0,8.0,0.0,0.0,80.0,100.0
1117,Hank,Taylor,49,"Dallas-Fort Worth-Arlington, TX MSA",2018-01-24,surf,,2018-09-01,503.0,0.0,21826.53,22.0,0,50,15360,500,20,10,0.03,0.03,surf,3.0,0.0,7.0,0.09,0.0,70.0,90.09
1117,Hank,Taylor,49,"Dallas-Fort Worth-Arlington, TX MSA",2018-01-24,surf,,2018-10-01,388.0,0.0,18489.4,19.0,0,50,15360,500,20,10,0.03,0.03,surf,0.0,0.0,4.0,0.0,0.0,40.0,60.0
1117,Hank,Taylor,49,"Dallas-Fort Worth-Arlington, TX MSA",2018-01-24,surf,,2018-11-01,381.0,0.0,18252.4,18.0,0,50,15360,500,20,10,0.03,0.03,surf,0.0,0.0,3.0,0.0,0.0,30.0,50.0
1117,Hank,Taylor,49,"Dallas-Fort Worth-Arlington, TX MSA",2018-01-24,surf,,2018-12-01,302.0,0.0,25026.19,25.0,0,50,15360,500,20,10,0.03,0.03,surf,0.0,0.0,10.0,0.0,0.0,100.0,120.0
1118,Deane,Ramirez,28,"Columbus, OH MSA",2018-12-08,surf,,2018-12-01,909.0,17.0,15963.98,16.0,0,50,15360,500,20,10,0.03,0.03,surf,409.0,0.0,1.0,12.27,0.0,10.0,42.269999999999996
1119,Anderson,Palmer,60,"Louisville/Jefferson County, KY-IN MSA",2018-10-05,surf,,2018-10-01,351.0,105.0,633.04,1.0,0,50,15360,500,20,10,0.03,0.03,surf,0.0,55.0,0.0,0.0,1.65,0.0,21.65
1119,Anderson,Palmer,60,"Louisville/Jefferson County, KY-IN MSA",2018-10-05,surf,,2018-11-01,458.0,128.0,866.29,1.0,0,50,15360,500,20,10,0.03,0.03,surf,0.0,78.0,0.0,0.0,2.34,0.0,22.34
1119,Anderson,Palmer,60,"Louisville/Jefferson County, KY-IN MSA",2018-10-05,surf,,2018-12-01,420.0,133.0,1813.6599999999999,2.0,0,50,15360,500,20,10,0.03,0.03,surf,0.0,83.0,0.0,0.0,2.4899999999999998,0.0,22.49
1120,Abraham,Mcconnell,33,"New York-Newark-Jersey City, NY-NJ-PA MSA",2018-04-03,surf,,2018-04-01,287.0,41.0,23382.83,23.0,0,50,15360,500,20,10,0.03,0.03,surf,0.0,0.0,8.0,0.0,0.0,80.0,100.0
1120,Abraham,Mcconnell,33,"New York-Newark-Jersey City, NY-NJ-PA MSA",2018-04-03,surf,,2018-05-01,469.0,48.0,22914.24,23.0,0,50,15360,500,20,10,0.03,0.03,surf,0.0,0.0,8.0,0.0,0.0,80.0,100.0
1120,Abraham,Mcconnell,33,"New York-Newark-Jersey City, NY-NJ-PA MSA",2018-04-03,surf,,2018-06-01,352.0,42.0,21893.08,22.0,0,50,15360,500,20,10,0.03,0.03,surf,0.0,0.0,7.0,0.0,0.0,70.0,90.0
1120,Abraham,Mcconnell,33,"New York-Newark-Jersey City, NY-NJ-PA MSA",2018-04-03,surf,,2018-07-01,366.0,46.0,21641.98,22.0,0,50,15360,500,20,10,0.03,0.03,surf,0.0,0.0,7.0,0.0,0.0,70.0,90.0
1120,Abraham,Mcconnell,33,"New York-Newark-Jersey City, NY-NJ-PA MSA",2018-04-03,surf,,2018-08-01,410.0,47.0,19046.98,19.0,0,50,15360,500,20,10,0.03,0.03,surf,0.0,0.0,4.0,0.0,0.0,40.0,60.0
1120,Abraham,Mcconnell,33,"New York-Newark-Jersey City, NY-NJ-PA MSA",2018-04-03,surf,,2018-09-01,427.0,53.0,28016.71,28.0,0,50,15360,500,20,10,0.03,0.03,surf,0.0,3.0,13.0,0.0,0.09,130.0,150.09
1120,Abraham,Mcconnell,33,"New York-Newark-Jersey City, NY-NJ-PA MSA",2018-04-03,surf,,2018-10-01,394.0,43.0,17879.2,18.0,0,50,15360,500,20,10,0.03,0.03,surf,0.0,0.0,3.0,0.0,0.0,30.0,50.0
1120,Abraham,Mcconnell,33,"New York-Newark-Jersey City, NY-NJ-PA MSA",2018-04-03,surf,,2018-11-01,367.0,42.0,21167.079999999998,21.0,0,50,15360,500,20,10,0.03,0.03,surf,0.0,0.0,6.0,0.0,0.0,60.0,80.0
1120,Abraham,Mcconnell,33,"New York-Newark-Jersey City, NY-NJ-PA MSA",2018-04-03,surf,,2018-12-01,434.0,55.0,18871.88,19.0,0,50,15360,500,20,10,0.03,0.03,surf,0.0,5.0,4.0,0.0,0.15,40.0,60.15
1121,Kathaleen,Albert,34,"Miami-Fort Lauderdale-West Palm Beach, FL MSA",2018-03-13,surf,,,0.0,0.0,0.0,0.0,0,50,15360,500,20,10,0.03,0.03,surf,0.0,0.0,0.0,0.0,0.0,0.0,20.0
1122,Lashay,Reese,57,"Miami-Fort Lauderdale-West Palm Beach, FL MSA",2018-03-04,surf,,2018-05-01,353.0,15.0,10913.65,11.0,0,50,15360,500,20,10,0.03,0.03,surf,0.0,0.0,0.0,0.0,0.0,0.0,20.0
1122,Lashay,Reese,57,"Miami-Fort Lauderdale-West Palm Beach, FL MSA",2018-03-04,surf,,2018-06-01,503.0,15.0,17780.58,18.0,0,50,15360,500,20,10,0.03,0.03,surf,3.0,0.0,3.0,0.09,0.0,30.0,50.09
1122,Lashay,Reese,57,"Miami-Fort Lauderdale-West Palm Beach, FL MSA",2018-03-04,surf,,2018-07-01,361.0,19.0,16299.25,16.0,0,50,15360,500,20,10,0.03,0.03,surf,0.0,0.0,1.0,0.0,0.0,10.0,30.0
1122,Lashay,Reese,57,"Miami-Fort Lauderdale-West Palm Beach, FL MSA",2018-03-04,surf,,2018-08-01,501.0,22.0,29045.27,29.0,0,50,15360,500,20,10,0.03,0.03,surf,1.0,0.0,14.0,0.03,0.0,140.0,160.03
1122,Lashay,Reese,57,"Miami-Fort Lauderdale-West Palm Beach, FL MSA",2018-03-04,surf,,2018-09-01,467.0,16.0,22436.68,22.0,0,50,15360,500,20,10,0.03,0.03,surf,0.0,0.0,7.0,0.0,0.0,70.0,90.0
1122,Lashay,Reese,57,"Miami-Fort Lauderdale-West Palm Beach, FL MSA",2018-03-04,surf,,2018-10-01,394.0,21.0,17460.79,18.0,0,50,15360,500,20,10,0.03,0.03,surf,0.0,0.0,3.0,0.0,0.0,30.0,50.0
1122,Lashay,Reese,57,"Miami-Fort Lauderdale-West Palm Beach, FL MSA",2018-03-04,surf,,2018-11-01,375.0,28.0,16862.03,17.0,0,50,15360,500,20,10,0.03,0.03,surf,0.0,0.0,2.0,0.0,0.0,20.0,40.0
1122,Lashay,Reese,57,"Miami-Fort Lauderdale-West Palm Beach, FL MSA",2018-03-04,surf,,2018-12-01,386.0,24.0,21337.4,21.0,0,50,15360,500,20,10,0.03,0.03,surf,0.0,0.0,6.0,0.0,0.0,60.0,80.0
1123,Dierdre,Nash,66,"Philadelphia-Camden-Wilmington, PA-NJ-DE-MD MSA",2018-04-19,surf,,2018-06-01,43.0,1.0,1766.76,2.0,0,50,15360,500,20,10,0.03,0.03,surf,0.0,0.0,0.0,0.0,0.0,0.0,20.0
1123,Dierdre,Nash,66,"Philadelphia-Camden-Wilmington, PA-NJ-DE-MD MSA",2018-04-19,surf,,2018-07-01,561.0,30.0,33222.95,33.0,0,50,15360,500,20,10,0.03,0.03,surf,61.0,0.0,18.0,1.8299999999999998,0.0,180.0,201.82999999999998
1123,Dierdre,Nash,66,"Philadelphia-Camden-Wilmington, PA-NJ-DE-MD MSA",2018-04-19,surf,,2018-08-01,552.0,31.0,19375.57,19.0,0,50,15360,500,20,10,0.03,0.03,surf,52.0,0.0,4.0,1.56,0.0,40.0,61.56
1123,Dierdre,Nash,66,"Philadelphia-Camden-Wilmington, PA-NJ-DE-MD MSA",2018-04-19,surf,,2018-09-01,460.0,20.0,17772.7,18.0,0,50,15360,500,20,10,0.03,0.03,surf,0.0,0.0,3.0,0.0,0.0,30.0,50.0
1123,Dierdre,Nash,66,"Philadelphia-Camden-Wilmington, PA-NJ-DE-MD MSA",2018-04-19,surf,,2018-10-01,620.0,27.0,21505.98,22.0,0,50,15360,500,20,10,0.03,0.03,surf,120.0,0.0,7.0,3.5999999999999996,0.0,70.0,93.6
1123,Dierdre,Nash,66,"Philadelphia-Camden-Wilmington, PA-NJ-DE-MD MSA",2018-04-19,surf,,2018-11-01,441.0,35.0,21177.71,21.0,0,50,15360,500,20,10,0.03,0.03,surf,0.0,0.0,6.0,0.0,0.0,60.0,80.0
1123,Dierdre,Nash,66,"Philadelphia-Camden-Wilmington, PA-NJ-DE-MD MSA",2018-04-19,surf,,2018-12-01,716.0,38.0,24982.22,25.0,0,50,15360,500,20,10,0.03,0.03,surf,216.0,0.0,10.0,6.4799999999999995,0.0,100.0,126.48
1124,Jenell,Navarro,48,"New Haven-Milford, CT MSA",2018-02-19,ultimate,,2018-10-01,238.0,30.0,3686.42,4.0,1,1000,30720,3000,70,7,0.01,0.01,ultimate,0.0,0.0,0.0,0.0,0.0,0.0,70.0
1124,Jenell,Navarro,48,"New Haven-Milford, CT MSA",2018-02-19,ultimate,,2018-11-01,569.0,96.0,5898.57,6.0,1,1000,30720,3000,70,7,0.01,0.01,ultimate,0.0,0.0,0.0,0.0,0.0,0.0,70.0
1124,Jenell,Navarro,48,"New Haven-Milford, CT MSA",2018-02-19,ultimate,,2018-12-01,447.0,93.0,6495.23,7.0,1,1000,30720,3000,70,7,0.01,0.01,ultimate,0.0,0.0,0.0,0.0,0.0,0.0,70.0
1125,Assunta,Carver,39,"North Port-Sarasota-Bradenton, FL MSA",2018-08-16,surf,,2018-12-01,517.0,54.0,22697.1,23.0,0,50,15360,500,20,10,0.03,0.03,surf,17.0,4.0,8.0,0.51,0.12,80.0,100.63
1126,Jermaine,Mcguire,68,"Chicago-Naperville-Elgin, IL-IN-WI MSA",2018-06-02,ultimate,,2018-06-01,797.0,78.0,27575.54,27.0,1,1000,30720,3000,70,7,0.01,0.01,ultimate,0.0,0.0,0.0,0.0,0.0,0.0,70.0
1126,Jermaine,Mcguire,68,"Chicago-Naperville-Elgin, IL-IN-WI MSA",2018-06-02,ultimate,,2018-07-01,951.0,94.0,25768.85,26.0,1,1000,30720,3000,70,7,0.01,0.01,ultimate,0.0,0.0,0.0,0.0,0.0,0.0,70.0
1126,Jermaine,Mcguire,68,"Chicago-Naperville-Elgin, IL-IN-WI MSA",2018-06-02,ultimate,,2018-08-01,953.0,88.0,34307.16,34.0,1,1000,30720,3000,70,7,0.01,0.01,ultimate,0.0,0.0,4.0,0.0,0.0,28.0,98.0
1126,Jermaine,Mcguire,68,"Chicago-Naperville-Elgin, IL-IN-WI MSA",2018-06-02,ultimate,,2018-09-01,756.0,74.0,28196.33,28.0,1,1000,30720,3000,70,7,0.01,0.01,ultimate,0.0,0.0,0.0,0.0,0.0,0.0,70.0
1126,Jermaine,Mcguire,68,"Chicago-Naperville-Elgin, IL-IN-WI MSA",2018-06-02,ultimate,,2018-10-01,905.0,86.0,24840.64,25.0,1,1000,30720,3000,70,7,0.01,0.01,ultimate,0.0,0.0,0.0,0.0,0.0,0.0,70.0
1126,Jermaine,Mcguire,68,"Chicago-Naperville-Elgin, IL-IN-WI MSA",2018-06-02,ultimate,,2018-11-01,1037.0,72.0,20906.16,21.0,1,1000,30720,3000,70,7,0.01,0.01,ultimate,0.0,0.0,0.0,0.0,0.0,0.0,70.0
1126,Jermaine,Mcguire,68,"Chicago-Naperville-Elgin, IL-IN-WI MSA",2018-06-02,ultimate,,2018-12-01,753.0,77.0,22134.66,22.0,1,1000,30720,3000,70,7,0.01,0.01,ultimate,0.0,0.0,0.0,0.0,0.0,0.0,70.0
1127,Marchelle,Brock,28,"New York-Newark-Jersey City, NY-NJ-PA MSA",2018-06-23,surf,,2018-06-01,25.0,3.0,7756.93,8.0,0,50,15360,500,20,10,0.03,0.03,surf,0.0,0.0,0.0,0.0,0.0,0.0,20.0
1127,Marchelle,Brock,28,"New York-Newark-Jersey City, NY-NJ-PA MSA",2018-06-23,surf,,2018-07-01,241.0,10.0,21608.77,22.0,0,50,15360,500,20,10,0.03,0.03,surf,0.0,0.0,7.0,0.0,0.0,70.0,90.0
1127,Marchelle,Brock,28,"New York-Newark-Jersey City, NY-NJ-PA MSA",2018-06-23,surf,,2018-08-01,275.0,9.0,21291.57,21.0,0,50,15360,500,20,10,0.03,0.03,surf,0.0,0.0,6.0,0.0,0.0,60.0,80.0
1127,Marchelle,Brock,28,"New York-Newark-Jersey City, NY-NJ-PA MSA",2018-06-23,surf,,2018-09-01,211.0,16.0,26462.44,26.0,0,50,15360,500,20,10,0.03,0.03,surf,0.0,0.0,11.0,0.0,0.0,110.0,130.0
1127,Marchelle,Brock,28,"New York-Newark-Jersey City, NY-NJ-PA MSA",2018-06-23,surf,,2018-10-01,168.0,12.0,24318.32,24.0,0,50,15360,500,20,10,0.03,0.03,surf,0.0,0.0,9.0,0.0,0.0,90.0,110.0
1127,Marchelle,Brock,28,"New York-Newark-Jersey City, NY-NJ-PA MSA",2018-06-23,surf,,2018-11-01,223.0,12.0,28516.95,28.0,0,50,15360,500,20,10,0.03,0.03,surf,0.0,0.0,13.0,0.0,0.0,130.0,150.0
1127,Marchelle,Brock,28,"New York-Newark-Jersey City, NY-NJ-PA MSA",2018-06-23,surf,,2018-12-01,340.0,14.0,21964.05,22.0,0,50,15360,500,20,10,0.03,0.03,surf,0.0,0.0,7.0,0.0,0.0,70.0,90.0
1128,Lucius,Fernandez,41,"Knoxville, TN MSA",2018-01-25,ultimate,,2018-06-01,45.0,25.0,13036.38,13.0,1,1000,30720,3000,70,7,0.01,0.01,ultimate,0.0,0.0,0.0,0.0,0.0,0.0,70.0
1128,Lucius,Fernandez,41,"Knoxville, TN MSA",2018-01-25,ultimate,,2018-07-01,77.0,38.0,20796.32,21.0,1,1000,30720,3000,70,7,0.01,0.01,ultimate,0.0,0.0,0.0,0.0,0.0,0.0,70.0
1128,Lucius,Fernandez,41,"Knoxville, TN MSA",2018-01-25,ultimate,,2018-08-01,56.0,54.0,15748.49,16.0,1,1000,30720,3000,70,7,0.01,0.01,ultimate,0.0,0.0,0.0,0.0,0.0,0.0,70.0
1128,Lucius,Fernandez,41,"Knoxville, TN MSA",2018-01-25,ultimate,,2018-09-01,18.0,43.0,21204.82,21.0,1,1000,30720,3000,70,7,0.01,0.01,ultimate,0.0,0.0,0.0,0.0,0.0,0.0,70.0
1128,Lucius,Fernandez,41,"Knoxville, TN MSA",2018-01-25,ultimate,,2018-10-01,35.0,37.0,19870.93,20.0,1,1000,30720,3000,70,7,0.01,0.01,ultimate,0.0,0.0,0.0,0.0,0.0,0.0,70.0
1128,Lucius,Fernandez,41,"Knoxville, TN MSA",2018-01-25,ultimate,,2018-11-01,46.0,42.0,18740.37,19.0,1,1000,30720,3000,70,7,0.01,0.01,ultimate,0.0,0.0,0.0,0.0,0.0,0.0,70.0
1128,Lucius,Fernandez,41,"Knoxville, TN MSA",2018-01-25,ultimate,,2018-12-01,101.0,55.0,15362.73,16.0,1,1000,30720,3000,70,7,0.01,0.01,ultimate,0.0,0.0,0.0,0.0,0.0,0.0,70.0
1129,Marin,Bolton,70,"Baton Rouge, LA MSA",2018-11-10,surf,2018-12-27,,0.0,0.0,0.0,0.0,0,50,15360,500,20,10,0.03,0.03,surf,0.0,0.0,0.0,0.0,0.0,0.0,20.0
1130,Clarence,Cunningham,27,"Philadelphia-Camden-Wilmington, PA-NJ-DE-MD MSA",2018-05-17,surf,,2018-09-01,251.0,51.0,12787.35,13.0,0,50,15360,500,20,10,0.03,0.03,surf,0.0,1.0,0.0,0.0,0.03,0.0,20.03
1130,Clarence,Cunningham,27,"Philadelphia-Camden-Wilmington, PA-NJ-DE-MD MSA",2018-05-17,surf,,2018-10-01,525.0,92.0,20706.02,21.0,0,50,15360,500,20,10,0.03,0.03,surf,25.0,42.0,6.0,0.75,1.26,60.0,82.01
1130,Clarence,Cunningham,27,"Philadelphia-Camden-Wilmington, PA-NJ-DE-MD MSA",2018-05-17,surf,,2018-11-01,586.0,89.0,13800.91,14.0,0,50,15360,500,20,10,0.03,0.03,surf,86.0,39.0,0.0,2.58,1.17,0.0,23.75
1130,Clarence,Cunningham,27,"Philadelphia-Camden-Wilmington, PA-NJ-DE-MD MSA",2018-05-17,surf,,2018-12-01,461.0,104.0,17920.43,18.0,0,50,15360,500,20,10,0.03,0.03,surf,0.0,54.0,3.0,0.0,1.6199999999999999,30.0,51.620000000000005
1131,Shane,Morrison,60,"Los Angeles-Long Beach-Anaheim, CA MSA",2018-01-07,surf,,,0.0,0.0,0.0,0.0,0,50,15360,500,20,10,0.03,0.03,surf,0.0,0.0,0.0,0.0,0.0,0.0,20.0
1132,Edward,Roberts,39,"San Francisco-Oakland-Berkeley, CA MSA",2018-04-14,ultimate,,2018-04-01,358.0,72.0,15651.16,16.0,1,1000,30720,3000,70,7,0.01,0.01,ultimate,0.0,0.0,0.0,0.0,0.0,0.0,70.0
1132,Edward,Roberts,39,"San Francisco-Oakland-Berkeley, CA MSA",2018-04-14,ultimate,,2018-05-01,769.0,149.0,30169.84,30.0,1,1000,30720,3000,70,7,0.01,0.01,ultimate,0.0,0.0,0.0,0.0,0.0,0.0,70.0
1132,Edward,Roberts,39,"San Francisco-Oakland-Berkeley, CA MSA",2018-04-14,ultimate,,2018-06-01,746.0,143.0,26344.73,26.0,1,1000,30720,3000,70,7,0.01,0.01,ultimate,0.0,0.0,0.0,0.0,0.0,0.0,70.0
1132,Edward,Roberts,39,"San Francisco-Oakland-Berkeley, CA MSA",2018-04-14,ultimate,,2018-07-01,573.0,149.0,27907.55,28.0,1,1000,30720,3000,70,7,0.01,0.01,ultimate,0.0,0.0,0.0,0.0,0.0,0.0,70.0
1132,Edward,Roberts,39,"San Francisco-Oakland-Berkeley, CA MSA",2018-04-14,ultimate,,2018-08-01,811.0,151.0,20796.21,21.0,1,1000,30720,3000,70,7,0.01,0.01,ultimate,0.0,0.0,0.0,0.0,0.0,0.0,70.0
1132,Edward,Roberts,39,"San Francisco-Oakland-Berkeley, CA MSA",2018-04-14,ultimate,,2018-09-01,670.0,155.0,26357.55,26.0,1,1000,30720,3000,70,7,0.01,0.01,ultimate,0.0,0.0,0.0,0.0,0.0,0.0,70.0
1132,Edward,Roberts,39,"San Francisco-Oakland-Berkeley, CA MSA",2018-04-14,ultimate,,2018-10-01,663.0,153.0,22614.02,23.0,1,1000,30720,3000,70,7,0.01,0.01,ultimate,0.0,0.0,0.0,0.0,0.0,0.0,70.0
1132,Edward,Roberts,39,"San Francisco-Oakland-Berkeley, CA MSA",2018-04-14,ultimate,,2018-11-01,632.0,166.0,26550.579999999998,26.0,1,1000,30720,3000,70,7,0.01,0.01,ultimate,0.0,0.0,0.0,0.0,0.0,0.0,70.0
1132,Edward,Roberts,39,"San Francisco-Oakland-Berkeley, CA MSA",2018-04-14,ultimate,,2018-12-01,647.0,150.0,17396.31,17.0,1,1000,30720,3000,70,7,0.01,0.01,ultimate,0.0,0.0,0.0,0.0,0.0,0.0,70.0
1133,Larry,Barr,50,"Cincinnati, OH-KY-IN MSA",2018-07-21,ultimate,,2018-07-01,61.0,27.0,3895.05,4.0,1,1000,30720,3000,70,7,0.01,0.01,ultimate,0.0,0.0,0.0,0.0,0.0,0.0,70.0
1133,Larry,Barr,50,"Cincinnati, OH-KY-IN MSA",2018-07-21,ultimate,,2018-08-01,242.0,70.0,16099.27,16.0,1,1000,30720,3000,70,7,0.01,0.01,ultimate,0.0,0.0,0.0,0.0,0.0,0.0,70.0
1133,Larry,Barr,50,"Cincinnati, OH-KY-IN MSA",2018-07-21,ultimate,,2018-09-01,313.0,90.0,17366.56,17.0,1,1000,30720,3000,70,7,0.01,0.01,ultimate,0.0,0.0,0.0,0.0,0.0,0.0,70.0
1133,Larry,Barr,50,"Cincinnati, OH-KY-IN MSA",2018-07-21,ultimate,,2018-10-01,255.0,81.0,16908.69,17.0,1,1000,30720,3000,70,7,0.01,0.01,ultimate,0.0,0.0,0.0,0.0,0.0,0.0,70.0
1133,Larry,Barr,50,"Cincinnati, OH-KY-IN MSA",2018-07-21,ultimate,,2018-11-01,314.0,102.0,16483.21,17.0,1,1000,30720,3000,70,7,0.01,0.01,ultimate,0.0,0.0,0.0,0.0,0.0,0.0,70.0
1133,Larry,Barr,50,"Cincinnati, OH-KY-IN MSA",2018-07-21,ultimate,,2018-12-01,259.0,85.0,12440.39,13.0,1,1000,30720,3000,70,7,0.01,0.01,ultimate,0.0,0.0,0.0,0.0,0.0,0.0,70.0
1134,Shannon,Nichols,71,"Chicago-Naperville-Elgin, IL-IN-WI MSA",2018-09-03,surf,,2018-09-01,286.0,16.0,15746.07,16.0,0,50,15360,500,20,10,0.03,0.03,surf,0.0,0.0,1.0,0.0,0.0,10.0,30.0
1134,Shannon,Nichols,71,"Chicago-Naperville-Elgin, IL-IN-WI MSA",2018-09-03,surf,,2018-10-01,218.0,11.0,18199.5,18.0,0,50,15360,500,20,10,0.03,0.03,surf,0.0,0.0,3.0,0.0,0.0,30.0,50.0
1134,Shannon,Nichols,71,"Chicago-Naperville-Elgin, IL-IN-WI MSA",2018-09-03,surf,,2018-11-01,224.0,24.0,23317.89,23.0,0,50,15360,500,20,10,0.03,0.03,surf,0.0,0.0,8.0,0.0,0.0,80.0,100.0
1134,Shannon,Nichols,71,"Chicago-Naperville-Elgin, IL-IN-WI MSA",2018-09-03,surf,,2018-12-01,258.0,10.0,24072.13,24.0,0,50,15360,500,20,10,0.03,0.03,surf,0.0,0.0,9.0,0.0,0.0,90.0,110.0
1135,Scotty,White,51,"Miami-Fort Lauderdale-West Palm Beach, FL MSA",2018-12-23,ultimate,,2018-12-01,142.0,0.0,6921.2,7.0,1,1000,30720,3000,70,7,0.01,0.01,ultimate,0.0,0.0,0.0,0.0,0.0,0.0,70.0
1136,Jasper,Caldwell,25,"Knoxville, TN MSA",2018-10-14,surf,,2018-10-01,125.0,26.0,11788.640000000001,12.0,0,50,15360,500,20,10,0.03,0.03,surf,0.0,0.0,0.0,0.0,0.0,0.0,20.0
1136,Jasper,Caldwell,25,"Knoxville, TN MSA",2018-10-14,surf,,2018-11-01,507.0,42.0,21273.99,21.0,0,50,15360,500,20,10,0.03,0.03,surf,7.0,0.0,6.0,0.21,0.0,60.0,80.21000000000001
1136,Jasper,Caldwell,25,"Knoxville, TN MSA",2018-10-14,surf,,2018-12-01,337.0,59.0,22459.67,22.0,0,50,15360,500,20,10,0.03,0.03,surf,0.0,9.0,7.0,0.0,0.27,70.0,90.27
1137,Allegra,Hopkins,20,"Chicago-Naperville-Elgin, IL-IN-WI MSA",2018-10-02,surf,,,0.0,0.0,0.0,0.0,0,50,15360,500,20,10,0.03,0.03,surf,0.0,0.0,0.0,0.0,0.0,0.0,20.0
1138,Arlie,Higgins,66,"Riverside-San Bernardino-Ontario, CA MSA",2018-02-06,surf,,2018-02-01,307.0,7.0,16319.15,16.0,0,50,15360,500,20,10,0.03,0.03,surf,0.0,0.0,1.0,0.0,0.0,10.0,30.0
1138,Arlie,Higgins,66,"Riverside-San Bernardino-Ontario, CA MSA",2018-02-06,surf,,2018-03-01,363.0,13.0,17496.71,18.0,0,50,15360,500,20,10,0.03,0.03,surf,0.0,0.0,3.0,0.0,0.0,30.0,50.0
1138,Arlie,Higgins,66,"Riverside-San Bernardino-Ontario, CA MSA",2018-02-06,surf,,2018-04-01,321.0,11.0,20111.21,20.0,0,50,15360,500,20,10,0.03,0.03,surf,0.0,0.0,5.0,0.0,0.0,50.0,70.0
1138,Arlie,Higgins,66,"Riverside-San Bernardino-Ontario, CA MSA",2018-02-06,surf,,2018-05-01,381.0,16.0,23059.99,23.0,0,50,15360,500,20,10,0.03,0.03,surf,0.0,0.0,8.0,0.0,0.0,80.0,100.0
1138,Arlie,Higgins,66,"Riverside-San Bernardino-Ontario, CA MSA",2018-02-06,surf,,2018-06-01,530.0,17.0,18719.47,19.0,0,50,15360,500,20,10,0.03,0.03,surf,30.0,0.0,4.0,0.8999999999999999,0.0,40.0,60.9
1138,Arlie,Higgins,66,"Riverside-San Bernardino-Ontario, CA MSA",2018-02-06,surf,,2018-07-01,399.0,11.0,23709.07,24.0,0,50,15360,500,20,10,0.03,0.03,surf,0.0,0.0,9.0,0.0,0.0,90.0,110.0
1138,Arlie,Higgins,66,"Riverside-San Bernardino-Ontario, CA MSA",2018-02-06,surf,,2018-08-01,549.0,7.0,18505.37,19.0,0,50,15360,500,20,10,0.03,0.03,surf,49.0,0.0,4.0,1.47,0.0,40.0,61.47
1138,Arlie,Higgins,66,"Riverside-San Bernardino-Ontario, CA MSA",2018-02-06,surf,,2018-09-01,374.0,17.0,20713.82,21.0,0,50,15360,500,20,10,0.03,0.03,surf,0.0,0.0,6.0,0.0,0.0,60.0,80.0
1138,Arlie,Higgins,66,"Riverside-San Bernardino-Ontario, CA MSA",2018-02-06,surf,,2018-10-01,469.0,7.0,23778.67,24.0,0,50,15360,500,20,10,0.03,0.03,surf,0.0,0.0,9.0,0.0,0.0,90.0,110.0
1138,Arlie,Higgins,66,"Riverside-San Bernardino-Ontario, CA MSA",2018-02-06,surf,,2018-11-01,375.0,7.0,16732.29,17.0,0,50,15360,500,20,10,0.03,0.03,surf,0.0,0.0,2.0,0.0,0.0,20.0,40.0
1138,Arlie,Higgins,66,"Riverside-San Bernardino-Ontario, CA MSA",2018-02-06,surf,,2018-12-01,177.0,7.0,8084.349999999999,8.0,0,50,15360,500,20,10,0.03,0.03,surf,0.0,0.0,0.0,0.0,0.0,0.0,20.0
1139,Thomas,Lawson,66,"New Orleans-Metairie, LA MSA",2018-11-18,surf,,2018-11-01,156.0,26.0,7640.26,8.0,0,50,15360,500,20,10,0.03,0.03,surf,0.0,0.0,0.0,0.0,0.0,0.0,20.0
1139,Thomas,Lawson,66,"New Orleans-Metairie, LA MSA",2018-11-18,surf,,2018-12-01,333.0,56.0,16642.19,17.0,0,50,15360,500,20,10,0.03,0.03,surf,0.0,6.0,2.0,0.0,0.18,20.0,40.18
1140,Randolph,Graves,53,"New York-Newark-Jersey City, NY-NJ-PA MSA",2018-03-26,surf,,2018-06-01,170.0,3.0,6188.79,7.0,0,50,15360,500,20,10,0.03,0.03,surf,0.0,0.0,0.0,0.0,0.0,0.0,20.0
1140,Randolph,Graves,53,"New York-Newark-Jersey City, NY-NJ-PA MSA",2018-03-26,surf,,2018-07-01,804.0,13.0,24060.44,24.0,0,50,15360,500,20,10,0.03,0.03,surf,304.0,0.0,9.0,9.12,0.0,90.0,119.12
1140,Randolph,Graves,53,"New York-Newark-Jersey City, NY-NJ-PA MSA",2018-03-26,surf,,2018-08-01,577.0,13.0,20653.77,21.0,0,50,15360,500,20,10,0.03,0.03,surf,77.0,0.0,6.0,2.31,0.0,60.0,82.31
1140,Randolph,Graves,53,"New York-Newark-Jersey City, NY-NJ-PA MSA",2018-03-26,surf,,2018-09-01,725.0,12.0,14411.51,15.0,0,50,15360,500,20,10,0.03,0.03,surf,225.0,0.0,0.0,6.75,0.0,0.0,26.75
1140,Randolph,Graves,53,"New York-Newark-Jersey City, NY-NJ-PA MSA",2018-03-26,surf,,2018-10-01,869.0,16.0,16832.5,17.0,0,50,15360,500,20,10,0.03,0.03,surf,369.0,0.0,2.0,11.07,0.0,20.0,51.07
1140,Randolph,Graves,53,"New York-Newark-Jersey City, NY-NJ-PA MSA",2018-03-26,surf,,2018-11-01,342.0,8.0,7153.67,7.0,0,50,15360,500,20,10,0.03,0.03,surf,0.0,0.0,0.0,0.0,0.0,0.0,20.0
1141,Kirstie,Hodges,46,"New York-Newark-Jersey City, NY-NJ-PA MSA",2018-06-26,surf,,2018-06-01,136.0,3.0,1990.02,2.0,0,50,15360,500,20,10,0.03,0.03,surf,0.0,0.0,0.0,0.0,0.0,0.0,20.0
1141,Kirstie,Hodges,46,"New York-Newark-Jersey City, NY-NJ-PA MSA",2018-06-26,surf,,2018-07-01,786.0,13.0,15038.09,15.0,0,50,15360,500,20,10,0.03,0.03,surf,286.0,0.0,0.0,8.58,0.0,0.0,28.58
1141,Kirstie,Hodges,46,"New York-Newark-Jersey City, NY-NJ-PA MSA",2018-06-26,surf,,2018-08-01,679.0,19.0,16926.93,17.0,0,50,15360,500,20,10,0.03,0.03,surf,179.0,0.0,2.0,5.37,0.0,20.0,45.370000000000005
1141,Kirstie,Hodges,46,"New York-Newark-Jersey City, NY-NJ-PA MSA",2018-06-26,surf,,2018-09-01,840.0,26.0,13151.789999999999,13.0,0,50,15360,500,20,10,0.03,0.03,surf,340.0,0.0,0.0,10.2,0.0,0.0,30.2
1141,Kirstie,Hodges,46,"New York-Newark-Jersey City, NY-NJ-PA MSA",2018-06-26,surf,,2018-10-01,1069.0,21.0,15702.7,16.0,0,50,15360,500,20,10,0.03,0.03,surf,569.0,0.0,1.0,17.07,0.0,10.0,47.07
1141,Kirstie,Hodges,46,"New York-Newark-Jersey City, NY-NJ-PA MSA",2018-06-26,surf,,2018-11-01,806.0,15.0,17335.74,17.0,0,50,15360,500,20,10,0.03,0.03,surf,306.0,0.0,2.0,9.18,0.0,20.0,49.18
1141,Kirstie,Hodges,46,"New York-Newark-Jersey City, NY-NJ-PA MSA",2018-06-26,surf,,2018-12-01,869.0,23.0,18037.61,18.0,0,50,15360,500,20,10,0.03,0.03,surf,369.0,0.0,3.0,11.07,0.0,30.0,61.07
1142,Charlesetta,Dillard,18,"New Orleans-Metairie, LA MSA",2018-08-23,surf,,2018-08-01,87.0,14.0,5493.87,6.0,0,50,15360,500,20,10,0.03,0.03,surf,0.0,0.0,0.0,0.0,0.0,0.0,20.0
1142,Charlesetta,Dillard,18,"New Orleans-Metairie, LA MSA",2018-08-23,surf,,2018-09-01,381.0,28.0,22002.61,22.0,0,50,15360,500,20,10,0.03,0.03,surf,0.0,0.0,7.0,0.0,0.0,70.0,90.0
1142,Charlesetta,Dillard,18,"New Orleans-Metairie, LA MSA",2018-08-23,surf,,2018-10-01,400.0,45.0,14142.56,14.0,0,50,15360,500,20,10,0.03,0.03,surf,0.0,0.0,0.0,0.0,0.0,0.0,20.0
1142,Charlesetta,Dillard,18,"New Orleans-Metairie, LA MSA",2018-08-23,surf,,2018-11-01,433.0,47.0,18743.06,19.0,0,50,15360,500,20,10,0.03,0.03,surf,0.0,0.0,4.0,0.0,0.0,40.0,60.0
1142,Charlesetta,Dillard,18,"New Orleans-Metairie, LA MSA",2018-08-23,surf,,2018-12-01,411.0,47.0,16170.33,16.0,0,50,15360,500,20,10,0.03,0.03,surf,0.0,0.0,1.0,0.0,0.0,10.0,30.0
1143,Lorina,Stevens,69,"Cincinnati, OH-KY-IN MSA",2018-10-26,surf,,,0.0,0.0,0.0,0.0,0,50,15360,500,20,10,0.03,0.03,surf,0.0,0.0,0.0,0.0,0.0,0.0,20.0
1144,Kaycee,Peterson,65,"New York-Newark-Jersey City, NY-NJ-PA MSA",2018-04-21,ultimate,,2018-04-01,163.0,21.0,8196.029999999999,9.0,1,1000,30720,3000,70,7,0.01,0.01,ultimate,0.0,0.0,0.0,0.0,0.0,0.0,70.0
1144,Kaycee,Peterson,65,"New York-Newark-Jersey City, NY-NJ-PA MSA",2018-04-21,ultimate,,2018-05-01,619.0,73.0,25753.69,26.0,1,1000,30720,3000,70,7,0.01,0.01,ultimate,0.0,0.0,0.0,0.0,0.0,0.0,70.0
1144,Kaycee,Peterson,65,"New York-Newark-Jersey City, NY-NJ-PA MSA",2018-04-21,ultimate,,2018-06-01,478.0,64.0,26198.65,26.0,1,1000,30720,3000,70,7,0.01,0.01,ultimate,0.0,0.0,0.0,0.0,0.0,0.0,70.0
1144,Kaycee,Peterson,65,"New York-Newark-Jersey City, NY-NJ-PA MSA",2018-04-21,ultimate,,2018-07-01,698.0,64.0,38583.96,38.0,1,1000,30720,3000,70,7,0.01,0.01,ultimate,0.0,0.0,8.0,0.0,0.0,56.0,126.0
1144,Kaycee,Peterson,65,"New York-Newark-Jersey City, NY-NJ-PA MSA",2018-04-21,ultimate,,2018-08-01,571.0,86.0,36704.71,36.0,1,1000,30720,3000,70,7,0.01,0.01,ultimate,0.0,0.0,6.0,0.0,0.0,42.0,112.0
1144,Kaycee,Peterson,65,"New York-Newark-Jersey City, NY-NJ-PA MSA",2018-04-21,ultimate,,2018-09-01,500.0,74.0,37587.03,37.0,1,1000,30720,3000,70,7,0.01,0.01,ultimate,0.0,0.0,7.0,0.0,0.0,49.0,119.0
1144,Kaycee,Peterson,65,"New York-Newark-Jersey City, NY-NJ-PA MSA",2018-04-21,ultimate,,2018-10-01,583.0,72.0,38156.82,38.0,1,1000,30720,3000,70,7,0.01,0.01,ultimate,0.0,0.0,8.0,0.0,0.0,56.0,126.0
1144,Kaycee,Peterson,65,"New York-Newark-Jersey City, NY-NJ-PA MSA",2018-04-21,ultimate,,2018-11-01,515.0,66.0,30493.86,30.0,1,1000,30720,3000,70,7,0.01,0.01,ultimate,0.0,0.0,0.0,0.0,0.0,0.0,70.0
1144,Kaycee,Peterson,65,"New York-Newark-Jersey City, NY-NJ-PA MSA",2018-04-21,ultimate,,2018-12-01,517.0,81.0,33370.53,33.0,1,1000,30720,3000,70,7,0.01,0.01,ultimate,0.0,0.0,3.0,0.0,0.0,21.0,91.0
1145,Venice,Brooks,29,"San Jose-Sunnyvale-Santa Clara, CA MSA",2018-04-12,surf,,2018-06-01,383.0,44.0,8298.869999999999,9.0,0,50,15360,500,20,10,0.03,0.03,surf,0.0,0.0,0.0,0.0,0.0,0.0,20.0
1145,Venice,Brooks,29,"San Jose-Sunnyvale-Santa Clara, CA MSA",2018-04-12,surf,,2018-07-01,350.0,78.0,17051.47,17.0,0,50,15360,500,20,10,0.03,0.03,surf,0.0,28.0,2.0,0.0,0.84,20.0,40.84
1145,Venice,Brooks,29,"San Jose-Sunnyvale-Santa Clara, CA MSA",2018-04-12,surf,,2018-08-01,311.0,75.0,17008.2,17.0,0,50,15360,500,20,10,0.03,0.03,surf,0.0,25.0,2.0,0.0,0.75,20.0,40.75
1145,Venice,Brooks,29,"San Jose-Sunnyvale-Santa Clara, CA MSA",2018-04-12,surf,,2018-09-01,519.0,55.0,17330.79,17.0,0,50,15360,500,20,10,0.03,0.03,surf,19.0,5.0,2.0,0.57,0.15,20.0,40.72
1145,Venice,Brooks,29,"San Jose-Sunnyvale-Santa Clara, CA MSA",2018-04-12,surf,,2018-10-01,343.0,71.0,23605.38,24.0,0,50,15360,500,20,10,0.03,0.03,surf,0.0,21.0,9.0,0.0,0.63,90.0,110.63
1145,Venice,Brooks,29,"San Jose-Sunnyvale-Santa Clara, CA MSA",2018-04-12,surf,,2018-11-01,224.0,64.0,19764.82,20.0,0,50,15360,500,20,10,0.03,0.03,surf,0.0,14.0,5.0,0.0,0.42,50.0,70.42
1145,Venice,Brooks,29,"San Jose-Sunnyvale-Santa Clara, CA MSA",2018-04-12,surf,,2018-12-01,364.0,61.0,18802.88,19.0,0,50,15360,500,20,10,0.03,0.03,surf,0.0,11.0,4.0,0.0,0.32999999999999996,40.0,60.33
1146,Loma,Mcneil,42,"New York-Newark-Jersey City, NY-NJ-PA MSA",2018-10-13,surf,,2018-10-01,221.0,43.0,11661.46,12.0,0,50,15360,500,20,10,0.03,0.03,surf,0.0,0.0,0.0,0.0,0.0,0.0,20.0
1146,Loma,Mcneil,42,"New York-Newark-Jersey City, NY-NJ-PA MSA",2018-10-13,surf,,2018-11-01,448.0,86.0,19888.04,20.0,0,50,15360,500,20,10,0.03,0.03,surf,0.0,36.0,5.0,0.0,1.08,50.0,71.08
1146,Loma,Mcneil,42,"New York-Newark-Jersey City, NY-NJ-PA MSA",2018-10-13,surf,,2018-12-01,464.0,109.0,17860.26,18.0,0,50,15360,500,20,10,0.03,0.03,surf,0.0,59.0,3.0,0.0,1.77,30.0,51.769999999999996
1147,Duncan,Malone,71,"Urban Honolulu, HI MSA",2018-04-30,surf,,2018-05-01,759.0,24.0,28739.36,29.0,0,50,15360,500,20,10,0.03,0.03,surf,259.0,0.0,14.0,7.77,0.0,140.0,167.77
1147,Duncan,Malone,71,"Urban Honolulu, HI MSA",2018-04-30,surf,,2018-06-01,641.0,23.0,34888.83,35.0,0,50,15360,500,20,10,0.03,0.03,surf,141.0,0.0,20.0,4.2299999999999995,0.0,200.0,224.23
1147,Duncan,Malone,71,"Urban Honolulu, HI MSA",2018-04-30,surf,,2018-07-01,787.0,30.0,36723.28,36.0,0,50,15360,500,20,10,0.03,0.03,surf,287.0,0.0,21.0,8.61,0.0,210.0,238.61
1147,Duncan,Malone,71,"Urban Honolulu, HI MSA",2018-04-30,surf,,2018-08-01,980.0,27.0,32962.14,33.0,0,50,15360,500,20,10,0.03,0.03,surf,480.0,0.0,18.0,14.399999999999999,0.0,180.0,214.4
1147,Duncan,Malone,71,"Urban Honolulu, HI MSA",2018-04-30,surf,,2018-09-01,564.0,18.0,35929.97,36.0,0,50,15360,500,20,10,0.03,0.03,surf,64.0,0.0,21.0,1.92,0.0,210.0,231.92000000000002
1147,Duncan,Malone,71,"Urban Honolulu, HI MSA",2018-04-30,surf,,2018-10-01,669.0,24.0,36895.77,37.0,0,50,15360,500,20,10,0.03,0.03,surf,169.0,0.0,22.0,5.069999999999999,0.0,220.0,245.07
1147,Duncan,Malone,71,"Urban Honolulu, HI MSA",2018-04-30,surf,,2018-11-01,808.0,33.0,25423.63,25.0,0,50,15360,500,20,10,0.03,0.03,surf,308.0,0.0,10.0,9.24,0.0,100.0,129.24
1147,Duncan,Malone,71,"Urban Honolulu, HI MSA",2018-04-30,surf,,2018-12-01,953.0,24.0,25811.670000000002,26.0,0,50,15360,500,20,10,0.03,0.03,surf,453.0,0.0,11.0,13.59,0.0,110.0,143.59
1148,Dwana,Moore,67,"Columbia, SC MSA",2018-11-04,surf,,2018-11-01,446.0,47.0,13722.77,14.0,0,50,15360,500,20,10,0.03,0.03,surf,0.0,0.0,0.0,0.0,0.0,0.0,20.0
1148,Dwana,Moore,67,"Columbia, SC MSA",2018-11-04,surf,,2018-12-01,610.0,76.0,17832.13,18.0,0,50,15360,500,20,10,0.03,0.03,surf,110.0,26.0,3.0,3.3,0.78,30.0,54.08
1149,Jamaal,Camacho,54,"San Francisco-Oakland-Berkeley, CA MSA",2018-03-03,surf,,2018-09-01,258.0,0.0,2450.56,3.0,0,50,15360,500,20,10,0.03,0.03,surf,0.0,0.0,0.0,0.0,0.0,0.0,20.0
1149,Jamaal,Camacho,54,"San Francisco-Oakland-Berkeley, CA MSA",2018-03-03,surf,,2018-10-01,505.0,0.0,11688.36,12.0,0,50,15360,500,20,10,0.03,0.03,surf,5.0,0.0,0.0,0.15,0.0,0.0,20.15
1149,Jamaal,Camacho,54,"San Francisco-Oakland-Berkeley, CA MSA",2018-03-03,surf,,2018-11-01,598.0,0.0,12987.49,13.0,0,50,15360,500,20,10,0.03,0.03,surf,98.0,0.0,0.0,2.94,0.0,0.0,22.94
1149,Jamaal,Camacho,54,"San Francisco-Oakland-Berkeley, CA MSA",2018-03-03,surf,,2018-12-01,426.0,0.0,7911.99,8.0,0,50,15360,500,20,10,0.03,0.03,surf,0.0,0.0,0.0,0.0,0.0,0.0,20.0
1150,Earlie,Giles,46,"Houston-The Woodlands-Sugar Land, TX MSA",2018-09-19,ultimate,,2018-09-01,159.0,0.0,4121.2,5.0,1,1000,30720,3000,70,7,0.01,0.01,ultimate,0.0,0.0,0.0,0.0,0.0,0.0,70.0
1150,Earlie,Giles,46,"Houston-The Woodlands-Sugar Land, TX MSA",2018-09-19,ultimate,,2018-10-01,460.0,0.0,15184.27,15.0,1,1000,30720,3000,70,7,0.01,0.01,ultimate,0.0,0.0,0.0,0.0,0.0,0.0,70.0
1150,Earlie,Giles,46,"Houston-The Woodlands-Sugar Land, TX MSA",2018-09-19,ultimate,,2018-11-01,628.0,0.0,18137.14,18.0,1,1000,30720,3000,70,7,0.01,0.01,ultimate,0.0,0.0,0.0,0.0,0.0,0.0,70.0
1150,Earlie,Giles,46,"Houston-The Woodlands-Sugar Land, TX MSA",2018-09-19,ultimate,,2018-12-01,481.0,0.0,12881.1,13.0,1,1000,30720,3000,70,7,0.01,0.01,ultimate,0.0,0.0,0.0,0.0,0.0,0.0,70.0
1151,Ralph,Monroe,21,"New York-Newark-Jersey City, NY-NJ-PA MSA",2018-03-20,surf,,2018-08-01,155.0,23.0,4775.44,5.0,0,50,15360,500,20,10,0.03,0.03,surf,0.0,0.0,0.0,0.0,0.0,0.0,20.0
1151,Ralph,Monroe,21,"New York-Newark-Jersey City, NY-NJ-PA MSA",2018-03-20,surf,,2018-09-01,498.0,57.0,14761.49,15.0,0,50,15360,500,20,10,0.03,0.03,surf,0.0,7.0,0.0,0.0,0.21,0.0,20.21
1151,Ralph,Monroe,21,"New York-Newark-Jersey City, NY-NJ-PA MSA",2018-03-20,surf,,2018-10-01,501.0,60.0,20534.38,21.0,0,50,15360,500,20,10,0.03,0.03,surf,1.0,10.0,6.0,0.03,0.3,60.0,80.33
1151,Ralph,Monroe,21,"New York-Newark-Jersey City, NY-NJ-PA MSA",2018-03-20,surf,,2018-11-01,655.0,63.0,16671.63,17.0,0,50,15360,500,20,10,0.03,0.03,surf,155.0,13.0,2.0,4.6499999999999995,0.39,20.0,45.04
1151,Ralph,Monroe,21,"New York-Newark-Jersey City, NY-NJ-PA MSA",2018-03-20,surf,,2018-12-01,713.0,57.0,12759.72,13.0,0,50,15360,500,20,10,0.03,0.03,surf,213.0,7.0,0.0,6.39,0.21,0.0,26.6
1152,Merrill,Hogan,35,"Orlando-Kissimmee-Sanford, FL MSA",2018-11-01,surf,,2018-11-01,639.0,0.0,16922.13,17.0,0,50,15360,500,20,10,0.03,0.03,surf,139.0,0.0,2.0,4.17,0.0,20.0,44.17
1152,Merrill,Hogan,35,"Orlando-Kissimmee-Sanford, FL MSA",2018-11-01,surf,,2018-12-01,741.0,0.0,15773.119999999999,16.0,0,50,15360,500,20,10,0.03,0.03,surf,241.0,0.0,1.0,7.2299999999999995,0.0,10.0,37.230000000000004
1153,Kathaleen,Crawford,30,"Bridgeport-Stamford-Norwalk, CT MSA",2018-06-19,surf,,2018-06-01,252.0,0.0,4746.07,5.0,0,50,15360,500,20,10,0.03,0.03,surf,0.0,0.0,0.0,0.0,0.0,0.0,20.0
1153,Kathaleen,Crawford,30,"Bridgeport-Stamford-Norwalk, CT MSA",2018-06-19,surf,,2018-07-01,617.0,0.0,11763.72,12.0,0,50,15360,500,20,10,0.03,0.03,surf,117.0,0.0,0.0,3.51,0.0,0.0,23.509999999999998
1153,Kathaleen,Crawford,30,"Bridgeport-Stamford-Norwalk, CT MSA",2018-06-19,surf,,2018-08-01,682.0,0.0,15152.16,15.0,0,50,15360,500,20,10,0.03,0.03,surf,182.0,0.0,0.0,5.46,0.0,0.0,25.46
1153,Kathaleen,Crawford,30,"Bridgeport-Stamford-Norwalk, CT MSA",2018-06-19,surf,,2018-09-01,582.0,0.0,19322.87,19.0,0,50,15360,500,20,10,0.03,0.03,surf,82.0,0.0,4.0,2.46,0.0,40.0,62.46
1153,Kathaleen,Crawford,30,"Bridgeport-Stamford-Norwalk, CT MSA",2018-06-19,surf,,2018-10-01,802.0,0.0,10091.36,10.0,0,50,15360,500,20,10,0.03,0.03,surf,302.0,0.0,0.0,9.06,0.0,0.0,29.060000000000002
1153,Kathaleen,Crawford,30,"Bridgeport-Stamford-Norwalk, CT MSA",2018-06-19,surf,,2018-11-01,659.0,0.0,16651.62,17.0,0,50,15360,500,20,10,0.03,0.03,surf,159.0,0.0,2.0,4.77,0.0,20.0,44.769999999999996
1153,Kathaleen,Crawford,30,"Bridgeport-Stamford-Norwalk, CT MSA",2018-06-19,surf,,2018-12-01,630.0,0.0,9006.32,9.0,0,50,15360,500,20,10,0.03,0.03,surf,130.0,0.0,0.0,3.9,0.0,0.0,23.9
1154,Humberto,Pruitt,53,"Nashville-Davidson–Murfreesboro–Franklin, TN MSA",2018-07-18,ultimate,,2018-10-01,355.0,74.0,16242.38,16.0,1,1000,30720,3000,70,7,0.01,0.01,ultimate,0.0,0.0,0.0,0.0,0.0,0.0,70.0
1154,Humberto,Pruitt,53,"Nashville-Davidson–Murfreesboro–Franklin, TN MSA",2018-07-18,ultimate,,2018-11-01,289.0,68.0,18063.16,18.0,1,1000,30720,3000,70,7,0.01,0.01,ultimate,0.0,0.0,0.0,0.0,0.0,0.0,70.0
1154,Humberto,Pruitt,53,"Nashville-Davidson–Murfreesboro–Franklin, TN MSA",2018-07-18,ultimate,,2018-12-01,254.0,83.0,12544.68,13.0,1,1000,30720,3000,70,7,0.01,0.01,ultimate,0.0,0.0,0.0,0.0,0.0,0.0,70.0
1155,Claude,Hahn,19,"Miami-Fort Lauderdale-West Palm Beach, FL MSA",2018-02-21,ultimate,,2018-02-01,90.0,8.0,4975.1900000000005,5.0,1,1000,30720,3000,70,7,0.01,0.01,ultimate,0.0,0.0,0.0,0.0,0.0,0.0,70.0
1155,Claude,Hahn,19,"Miami-Fort Lauderdale-West Palm Beach, FL MSA",2018-02-21,ultimate,,2018-03-01,270.0,34.0,20935.06,21.0,1,1000,30720,3000,70,7,0.01,0.01,ultimate,0.0,0.0,0.0,0.0,0.0,0.0,70.0
1155,Claude,Hahn,19,"Miami-Fort Lauderdale-West Palm Beach, FL MSA",2018-02-21,ultimate,,2018-04-01,294.0,49.0,18536.920000000002,19.0,1,1000,30720,3000,70,7,0.01,0.01,ultimate,0.0,0.0,0.0,0.0,0.0,0.0,70.0
1155,Claude,Hahn,19,"Miami-Fort Lauderdale-West Palm Beach, FL MSA",2018-02-21,ultimate,,2018-05-01,229.0,36.0,16743.03,17.0,1,1000,30720,3000,70,7,0.01,0.01,ultimate,0.0,0.0,0.0,0.0,0.0,0.0,70.0
1155,Claude,Hahn,19,"Miami-Fort Lauderdale-West Palm Beach, FL MSA",2018-02-21,ultimate,,2018-06-01,208.0,35.0,20582.21,21.0,1,1000,30720,3000,70,7,0.01,0.01,ultimate,0.0,0.0,0.0,0.0,0.0,0.0,70.0
1155,Claude,Hahn,19,"Miami-Fort Lauderdale-West Palm Beach, FL MSA",2018-02-21,ultimate,,2018-07-01,139.0,27.0,20407.8,20.0,1,1000,30720,3000,70,7,0.01,0.01,ultimate,0.0,0.0,0.0,0.0,0.0,0.0,70.0
1155,Claude,Hahn,19,"Miami-Fort Lauderdale-West Palm Beach, FL MSA",2018-02-21,ultimate,,2018-08-01,253.0,33.0,26732.39,27.0,1,1000,30720,3000,70,7,0.01,0.01,ultimate,0.0,0.0,0.0,0.0,0.0,0.0,70.0
1155,Claude,Hahn,19,"Miami-Fort Lauderdale-West Palm Beach, FL MSA",2018-02-21,ultimate,,2018-09-01,214.0,47.0,25109.6,25.0,1,1000,30720,3000,70,7,0.01,0.01,ultimate,0.0,0.0,0.0,0.0,0.0,0.0,70.0
1155,Claude,Hahn,19,"Miami-Fort Lauderdale-West Palm Beach, FL MSA",2018-02-21,ultimate,,2018-10-01,271.0,23.0,25785.6,26.0,1,1000,30720,3000,70,7,0.01,0.01,ultimate,0.0,0.0,0.0,0.0,0.0,0.0,70.0
1155,Claude,Hahn,19,"Miami-Fort Lauderdale-West Palm Beach, FL MSA",2018-02-21,ultimate,,2018-11-01,277.0,28.0,20099.69,20.0,1,1000,30720,3000,70,7,0.01,0.01,ultimate,0.0,0.0,0.0,0.0,0.0,0.0,70.0
1155,Claude,Hahn,19,"Miami-Fort Lauderdale-West Palm Beach, FL MSA",2018-02-21,ultimate,,2018-12-01,217.0,35.0,26530.44,26.0,1,1000,30720,3000,70,7,0.01,0.01,ultimate,0.0,0.0,0.0,0.0,0.0,0.0,70.0
1156,Anette,Chambers,71,"Albuquerque, NM MSA",2018-03-25,surf,,2018-04-01,241.0,0.0,8642.62,9.0,0,50,15360,500,20,10,0.03,0.03,surf,0.0,0.0,0.0,0.0,0.0,0.0,20.0
1156,Anette,Chambers,71,"Albuquerque, NM MSA",2018-03-25,surf,,2018-05-01,502.0,0.0,24169.96,24.0,0,50,15360,500,20,10,0.03,0.03,surf,2.0,0.0,9.0,0.06,0.0,90.0,110.06
1156,Anette,Chambers,71,"Albuquerque, NM MSA",2018-03-25,surf,,2018-06-01,596.0,0.0,21636.5,22.0,0,50,15360,500,20,10,0.03,0.03,surf,96.0,0.0,7.0,2.88,0.0,70.0,92.88
1156,Anette,Chambers,71,"Albuquerque, NM MSA",2018-03-25,surf,,2018-07-01,532.0,0.0,23331.7,23.0,0,50,15360,500,20,10,0.03,0.03,surf,32.0,0.0,8.0,0.96,0.0,80.0,100.96000000000001
1156,Anette,Chambers,71,"Albuquerque, NM MSA",2018-03-25,surf,,2018-08-01,413.0,0.0,17630.7,18.0,0,50,15360,500,20,10,0.03,0.03,surf,0.0,0.0,3.0,0.0,0.0,30.0,50.0
1156,Anette,Chambers,71,"Albuquerque, NM MSA",2018-03-25,surf,,2018-09-01,335.0,0.0,20283.49,20.0,0,50,15360,500,20,10,0.03,0.03,surf,0.0,0.0,5.0,0.0,0.0,50.0,70.0
1156,Anette,Chambers,71,"Albuquerque, NM MSA",2018-03-25,surf,,2018-10-01,414.0,0.0,19966.57,20.0,0,50,15360,500,20,10,0.03,0.03,surf,0.0,0.0,5.0,0.0,0.0,50.0,70.0
1156,Anette,Chambers,71,"Albuquerque, NM MSA",2018-03-25,surf,,2018-11-01,645.0,0.0,18137.5,18.0,0,50,15360,500,20,10,0.03,0.03,surf,145.0,0.0,3.0,4.35,0.0,30.0,54.35
1156,Anette,Chambers,71,"Albuquerque, NM MSA",2018-03-25,surf,,2018-12-01,400.0,0.0,17486.49,18.0,0,50,15360,500,20,10,0.03,0.03,surf,0.0,0.0,3.0,0.0,0.0,30.0,50.0
1157,Luciano,Sheppard,63,"Los Angeles-Long Beach-Anaheim, CA MSA",2018-07-02,surf,,2018-07-01,313.0,0.0,6447.47,7.0,0,50,15360,500,20,10,0.03,0.03,surf,0.0,0.0,0.0,0.0,0.0,0.0,20.0
1157,Luciano,Sheppard,63,"Los Angeles-Long Beach-Anaheim, CA MSA",2018-07-02,surf,,2018-08-01,389.0,0.0,15398.11,16.0,0,50,15360,500,20,10,0.03,0.03,surf,0.0,0.0,1.0,0.0,0.0,10.0,30.0
1157,Luciano,Sheppard,63,"Los Angeles-Long Beach-Anaheim, CA MSA",2018-07-02,surf,,2018-09-01,530.0,0.0,10238.27,10.0,0,50,15360,500,20,10,0.03,0.03,surf,30.0,0.0,0.0,0.8999999999999999,0.0,0.0,20.9
1157,Luciano,Sheppard,63,"Los Angeles-Long Beach-Anaheim, CA MSA",2018-07-02,surf,,2018-10-01,431.0,0.0,10062.17,10.0,0,50,15360,500,20,10,0.03,0.03,surf,0.0,0.0,0.0,0.0,0.0,0.0,20.0
1157,Luciano,Sheppard,63,"Los Angeles-Long Beach-Anaheim, CA MSA",2018-07-02,surf,,2018-11-01,413.0,0.0,9236.95,10.0,0,50,15360,500,20,10,0.03,0.03,surf,0.0,0.0,0.0,0.0,0.0,0.0,20.0
1157,Luciano,Sheppard,63,"Los Angeles-Long Beach-Anaheim, CA MSA",2018-07-02,surf,,2018-12-01,508.0,0.0,8196.85,9.0,0,50,15360,500,20,10,0.03,0.03,surf,8.0,0.0,0.0,0.24,0.0,0.0,20.24
1158,Robin,Thornton,20,"Virginia Beach-Norfolk-Newport News, VA-NC MSA",2018-11-30,ultimate,,2018-12-01,476.0,0.0,21244.74,21.0,1,1000,30720,3000,70,7,0.01,0.01,ultimate,0.0,0.0,0.0,0.0,0.0,0.0,70.0
1159,Dierdre,Baker,58,"Miami-Fort Lauderdale-West Palm Beach, FL MSA",2018-07-21,ultimate,,2018-08-01,742.0,73.0,6412.6,7.0,1,1000,30720,3000,70,7,0.01,0.01,ultimate,0.0,0.0,0.0,0.0,0.0,0.0,70.0
1159,Dierdre,Baker,58,"Miami-Fort Lauderdale-West Palm Beach, FL MSA",2018-07-21,ultimate,,2018-09-01,806.0,107.0,17015.76,17.0,1,1000,30720,3000,70,7,0.01,0.01,ultimate,0.0,0.0,0.0,0.0,0.0,0.0,70.0
1159,Dierdre,Baker,58,"Miami-Fort Lauderdale-West Palm Beach, FL MSA",2018-07-21,ultimate,,2018-10-01,848.0,106.0,15861.99,16.0,1,1000,30720,3000,70,7,0.01,0.01,ultimate,0.0,0.0,0.0,0.0,0.0,0.0,70.0
1159,Dierdre,Baker,58,"Miami-Fort Lauderdale-West Palm Beach, FL MSA",2018-07-21,ultimate,,2018-11-01,856.0,94.0,13825.28,14.0,1,1000,30720,3000,70,7,0.01,0.01,ultimate,0.0,0.0,0.0,0.0,0.0,0.0,70.0
1159,Dierdre,Baker,58,"Miami-Fort Lauderdale-West Palm Beach, FL MSA",2018-07-21,ultimate,,2018-12-01,1071.0,110.0,13966.210000000001,14.0,1,1000,30720,3000,70,7,0.01,0.01,ultimate,0.0,0.0,0.0,0.0,0.0,0.0,70.0
1160,Steven,Morgan,44,"Portland-Vancouver-Hillsboro, OR-WA MSA",2018-02-05,surf,,2018-04-01,232.0,9.0,6759.66,7.0,0,50,15360,500,20,10,0.03,0.03,surf,0.0,0.0,0.0,0.0,0.0,0.0,20.0
1160,Steven,Morgan,44,"Portland-Vancouver-Hillsboro, OR-WA MSA",2018-02-05,surf,,2018-05-01,626.0,14.0,20314.35,20.0,0,50,15360,500,20,10,0.03,0.03,surf,126.0,0.0,5.0,3.78,0.0,50.0,73.78
1160,Steven,Morgan,44,"Portland-Vancouver-Hillsboro, OR-WA MSA",2018-02-05,surf,,2018-06-01,559.0,11.0,16732.0,17.0,0,50,15360,500,20,10,0.03,0.03,surf,59.0,0.0,2.0,1.77,0.0,20.0,41.769999999999996
1160,Steven,Morgan,44,"Portland-Vancouver-Hillsboro, OR-WA MSA",2018-02-05,surf,,2018-07-01,601.0,17.0,15954.6,16.0,0,50,15360,500,20,10,0.03,0.03,surf,101.0,0.0,1.0,3.03,0.0,10.0,33.03
1160,Steven,Morgan,44,"Portland-Vancouver-Hillsboro, OR-WA MSA",2018-02-05,surf,,2018-08-01,642.0,24.0,22566.63,23.0,0,50,15360,500,20,10,0.03,0.03,surf,142.0,0.0,8.0,4.26,0.0,80.0,104.25999999999999
1160,Steven,Morgan,44,"Portland-Vancouver-Hillsboro, OR-WA MSA",2018-02-05,surf,,2018-09-01,680.0,23.0,15166.3,15.0,0,50,15360,500,20,10,0.03,0.03,surf,180.0,0.0,0.0,5.3999999999999995,0.0,0.0,25.4
1160,Steven,Morgan,44,"Portland-Vancouver-Hillsboro, OR-WA MSA",2018-02-05,surf,,2018-10-01,682.0,13.0,24711.15,25.0,0,50,15360,500,20,10,0.03,0.03,surf,182.0,0.0,10.0,5.46,0.0,100.0,125.46000000000001
1160,Steven,Morgan,44,"Portland-Vancouver-Hillsboro, OR-WA MSA",2018-02-05,surf,,2018-11-01,527.0,10.0,22695.93,23.0,0,50,15360,500,20,10,0.03,0.03,surf,27.0,0.0,8.0,0.8099999999999999,0.0,80.0,100.81
1160,Steven,Morgan,44,"Portland-Vancouver-Hillsboro, OR-WA MSA",2018-02-05,surf,,2018-12-01,602.0,14.0,22595.059999999998,23.0,0,50,15360,500,20,10,0.03,0.03,surf,102.0,0.0,8.0,3.06,0.0,80.0,103.06
1161,Florance,Estrada,52,"New York-Newark-Jersey City, NY-NJ-PA MSA",2018-11-27,ultimate,,2018-11-01,113.0,0.0,1052.08,2.0,1,1000,30720,3000,70,7,0.01,0.01,ultimate,0.0,0.0,0.0,0.0,0.0,0.0,70.0
1161,Florance,Estrada,52,"New York-Newark-Jersey City, NY-NJ-PA MSA",2018-11-27,ultimate,,2018-12-01,727.0,2.0,13603.88,14.0,1,1000,30720,3000,70,7,0.01,0.01,ultimate,0.0,0.0,0.0,0.0,0.0,0.0,70.0
1162,Mark,Farley,20,"Los Angeles-Long Beach-Anaheim, CA MSA",2018-07-12,ultimate,,2018-10-01,313.0,23.0,10939.1,11.0,1,1000,30720,3000,70,7,0.01,0.01,ultimate,0.0,0.0,0.0,0.0,0.0,0.0,70.0
1162,Mark,Farley,20,"Los Angeles-Long Beach-Anaheim, CA MSA",2018-07-12,ultimate,,2018-11-01,377.0,34.0,17130.9,17.0,1,1000,30720,3000,70,7,0.01,0.01,ultimate,0.0,0.0,0.0,0.0,0.0,0.0,70.0
1162,Mark,Farley,20,"Los Angeles-Long Beach-Anaheim, CA MSA",2018-07-12,ultimate,,2018-12-01,390.0,39.0,19813.79,20.0,1,1000,30720,3000,70,7,0.01,0.01,ultimate,0.0,0.0,0.0,0.0,0.0,0.0,70.0
1163,Lanie,Washington,27,"Los Angeles-Long Beach-Anaheim, CA MSA",2018-01-12,ultimate,,2018-08-01,385.0,4.0,12166.449999999999,12.0,1,1000,30720,3000,70,7,0.01,0.01,ultimate,0.0,0.0,0.0,0.0,0.0,0.0,70.0
1163,Lanie,Washington,27,"Los Angeles-Long Beach-Anaheim, CA MSA",2018-01-12,ultimate,,2018-09-01,432.0,3.0,14821.54,15.0,1,1000,30720,3000,70,7,0.01,0.01,ultimate,0.0,0.0,0.0,0.0,0.0,0.0,70.0
1163,Lanie,Washington,27,"Los Angeles-Long Beach-Anaheim, CA MSA",2018-01-12,ultimate,,2018-10-01,714.0,7.0,19785.31,20.0,1,1000,30720,3000,70,7,0.01,0.01,ultimate,0.0,0.0,0.0,0.0,0.0,0.0,70.0
1163,Lanie,Washington,27,"Los Angeles-Long Beach-Anaheim, CA MSA",2018-01-12,ultimate,,2018-11-01,584.0,10.0,26548.26,26.0,1,1000,30720,3000,70,7,0.01,0.01,ultimate,0.0,0.0,0.0,0.0,0.0,0.0,70.0
1163,Lanie,Washington,27,"Los Angeles-Long Beach-Anaheim, CA MSA",2018-01-12,ultimate,,2018-12-01,530.0,6.0,22193.15,22.0,1,1000,30720,3000,70,7,0.01,0.01,ultimate,0.0,0.0,0.0,0.0,0.0,0.0,70.0
1164,Kam,Macias,31,"Chicago-Naperville-Elgin, IL-IN-WI MSA",2018-02-17,ultimate,,2018-04-01,109.0,9.0,2947.77,3.0,1,1000,30720,3000,70,7,0.01,0.01,ultimate,0.0,0.0,0.0,0.0,0.0,0.0,70.0
1164,Kam,Macias,31,"Chicago-Naperville-Elgin, IL-IN-WI MSA",2018-02-17,ultimate,,2018-05-01,451.0,26.0,13675.95,14.0,1,1000,30720,3000,70,7,0.01,0.01,ultimate,0.0,0.0,0.0,0.0,0.0,0.0,70.0
1164,Kam,Macias,31,"Chicago-Naperville-Elgin, IL-IN-WI MSA",2018-02-17,ultimate,,2018-06-01,395.0,29.0,16795.58,17.0,1,1000,30720,3000,70,7,0.01,0.01,ultimate,0.0,0.0,0.0,0.0,0.0,0.0,70.0
1164,Kam,Macias,31,"Chicago-Naperville-Elgin, IL-IN-WI MSA",2018-02-17,ultimate,,2018-07-01,408.0,28.0,13498.97,14.0,1,1000,30720,3000,70,7,0.01,0.01,ultimate,0.0,0.0,0.0,0.0,0.0,0.0,70.0
1164,Kam,Macias,31,"Chicago-Naperville-Elgin, IL-IN-WI MSA",2018-02-17,ultimate,,2018-08-01,292.0,21.0,14337.82,15.0,1,1000,30720,3000,70,7,0.01,0.01,ultimate,0.0,0.0,0.0,0.0,0.0,0.0,70.0
1164,Kam,Macias,31,"Chicago-Naperville-Elgin, IL-IN-WI MSA",2018-02-17,ultimate,,2018-09-01,450.0,29.0,14072.88,14.0,1,1000,30720,3000,70,7,0.01,0.01,ultimate,0.0,0.0,0.0,0.0,0.0,0.0,70.0
1164,Kam,Macias,31,"Chicago-Naperville-Elgin, IL-IN-WI MSA",2018-02-17,ultimate,,2018-10-01,443.0,25.0,16135.66,16.0,1,1000,30720,3000,70,7,0.01,0.01,ultimate,0.0,0.0,0.0,0.0,0.0,0.0,70.0
1164,Kam,Macias,31,"Chicago-Naperville-Elgin, IL-IN-WI MSA",2018-02-17,ultimate,,2018-11-01,470.0,32.0,16867.46,17.0,1,1000,30720,3000,70,7,0.01,0.01,ultimate,0.0,0.0,0.0,0.0,0.0,0.0,70.0
1164,Kam,Macias,31,"Chicago-Naperville-Elgin, IL-IN-WI MSA",2018-02-17,ultimate,,2018-12-01,350.0,26.0,16078.19,16.0,1,1000,30720,3000,70,7,0.01,0.01,ultimate,0.0,0.0,0.0,0.0,0.0,0.0,70.0
1165,Nigel,Huber,20,"Philadelphia-Camden-Wilmington, PA-NJ-DE-MD MSA",2018-10-27,surf,,2018-10-01,9.0,2.0,3228.44,4.0,0,50,15360,500,20,10,0.03,0.03,surf,0.0,0.0,0.0,0.0,0.0,0.0,20.0
1165,Nigel,Huber,20,"Philadelphia-Camden-Wilmington, PA-NJ-DE-MD MSA",2018-10-27,surf,,2018-11-01,124.0,42.0,18911.25,19.0,0,50,15360,500,20,10,0.03,0.03,surf,0.0,0.0,4.0,0.0,0.0,40.0,60.0
1165,Nigel,Huber,20,"Philadelphia-Camden-Wilmington, PA-NJ-DE-MD MSA",2018-10-27,surf,,2018-12-01,184.0,24.0,15928.3,16.0,0,50,15360,500,20,10,0.03,0.03,surf,0.0,0.0,1.0,0.0,0.0,10.0,30.0
1166,Kaycee,Bryant,26,"Baltimore-Columbia-Towson, MD MSA",2018-05-07,surf,,2018-09-01,182.0,0.0,16678.22,17.0,0,50,15360,500,20,10,0.03,0.03,surf,0.0,0.0,2.0,0.0,0.0,20.0,40.0
1166,Kaycee,Bryant,26,"Baltimore-Columbia-Towson, MD MSA",2018-05-07,surf,,2018-10-01,179.0,0.0,19805.95,20.0,0,50,15360,500,20,10,0.03,0.03,surf,0.0,0.0,5.0,0.0,0.0,50.0,70.0
1166,Kaycee,Bryant,26,"Baltimore-Columbia-Towson, MD MSA",2018-05-07,surf,,2018-11-01,182.0,0.0,28112.87,28.0,0,50,15360,500,20,10,0.03,0.03,surf,0.0,0.0,13.0,0.0,0.0,130.0,150.0
1166,Kaycee,Bryant,26,"Baltimore-Columbia-Towson, MD MSA",2018-05-07,surf,,2018-12-01,215.0,0.0,19746.03,20.0,0,50,15360,500,20,10,0.03,0.03,surf,0.0,0.0,5.0,0.0,0.0,50.0,70.0
1167,Rebbecca,Nicholson,47,"Denver-Aurora-Lakewood, CO MSA",2018-04-06,surf,,2018-05-01,176.0,16.0,3367.1800000000003,4.0,0,50,15360,500,20,10,0.03,0.03,surf,0.0,0.0,0.0,0.0,0.0,0.0,20.0
1167,Rebbecca,Nicholson,47,"Denver-Aurora-Lakewood, CO MSA",2018-04-06,surf,,2018-06-01,646.0,49.0,15091.52,15.0,0,50,15360,500,20,10,0.03,0.03,surf,146.0,0.0,0.0,4.38,0.0,0.0,24.38
1167,Rebbecca,Nicholson,47,"Denver-Aurora-Lakewood, CO MSA",2018-04-06,surf,,2018-07-01,588.0,59.0,12309.02,13.0,0,50,15360,500,20,10,0.03,0.03,surf,88.0,9.0,0.0,2.6399999999999997,0.27,0.0,22.91
1167,Rebbecca,Nicholson,47,"Denver-Aurora-Lakewood, CO MSA",2018-04-06,surf,,2018-08-01,581.0,31.0,8734.55,9.0,0,50,15360,500,20,10,0.03,0.03,surf,81.0,0.0,0.0,2.4299999999999997,0.0,0.0,22.43
1167,Rebbecca,Nicholson,47,"Denver-Aurora-Lakewood, CO MSA",2018-04-06,surf,,2018-09-01,449.0,44.0,13276.26,13.0,0,50,15360,500,20,10,0.03,0.03,surf,0.0,0.0,0.0,0.0,0.0,0.0,20.0
1167,Rebbecca,Nicholson,47,"Denver-Aurora-Lakewood, CO MSA",2018-04-06,surf,,2018-10-01,640.0,52.0,16142.29,16.0,0,50,15360,500,20,10,0.03,0.03,surf,140.0,2.0,1.0,4.2,0.06,10.0,34.26
1167,Rebbecca,Nicholson,47,"Denver-Aurora-Lakewood, CO MSA",2018-04-06,surf,,2018-11-01,634.0,41.0,13312.88,14.0,0,50,15360,500,20,10,0.03,0.03,surf,134.0,0.0,0.0,4.02,0.0,0.0,24.02
1167,Rebbecca,Nicholson,47,"Denver-Aurora-Lakewood, CO MSA",2018-04-06,surf,,2018-12-01,612.0,52.0,13003.48,13.0,0,50,15360,500,20,10,0.03,0.03,surf,112.0,2.0,0.0,3.36,0.06,0.0,23.419999999999998
1168,Shay,Weaver,58,"Milwaukee-Waukesha, WI MSA",2018-12-13,surf,,2018-12-01,294.0,14.0,7322.85,8.0,0,50,15360,500,20,10,0.03,0.03,surf,0.0,0.0,0.0,0.0,0.0,0.0,20.0
1169,Hai,Bean,67,"New York-Newark-Jersey City, NY-NJ-PA MSA",2018-12-06,surf,,2018-12-01,835.0,110.0,17431.28,18.0,0,50,15360,500,20,10,0.03,0.03,surf,335.0,60.0,3.0,10.049999999999999,1.7999999999999998,30.0,61.849999999999994
1170,Olin,Adkins,18,"Pittsburgh, PA MSA",2018-09-25,surf,,2018-09-01,90.0,3.0,7189.24,8.0,0,50,15360,500,20,10,0.03,0.03,surf,0.0,0.0,0.0,0.0,0.0,0.0,20.0
1170,Olin,Adkins,18,"Pittsburgh, PA MSA",2018-09-25,surf,,2018-10-01,895.0,5.0,23753.86,24.0,0,50,15360,500,20,10,0.03,0.03,surf,395.0,0.0,9.0,11.85,0.0,90.0,121.85
1170,Olin,Adkins,18,"Pittsburgh, PA MSA",2018-09-25,surf,,2018-11-01,712.0,13.0,28390.97,28.0,0,50,15360,500,20,10,0.03,0.03,surf,212.0,0.0,13.0,6.359999999999999,0.0,130.0,156.36
1170,Olin,Adkins,18,"Pittsburgh, PA MSA",2018-09-25,surf,,2018-12-01,876.0,11.0,24574.25,24.0,0,50,15360,500,20,10,0.03,0.03,surf,376.0,0.0,9.0,11.28,0.0,90.0,121.28
1171,Devin,Wilkinson,56,"Boston-Cambridge-Newton, MA-NH MSA",2018-01-27,surf,,2018-02-01,253.0,0.0,16042.380000000001,16.0,0,50,15360,500,20,10,0.03,0.03,surf,0.0,0.0,1.0,0.0,0.0,10.0,30.0
1171,Devin,Wilkinson,56,"Boston-Cambridge-Newton, MA-NH MSA",2018-01-27,surf,,2018-03-01,300.0,0.0,25452.13,25.0,0,50,15360,500,20,10,0.03,0.03,surf,0.0,0.0,10.0,0.0,0.0,100.0,120.0
1171,Devin,Wilkinson,56,"Boston-Cambridge-Newton, MA-NH MSA",2018-01-27,surf,,2018-04-01,369.0,0.0,20924.42,21.0,0,50,15360,500,20,10,0.03,0.03,surf,0.0,0.0,6.0,0.0,0.0,60.0,80.0
1171,Devin,Wilkinson,56,"Boston-Cambridge-Newton, MA-NH MSA",2018-01-27,surf,,2018-05-01,251.0,0.0,20635.5,21.0,0,50,15360,500,20,10,0.03,0.03,surf,0.0,0.0,6.0,0.0,0.0,60.0,80.0
1171,Devin,Wilkinson,56,"Boston-Cambridge-Newton, MA-NH MSA",2018-01-27,surf,,2018-06-01,308.0,0.0,18007.14,18.0,0,50,15360,500,20,10,0.03,0.03,surf,0.0,0.0,3.0,0.0,0.0,30.0,50.0
1171,Devin,Wilkinson,56,"Boston-Cambridge-Newton, MA-NH MSA",2018-01-27,surf,,2018-07-01,323.0,0.0,20298.36,20.0,0,50,15360,500,20,10,0.03,0.03,surf,0.0,0.0,5.0,0.0,0.0,50.0,70.0
1171,Devin,Wilkinson,56,"Boston-Cambridge-Newton, MA-NH MSA",2018-01-27,surf,,2018-08-01,257.0,0.0,17170.32,17.0,0,50,15360,500,20,10,0.03,0.03,surf,0.0,0.0,2.0,0.0,0.0,20.0,40.0
1171,Devin,Wilkinson,56,"Boston-Cambridge-Newton, MA-NH MSA",2018-01-27,surf,,2018-09-01,196.0,0.0,22378.989999999998,22.0,0,50,15360,500,20,10,0.03,0.03,surf,0.0,0.0,7.0,0.0,0.0,70.0,90.0
1171,Devin,Wilkinson,56,"Boston-Cambridge-Newton, MA-NH MSA",2018-01-27,surf,,2018-10-01,324.0,0.0,26408.82,26.0,0,50,15360,500,20,10,0.03,0.03,surf,0.0,0.0,11.0,0.0,0.0,110.0,130.0
1171,Devin,Wilkinson,56,"Boston-Cambridge-Newton, MA-NH MSA",2018-01-27,surf,,2018-11-01,295.0,0.0,19759.99,20.0,0,50,15360,500,20,10,0.03,0.03,surf,0.0,0.0,5.0,0.0,0.0,50.0,70.0
1171,Devin,Wilkinson,56,"Boston-Cambridge-Newton, MA-NH MSA",2018-01-27,surf,,2018-12-01,327.0,0.0,19172.27,19.0,0,50,15360,500,20,10,0.03,0.03,surf,0.0,0.0,4.0,0.0,0.0,40.0,60.0
1172,Weldon,Robinson,72,"Boston-Cambridge-Newton, MA-NH MSA",2018-03-30,surf,2018-11-29,2018-08-01,300.0,35.0,12118.28,12.0,0,50,15360,500,20,10,0.03,0.03,surf,0.0,0.0,0.0,0.0,0.0,0.0,20.0
1172,Weldon,Robinson,72,"Boston-Cambridge-Newton, MA-NH MSA",2018-03-30,surf,2018-11-29,2018-09-01,645.0,119.0,32550.48,32.0,0,50,15360,500,20,10,0.03,0.03,surf,145.0,69.0,17.0,4.35,2.07,170.0,196.42000000000002
1172,Weldon,Robinson,72,"Boston-Cambridge-Newton, MA-NH MSA",2018-03-30,surf,2018-11-29,2018-10-01,517.0,118.0,35075.21,35.0,0,50,15360,500,20,10,0.03,0.03,surf,17.0,68.0,20.0,0.51,2.04,200.0,222.55
1172,Weldon,Robinson,72,"Boston-Cambridge-Newton, MA-NH MSA",2018-03-30,surf,2018-11-29,2018-11-01,582.0,83.0,23640.850000000002,24.0,0,50,15360,500,20,10,0.03,0.03,surf,82.0,33.0,9.0,2.46,0.99,90.0,113.45
1173,Tristan,Cain,27,"Oxnard-Thousand Oaks-Ventura, CA MSA",2018-09-28,surf,,2018-09-01,73.0,9.0,409.43,1.0,0,50,15360,500,20,10,0.03,0.03,surf,0.0,0.0,0.0,0.0,0.0,0.0,20.0
1173,Tristan,Cain,27,"Oxnard-Thousand Oaks-Ventura, CA MSA",2018-09-28,surf,,2018-10-01,501.0,63.0,11903.5,12.0,0,50,15360,500,20,10,0.03,0.03,surf,1.0,13.0,0.0,0.03,0.39,0.0,20.42
1173,Tristan,Cain,27,"Oxnard-Thousand Oaks-Ventura, CA MSA",2018-09-28,surf,,2018-11-01,390.0,54.0,11757.43,12.0,0,50,15360,500,20,10,0.03,0.03,surf,0.0,4.0,0.0,0.0,0.12,0.0,20.12
1173,Tristan,Cain,27,"Oxnard-Thousand Oaks-Ventura, CA MSA",2018-09-28,surf,,2018-12-01,636.0,66.0,21584.21,22.0,0,50,15360,500,20,10,0.03,0.03,surf,136.0,16.0,7.0,4.08,0.48,70.0,94.56
1174,Larisa,Ellis,67,"Cleveland-Elyria, OH MSA",2018-01-28,surf,,2018-05-01,178.0,16.0,4842.87,5.0,0,50,15360,500,20,10,0.03,0.03,surf,0.0,0.0,0.0,0.0,0.0,0.0,20.0
1174,Larisa,Ellis,67,"Cleveland-Elyria, OH MSA",2018-01-28,surf,,2018-06-01,662.0,82.0,20325.6,20.0,0,50,15360,500,20,10,0.03,0.03,surf,162.0,32.0,5.0,4.859999999999999,0.96,50.0,75.82
1174,Larisa,Ellis,67,"Cleveland-Elyria, OH MSA",2018-01-28,surf,,2018-07-01,548.0,75.0,23416.61,23.0,0,50,15360,500,20,10,0.03,0.03,surf,48.0,25.0,8.0,1.44,0.75,80.0,102.19
1174,Larisa,Ellis,67,"Cleveland-Elyria, OH MSA",2018-01-28,surf,,2018-08-01,572.0,75.0,24692.96,25.0,0,50,15360,500,20,10,0.03,0.03,surf,72.0,25.0,10.0,2.16,0.75,100.0,122.91
1174,Larisa,Ellis,67,"Cleveland-Elyria, OH MSA",2018-01-28,surf,,2018-09-01,696.0,66.0,16506.98,17.0,0,50,15360,500,20,10,0.03,0.03,surf,196.0,16.0,2.0,5.88,0.48,20.0,46.36
1174,Larisa,Ellis,67,"Cleveland-Elyria, OH MSA",2018-01-28,surf,,2018-10-01,612.0,79.0,22526.28,22.0,0,50,15360,500,20,10,0.03,0.03,surf,112.0,29.0,7.0,3.36,0.87,70.0,94.23
1174,Larisa,Ellis,67,"Cleveland-Elyria, OH MSA",2018-01-28,surf,,2018-11-01,489.0,83.0,17869.15,18.0,0,50,15360,500,20,10,0.03,0.03,surf,0.0,33.0,3.0,0.0,0.99,30.0,50.989999999999995
1174,Larisa,Ellis,67,"Cleveland-Elyria, OH MSA",2018-01-28,surf,,2018-12-01,650.0,76.0,12347.72,13.0,0,50,15360,500,20,10,0.03,0.03,surf,150.0,26.0,0.0,4.5,0.78,0.0,25.28
1175,Shiloh,Stafford,25,"New York-Newark-Jersey City, NY-NJ-PA MSA",2018-09-30,surf,,2018-10-01,703.0,31.0,22562.08,23.0,0,50,15360,500,20,10,0.03,0.03,surf,203.0,0.0,8.0,6.09,0.0,80.0,106.09
1175,Shiloh,Stafford,25,"New York-Newark-Jersey City, NY-NJ-PA MSA",2018-09-30,surf,,2018-11-01,718.0,30.0,17196.53,17.0,0,50,15360,500,20,10,0.03,0.03,surf,218.0,0.0,2.0,6.54,0.0,20.0,46.54
1175,Shiloh,Stafford,25,"New York-Newark-Jersey City, NY-NJ-PA MSA",2018-09-30,surf,,2018-12-01,609.0,36.0,16689.73,17.0,0,50,15360,500,20,10,0.03,0.03,surf,109.0,0.0,2.0,3.27,0.0,20.0,43.269999999999996
1176,Terrance,Shaffer,75,"New York-Newark-Jersey City, NY-NJ-PA MSA",2018-10-03,surf,,2018-10-01,160.0,25.0,12453.3,13.0,0,50,15360,500,20,10,0.03,0.03,surf,0.0,0.0,0.0,0.0,0.0,0.0,20.0
1176,Terrance,Shaffer,75,"New York-Newark-Jersey City, NY-NJ-PA MSA",2018-10-03,surf,,2018-11-01,545.0,64.0,28528.760000000002,28.0,0,50,15360,500,20,10,0.03,0.03,surf,45.0,14.0,13.0,1.3499999999999999,0.42,130.0,151.77
1176,Terrance,Shaffer,75,"New York-Newark-Jersey City, NY-NJ-PA MSA",2018-10-03,surf,,2018-12-01,432.0,76.0,25808.24,26.0,0,50,15360,500,20,10,0.03,0.03,surf,0.0,26.0,11.0,0.0,0.78,110.0,130.78
1177,Seymour,Anderson,33,"Seattle-Tacoma-Bellevue, WA MSA",2018-11-09,surf,,2018-11-01,279.0,18.0,11670.710000000001,12.0,0,50,15360,500,20,10,0.03,0.03,surf,0.0,0.0,0.0,0.0,0.0,0.0,20.0
1177,Seymour,Anderson,33,"Seattle-Tacoma-Bellevue, WA MSA",2018-11-09,surf,,2018-12-01,431.0,26.0,25912.86,26.0,0,50,15360,500,20,10,0.03,0.03,surf,0.0,0.0,11.0,0.0,0.0,110.0,130.0
1178,Charlsie,Reid,53,"Cincinnati, OH-KY-IN MSA",2018-10-05,surf,,2018-10-01,396.0,39.0,12326.45,13.0,0,50,15360,500,20,10,0.03,0.03,surf,0.0,0.0,0.0,0.0,0.0,0.0,20.0
1178,Charlsie,Reid,53,"Cincinnati, OH-KY-IN MSA",2018-10-05,surf,,2018-11-01,405.0,48.0,18044.83,18.0,0,50,15360,500,20,10,0.03,0.03,surf,0.0,0.0,3.0,0.0,0.0,30.0,50.0
1178,Charlsie,Reid,53,"Cincinnati, OH-KY-IN MSA",2018-10-05,surf,,2018-12-01,449.0,49.0,21917.35,22.0,0,50,15360,500,20,10,0.03,0.03,surf,0.0,0.0,7.0,0.0,0.0,70.0,90.0
1179,Darcey,Baird,22,"Dallas-Fort Worth-Arlington, TX MSA",2018-04-27,surf,,2018-07-01,183.0,4.0,1473.95,2.0,0,50,15360,500,20,10,0.03,0.03,surf,0.0,0.0,0.0,0.0,0.0,0.0,20.0
1179,Darcey,Baird,22,"Dallas-Fort Worth-Arlington, TX MSA",2018-04-27,surf,,2018-08-01,594.0,19.0,16530.82,17.0,0,50,15360,500,20,10,0.03,0.03,surf,94.0,0.0,2.0,2.82,0.0,20.0,42.82
1179,Darcey,Baird,22,"Dallas-Fort Worth-Arlington, TX MSA",2018-04-27,surf,,2018-09-01,464.0,21.0,13842.130000000001,14.0,0,50,15360,500,20,10,0.03,0.03,surf,0.0,0.0,0.0,0.0,0.0,0.0,20.0
1179,Darcey,Baird,22,"Dallas-Fort Worth-Arlington, TX MSA",2018-04-27,surf,,2018-10-01,415.0,17.0,13093.539999999999,13.0,0,50,15360,500,20,10,0.03,0.03,surf,0.0,0.0,0.0,0.0,0.0,0.0,20.0
1179,Darcey,Baird,22,"Dallas-Fort Worth-Arlington, TX MSA",2018-04-27,surf,,2018-11-01,469.0,12.0,17448.07,18.0,0,50,15360,500,20,10,0.03,0.03,surf,0.0,0.0,3.0,0.0,0.0,30.0,50.0
1179,Darcey,Baird,22,"Dallas-Fort Worth-Arlington, TX MSA",2018-04-27,surf,,2018-12-01,516.0,17.0,14673.39,15.0,0,50,15360,500,20,10,0.03,0.03,surf,16.0,0.0,0.0,0.48,0.0,0.0,20.48
1180,Wonda,Hays,24,"New York-Newark-Jersey City, NY-NJ-PA MSA",2018-12-01,surf,2018-12-22,2018-12-01,453.0,56.0,7608.28,8.0,0,50,15360,500,20,10,0.03,0.03,surf,0.0,6.0,0.0,0.0,0.18,0.0,20.18
1181,Ron,Kaufman,47,"New York-Newark-Jersey City, NY-NJ-PA MSA",2018-04-13,surf,,2018-04-01,284.0,15.0,7969.9800000000005,8.0,0,50,15360,500,20,10,0.03,0.03,surf,0.0,0.0,0.0,0.0,0.0,0.0,20.0
1181,Ron,Kaufman,47,"New York-Newark-Jersey City, NY-NJ-PA MSA",2018-04-13,surf,,2018-05-01,578.0,20.0,12394.05,13.0,0,50,15360,500,20,10,0.03,0.03,surf,78.0,0.0,0.0,2.34,0.0,0.0,22.34
1181,Ron,Kaufman,47,"New York-Newark-Jersey City, NY-NJ-PA MSA",2018-04-13,surf,,2018-06-01,710.0,26.0,17275.29,17.0,0,50,15360,500,20,10,0.03,0.03,surf,210.0,0.0,2.0,6.3,0.0,20.0,46.3
1181,Ron,Kaufman,47,"New York-Newark-Jersey City, NY-NJ-PA MSA",2018-04-13,surf,,2018-07-01,591.0,22.0,15644.34,16.0,0,50,15360,500,20,10,0.03,0.03,surf,91.0,0.0,1.0,2.73,0.0,10.0,32.730000000000004
1181,Ron,Kaufman,47,"New York-Newark-Jersey City, NY-NJ-PA MSA",2018-04-13,surf,,2018-08-01,397.0,21.0,15246.59,15.0,0,50,15360,500,20,10,0.03,0.03,surf,0.0,0.0,0.0,0.0,0.0,0.0,20.0
1181,Ron,Kaufman,47,"New York-Newark-Jersey City, NY-NJ-PA MSA",2018-04-13,surf,,2018-09-01,640.0,30.0,19238.08,19.0,0,50,15360,500,20,10,0.03,0.03,surf,140.0,0.0,4.0,4.2,0.0,40.0,64.2
1181,Ron,Kaufman,47,"New York-Newark-Jersey City, NY-NJ-PA MSA",2018-04-13,surf,,2018-10-01,473.0,33.0,18317.73,18.0,0,50,15360,500,20,10,0.03,0.03,surf,0.0,0.0,3.0,0.0,0.0,30.0,50.0
1181,Ron,Kaufman,47,"New York-Newark-Jersey City, NY-NJ-PA MSA",2018-04-13,surf,,2018-11-01,615.0,23.0,16965.72,17.0,0,50,15360,500,20,10,0.03,0.03,surf,115.0,0.0,2.0,3.4499999999999997,0.0,20.0,43.45
1181,Ron,Kaufman,47,"New York-Newark-Jersey City, NY-NJ-PA MSA",2018-04-13,surf,,2018-12-01,512.0,31.0,17522.3,18.0,0,50,15360,500,20,10,0.03,0.03,surf,12.0,0.0,3.0,0.36,0.0,30.0,50.36
1182,Jeff,Burt,39,"Charlotte-Concord-Gastonia, NC-SC MSA",2018-05-29,surf,,2018-05-01,23.0,0.0,129.84,1.0,0,50,15360,500,20,10,0.03,0.03,surf,0.0,0.0,0.0,0.0,0.0,0.0,20.0
1182,Jeff,Burt,39,"Charlotte-Concord-Gastonia, NC-SC MSA",2018-05-29,surf,,2018-06-01,301.0,4.0,18311.61,18.0,0,50,15360,500,20,10,0.03,0.03,surf,0.0,0.0,3.0,0.0,0.0,30.0,50.0
1182,Jeff,Burt,39,"Charlotte-Concord-Gastonia, NC-SC MSA",2018-05-29,surf,,2018-07-01,256.0,0.0,21181.5,21.0,0,50,15360,500,20,10,0.03,0.03,surf,0.0,0.0,6.0,0.0,0.0,60.0,80.0
1182,Jeff,Burt,39,"Charlotte-Concord-Gastonia, NC-SC MSA",2018-05-29,surf,,2018-08-01,203.0,2.0,19038.13,19.0,0,50,15360,500,20,10,0.03,0.03,surf,0.0,0.0,4.0,0.0,0.0,40.0,60.0
1182,Jeff,Burt,39,"Charlotte-Concord-Gastonia, NC-SC MSA",2018-05-29,surf,,2018-09-01,214.0,4.0,17325.1,17.0,0,50,15360,500,20,10,0.03,0.03,surf,0.0,0.0,2.0,0.0,0.0,20.0,40.0
1182,Jeff,Burt,39,"Charlotte-Concord-Gastonia, NC-SC MSA",2018-05-29,surf,,2018-10-01,158.0,2.0,20959.7,21.0,0,50,15360,500,20,10,0.03,0.03,surf,0.0,0.0,6.0,0.0,0.0,60.0,80.0
1182,Jeff,Burt,39,"Charlotte-Concord-Gastonia, NC-SC MSA",2018-05-29,surf,,2018-11-01,229.0,0.0,21903.66,22.0,0,50,15360,500,20,10,0.03,0.03,surf,0.0,0.0,7.0,0.0,0.0,70.0,90.0
1182,Jeff,Burt,39,"Charlotte-Concord-Gastonia, NC-SC MSA",2018-05-29,surf,,2018-12-01,242.0,2.0,17659.89,18.0,0,50,15360,500,20,10,0.03,0.03,surf,0.0,0.0,3.0,0.0,0.0,30.0,50.0
1183,Jermaine,Gallegos,71,"Chicago-Naperville-Elgin, IL-IN-WI MSA",2018-07-20,surf,,2018-10-01,177.0,33.0,6980.78,7.0,0,50,15360,500,20,10,0.03,0.03,surf,0.0,0.0,0.0,0.0,0.0,0.0,20.0
1183,Jermaine,Gallegos,71,"Chicago-Naperville-Elgin, IL-IN-WI MSA",2018-07-20,surf,,2018-11-01,677.0,107.0,18159.74,18.0,0,50,15360,500,20,10,0.03,0.03,surf,177.0,57.0,3.0,5.31,1.71,30.0,57.019999999999996
1183,Jermaine,Gallegos,71,"Chicago-Naperville-Elgin, IL-IN-WI MSA",2018-07-20,surf,,2018-12-01,596.0,97.0,20848.36,21.0,0,50,15360,500,20,10,0.03,0.03,surf,96.0,47.0,6.0,2.88,1.41,60.0,84.28999999999999
1184,Fredric,Middleton,39,"Sacramento–Roseville–Folsom, CA MSA",2018-03-07,ultimate,,2018-12-01,666.0,37.0,10254.82,11.0,1,1000,30720,3000,70,7,0.01,0.01,ultimate,0.0,0.0,0.0,0.0,0.0,0.0,70.0
1185,Loria,Freeman,47,"Louisville/Jefferson County, KY-IN MSA",2018-01-14,ultimate,,2018-01-01,181.0,0.0,6812.77,7.0,1,1000,30720,3000,70,7,0.01,0.01,ultimate,0.0,0.0,0.0,0.0,0.0,0.0,70.0
1185,Loria,Freeman,47,"Louisville/Jefferson County, KY-IN MSA",2018-01-14,ultimate,,2018-02-01,388.0,0.0,20630.97,21.0,1,1000,30720,3000,70,7,0.01,0.01,ultimate,0.0,0.0,0.0,0.0,0.0,0.0,70.0
1185,Loria,Freeman,47,"Louisville/Jefferson County, KY-IN MSA",2018-01-14,ultimate,,2018-03-01,432.0,0.0,27856.84,28.0,1,1000,30720,3000,70,7,0.01,0.01,ultimate,0.0,0.0,0.0,0.0,0.0,0.0,70.0
1185,Loria,Freeman,47,"Louisville/Jefferson County, KY-IN MSA",2018-01-14,ultimate,,2018-04-01,550.0,0.0,32192.079999999998,32.0,1,1000,30720,3000,70,7,0.01,0.01,ultimate,0.0,0.0,2.0,0.0,0.0,14.0,84.0
1185,Loria,Freeman,47,"Louisville/Jefferson County, KY-IN MSA",2018-01-14,ultimate,,2018-05-01,480.0,0.0,20954.25,21.0,1,1000,30720,3000,70,7,0.01,0.01,ultimate,0.0,0.0,0.0,0.0,0.0,0.0,70.0
1185,Loria,Freeman,47,"Louisville/Jefferson County, KY-IN MSA",2018-01-14,ultimate,,2018-06-01,497.0,0.0,27639.55,27.0,1,1000,30720,3000,70,7,0.01,0.01,ultimate,0.0,0.0,0.0,0.0,0.0,0.0,70.0
1185,Loria,Freeman,47,"Louisville/Jefferson County, KY-IN MSA",2018-01-14,ultimate,,2018-07-01,578.0,0.0,29354.86,29.0,1,1000,30720,3000,70,7,0.01,0.01,ultimate,0.0,0.0,0.0,0.0,0.0,0.0,70.0
1185,Loria,Freeman,47,"Louisville/Jefferson County, KY-IN MSA",2018-01-14,ultimate,,2018-08-01,544.0,0.0,20794.99,21.0,1,1000,30720,3000,70,7,0.01,0.01,ultimate,0.0,0.0,0.0,0.0,0.0,0.0,70.0
1185,Loria,Freeman,47,"Louisville/Jefferson County, KY-IN MSA",2018-01-14,ultimate,,2018-09-01,591.0,0.0,23561.83,24.0,1,1000,30720,3000,70,7,0.01,0.01,ultimate,0.0,0.0,0.0,0.0,0.0,0.0,70.0
1185,Loria,Freeman,47,"Louisville/Jefferson County, KY-IN MSA",2018-01-14,ultimate,,2018-10-01,439.0,0.0,24856.760000000002,25.0,1,1000,30720,3000,70,7,0.01,0.01,ultimate,0.0,0.0,0.0,0.0,0.0,0.0,70.0
1185,Loria,Freeman,47,"Louisville/Jefferson County, KY-IN MSA",2018-01-14,ultimate,,2018-11-01,595.0,0.0,27012.62,27.0,1,1000,30720,3000,70,7,0.01,0.01,ultimate,0.0,0.0,0.0,0.0,0.0,0.0,70.0
1185,Loria,Freeman,47,"Louisville/Jefferson County, KY-IN MSA",2018-01-14,ultimate,,2018-12-01,571.0,0.0,27865.84,28.0,1,1000,30720,3000,70,7,0.01,0.01,ultimate,0.0,0.0,0.0,0.0,0.0,0.0,70.0
1186,Josiah,Douglas,55,"Las Vegas-Henderson-Paradise, NV MSA",2018-12-22,ultimate,2018-12-31,2018-12-01,91.0,13.0,1948.94,2.0,1,1000,30720,3000,70,7,0.01,0.01,ultimate,0.0,0.0,0.0,0.0,0.0,0.0,70.0
1187,Tanner,Goodman,49,"Austin-Round Rock-Georgetown, TX MSA",2018-02-20,surf,,2018-04-01,568.0,7.0,14572.78,15.0,0,50,15360,500,20,10,0.03,0.03,surf,68.0,0.0,0.0,2.04,0.0,0.0,22.04
1187,Tanner,Goodman,49,"Austin-Round Rock-Georgetown, TX MSA",2018-02-20,surf,,2018-05-01,626.0,8.0,21073.09,21.0,0,50,15360,500,20,10,0.03,0.03,surf,126.0,0.0,6.0,3.78,0.0,60.0,83.78
1187,Tanner,Goodman,49,"Austin-Round Rock-Georgetown, TX MSA",2018-02-20,surf,,2018-06-01,626.0,15.0,25838.15,26.0,0,50,15360,500,20,10,0.03,0.03,surf,126.0,0.0,11.0,3.78,0.0,110.0,133.78
1187,Tanner,Goodman,49,"Austin-Round Rock-Georgetown, TX MSA",2018-02-20,surf,,2018-07-01,565.0,8.0,16703.96,17.0,0,50,15360,500,20,10,0.03,0.03,surf,65.0,0.0,2.0,1.95,0.0,20.0,41.95
1187,Tanner,Goodman,49,"Austin-Round Rock-Georgetown, TX MSA",2018-02-20,surf,,2018-08-01,521.0,11.0,21777.41,22.0,0,50,15360,500,20,10,0.03,0.03,surf,21.0,0.0,7.0,0.63,0.0,70.0,90.63
1187,Tanner,Goodman,49,"Austin-Round Rock-Georgetown, TX MSA",2018-02-20,surf,,2018-09-01,656.0,14.0,16160.35,16.0,0,50,15360,500,20,10,0.03,0.03,surf,156.0,0.0,1.0,4.68,0.0,10.0,34.68
1187,Tanner,Goodman,49,"Austin-Round Rock-Georgetown, TX MSA",2018-02-20,surf,,2018-10-01,713.0,11.0,16974.86,17.0,0,50,15360,500,20,10,0.03,0.03,surf,213.0,0.0,2.0,6.39,0.0,20.0,46.39
1187,Tanner,Goodman,49,"Austin-Round Rock-Georgetown, TX MSA",2018-02-20,surf,,2018-11-01,461.0,8.0,15474.960000000001,16.0,0,50,15360,500,20,10,0.03,0.03,surf,0.0,0.0,1.0,0.0,0.0,10.0,30.0
1187,Tanner,Goodman,49,"Austin-Round Rock-Georgetown, TX MSA",2018-02-20,surf,,2018-12-01,592.0,8.0,21052.81,21.0,0,50,15360,500,20,10,0.03,0.03,surf,92.0,0.0,6.0,2.76,0.0,60.0,82.75999999999999
1188,Ethelene,Brock,31,"Richmond, VA MSA",2018-01-10,ultimate,,2018-09-01,169.0,32.0,8761.44,9.0,1,1000,30720,3000,70,7,0.01,0.01,ultimate,0.0,0.0,0.0,0.0,0.0,0.0,70.0
1188,Ethelene,Brock,31,"Richmond, VA MSA",2018-01-10,ultimate,,2018-10-01,344.0,43.0,20608.2,21.0,1,1000,30720,3000,70,7,0.01,0.01,ultimate,0.0,0.0,0.0,0.0,0.0,0.0,70.0
1188,Ethelene,Brock,31,"Richmond, VA MSA",2018-01-10,ultimate,,2018-11-01,349.0,49.0,24383.760000000002,24.0,1,1000,30720,3000,70,7,0.01,0.01,ultimate,0.0,0.0,0.0,0.0,0.0,0.0,70.0
1188,Ethelene,Brock,31,"Richmond, VA MSA",2018-01-10,ultimate,,2018-12-01,182.0,52.0,20376.97,20.0,1,1000,30720,3000,70,7,0.01,0.01,ultimate,0.0,0.0,0.0,0.0,0.0,0.0,70.0
1189,Terrence,Smith,75,"Columbus, OH MSA",2018-09-24,surf,,2018-09-01,119.0,6.0,4255.45,5.0,0,50,15360,500,20,10,0.03,0.03,surf,0.0,0.0,0.0,0.0,0.0,0.0,20.0
1189,Terrence,Smith,75,"Columbus, OH MSA",2018-09-24,surf,,2018-10-01,496.0,52.0,21811.18,22.0,0,50,15360,500,20,10,0.03,0.03,surf,0.0,2.0,7.0,0.0,0.06,70.0,90.06
1189,Terrence,Smith,75,"Columbus, OH MSA",2018-09-24,surf,,2018-11-01,281.0,39.0,17200.13,17.0,0,50,15360,500,20,10,0.03,0.03,surf,0.0,0.0,2.0,0.0,0.0,20.0,40.0
1189,Terrence,Smith,75,"Columbus, OH MSA",2018-09-24,surf,,2018-12-01,356.0,37.0,20546.39,21.0,0,50,15360,500,20,10,0.03,0.03,surf,0.0,0.0,6.0,0.0,0.0,60.0,80.0
1190,Troy,Hutchinson,56,"Virginia Beach-Norfolk-Newport News, VA-NC MSA",2018-08-01,ultimate,,2018-12-01,198.0,3.0,14191.43,14.0,1,1000,30720,3000,70,7,0.01,0.01,ultimate,0.0,0.0,0.0,0.0,0.0,0.0,70.0
1191,Zack,Waters,75,"St. Louis, MO-IL MSA",2018-01-21,ultimate,2018-11-30,2018-05-01,449.0,15.0,10402.98,11.0,1,1000,30720,3000,70,7,0.01,0.01,ultimate,0.0,0.0,0.0,0.0,0.0,0.0,70.0
1191,Zack,Waters,75,"St. Louis, MO-IL MSA",2018-01-21,ultimate,2018-11-30,2018-06-01,438.0,15.0,16433.76,17.0,1,1000,30720,3000,70,7,0.01,0.01,ultimate,0.0,0.0,0.0,0.0,0.0,0.0,70.0
1191,Zack,Waters,75,"St. Louis, MO-IL MSA",2018-01-21,ultimate,2018-11-30,2018-07-01,397.0,12.0,17896.02,18.0,1,1000,30720,3000,70,7,0.01,0.01,ultimate,0.0,0.0,0.0,0.0,0.0,0.0,70.0
1191,Zack,Waters,75,"St. Louis, MO-IL MSA",2018-01-21,ultimate,2018-11-30,2018-08-01,403.0,14.0,14178.78,14.0,1,1000,30720,3000,70,7,0.01,0.01,ultimate,0.0,0.0,0.0,0.0,0.0,0.0,70.0
1191,Zack,Waters,75,"St. Louis, MO-IL MSA",2018-01-21,ultimate,2018-11-30,2018-09-01,441.0,13.0,18327.87,18.0,1,1000,30720,3000,70,7,0.01,0.01,ultimate,0.0,0.0,0.0,0.0,0.0,0.0,70.0
1191,Zack,Waters,75,"St. Louis, MO-IL MSA",2018-01-21,ultimate,2018-11-30,2018-10-01,574.0,15.0,14457.26,15.0,1,1000,30720,3000,70,7,0.01,0.01,ultimate,0.0,0.0,0.0,0.0,0.0,0.0,70.0
1191,Zack,Waters,75,"St. Louis, MO-IL MSA",2018-01-21,ultimate,2018-11-30,2018-11-01,419.0,10.0,14541.98,15.0,1,1000,30720,3000,70,7,0.01,0.01,ultimate,0.0,0.0,0.0,0.0,0.0,0.0,70.0
1192,Korey,Goodwin,36,"Buffalo-Cheektowaga, NY MSA",2018-10-02,surf,,2018-10-01,437.0,25.0,8520.78,9.0,0,50,15360,500,20,10,0.03,0.03,surf,0.0,0.0,0.0,0.0,0.0,0.0,20.0
1192,Korey,Goodwin,36,"Buffalo-Cheektowaga, NY MSA",2018-10-02,surf,,2018-11-01,579.0,34.0,7677.51,8.0,0,50,15360,500,20,10,0.03,0.03,surf,79.0,0.0,0.0,2.37,0.0,0.0,22.37
1192,Korey,Goodwin,36,"Buffalo-Cheektowaga, NY MSA",2018-10-02,surf,,2018-12-01,612.0,25.0,7795.42,8.0,0,50,15360,500,20,10,0.03,0.03,surf,112.0,0.0,0.0,3.36,0.0,0.0,23.36
1193,Lacresha,Olsen,18,"Houston-The Woodlands-Sugar Land, TX MSA",2018-07-07,surf,,2018-07-01,179.0,51.0,14158.63,14.0,0,50,15360,500,20,10,0.03,0.03,surf,0.0,1.0,0.0,0.0,0.03,0.0,20.03
1193,Lacresha,Olsen,18,"Houston-The Woodlands-Sugar Land, TX MSA",2018-07-07,surf,,2018-08-01,236.0,73.0,19486.58,20.0,0,50,15360,500,20,10,0.03,0.03,surf,0.0,23.0,5.0,0.0,0.69,50.0,70.69
1193,Lacresha,Olsen,18,"Houston-The Woodlands-Sugar Land, TX MSA",2018-07-07,surf,,2018-09-01,194.0,58.0,15605.29,16.0,0,50,15360,500,20,10,0.03,0.03,surf,0.0,8.0,1.0,0.0,0.24,10.0,30.24
1193,Lacresha,Olsen,18,"Houston-The Woodlands-Sugar Land, TX MSA",2018-07-07,surf,,2018-10-01,272.0,55.0,19958.99,20.0,0,50,15360,500,20,10,0.03,0.03,surf,0.0,5.0,5.0,0.0,0.15,50.0,70.15
1193,Lacresha,Olsen,18,"Houston-The Woodlands-Sugar Land, TX MSA",2018-07-07,surf,,2018-11-01,138.0,57.0,18789.59,19.0,0,50,15360,500,20,10,0.03,0.03,surf,0.0,7.0,4.0,0.0,0.21,40.0,60.21
1193,Lacresha,Olsen,18,"Houston-The Woodlands-Sugar Land, TX MSA",2018-07-07,surf,,2018-12-01,269.0,64.0,16628.78,17.0,0,50,15360,500,20,10,0.03,0.03,surf,0.0,14.0,2.0,0.0,0.42,20.0,40.42
1194,Robert,Mclean,40,"San Jose-Sunnyvale-Santa Clara, CA MSA",2018-05-31,surf,,,0.0,0.0,0.0,0.0,0,50,15360,500,20,10,0.03,0.03,surf,0.0,0.0,0.0,0.0,0.0,0.0,20.0
1195,Roy,Velez,60,"Portland-Vancouver-Hillsboro, OR-WA MSA",2018-06-09,surf,,2018-09-01,144.0,25.0,4214.45,5.0,0,50,15360,500,20,10,0.03,0.03,surf,0.0,0.0,0.0,0.0,0.0,0.0,20.0
1195,Roy,Velez,60,"Portland-Vancouver-Hillsboro, OR-WA MSA",2018-06-09,surf,,2018-10-01,688.0,119.0,13622.560000000001,14.0,0,50,15360,500,20,10,0.03,0.03,surf,188.0,69.0,0.0,5.64,2.07,0.0,27.71
1195,Roy,Velez,60,"Portland-Vancouver-Hillsboro, OR-WA MSA",2018-06-09,surf,,2018-11-01,611.0,121.0,18079.31,18.0,0,50,15360,500,20,10,0.03,0.03,surf,111.0,71.0,3.0,3.33,2.13,30.0,55.459999999999994
1195,Roy,Velez,60,"Portland-Vancouver-Hillsboro, OR-WA MSA",2018-06-09,surf,,2018-12-01,721.0,123.0,11567.68,12.0,0,50,15360,500,20,10,0.03,0.03,surf,221.0,73.0,0.0,6.63,2.19,0.0,28.82
1196,Noel,Dawson,46,"Los Angeles-Long Beach-Anaheim, CA MSA",2018-01-14,ultimate,,2018-01-01,287.0,23.0,8908.61,9.0,1,1000,30720,3000,70,7,0.01,0.01,ultimate,0.0,0.0,0.0,0.0,0.0,0.0,70.0
1196,Noel,Dawson,46,"Los Angeles-Long Beach-Anaheim, CA MSA",2018-01-14,ultimate,,2018-02-01,519.0,23.0,20085.2,20.0,1,1000,30720,3000,70,7,0.01,0.01,ultimate,0.0,0.0,0.0,0.0,0.0,0.0,70.0
1196,Noel,Dawson,46,"Los Angeles-Long Beach-Anaheim, CA MSA",2018-01-14,ultimate,,2018-03-01,614.0,26.0,30960.95,31.0,1,1000,30720,3000,70,7,0.01,0.01,ultimate,0.0,0.0,1.0,0.0,0.0,7.0,77.0
1196,Noel,Dawson,46,"Los Angeles-Long Beach-Anaheim, CA MSA",2018-01-14,ultimate,,2018-04-01,493.0,30.0,23851.24,24.0,1,1000,30720,3000,70,7,0.01,0.01,ultimate,0.0,0.0,0.0,0.0,0.0,0.0,70.0
1196,Noel,Dawson,46,"Los Angeles-Long Beach-Anaheim, CA MSA",2018-01-14,ultimate,,2018-05-01,431.0,30.0,23429.34,23.0,1,1000,30720,3000,70,7,0.01,0.01,ultimate,0.0,0.0,0.0,0.0,0.0,0.0,70.0
1196,Noel,Dawson,46,"Los Angeles-Long Beach-Anaheim, CA MSA",2018-01-14,ultimate,,2018-06-01,648.0,34.0,24669.37,25.0,1,1000,30720,3000,70,7,0.01,0.01,ultimate,0.0,0.0,0.0,0.0,0.0,0.0,70.0
1196,Noel,Dawson,46,"Los Angeles-Long Beach-Anaheim, CA MSA",2018-01-14,ultimate,,2018-07-01,565.0,28.0,19610.06,20.0,1,1000,30720,3000,70,7,0.01,0.01,ultimate,0.0,0.0,0.0,0.0,0.0,0.0,70.0
1196,Noel,Dawson,46,"Los Angeles-Long Beach-Anaheim, CA MSA",2018-01-14,ultimate,,2018-08-01,596.0,27.0,30549.1,30.0,1,1000,30720,3000,70,7,0.01,0.01,ultimate,0.0,0.0,0.0,0.0,0.0,0.0,70.0
1196,Noel,Dawson,46,"Los Angeles-Long Beach-Anaheim, CA MSA",2018-01-14,ultimate,,2018-09-01,563.0,29.0,20113.6,20.0,1,1000,30720,3000,70,7,0.01,0.01,ultimate,0.0,0.0,0.0,0.0,0.0,0.0,70.0
1196,Noel,Dawson,46,"Los Angeles-Long Beach-Anaheim, CA MSA",2018-01-14,ultimate,,2018-10-01,512.0,36.0,25503.59,25.0,1,1000,30720,3000,70,7,0.01,0.01,ultimate,0.0,0.0,0.0,0.0,0.0,0.0,70.0
1196,Noel,Dawson,46,"Los Angeles-Long Beach-Anaheim, CA MSA",2018-01-14,ultimate,,2018-11-01,583.0,31.0,18562.12,19.0,1,1000,30720,3000,70,7,0.01,0.01,ultimate,0.0,0.0,0.0,0.0,0.0,0.0,70.0
1196,Noel,Dawson,46,"Los Angeles-Long Beach-Anaheim, CA MSA",2018-01-14,ultimate,,2018-12-01,731.0,24.0,19500.88,20.0,1,1000,30720,3000,70,7,0.01,0.01,ultimate,0.0,0.0,0.0,0.0,0.0,0.0,70.0
1197,Lon,Parker,56,"New York-Newark-Jersey City, NY-NJ-PA MSA",2018-11-05,surf,,2018-11-01,602.0,11.0,11032.6,11.0,0,50,15360,500,20,10,0.03,0.03,surf,102.0,0.0,0.0,3.06,0.0,0.0,23.06
1197,Lon,Parker,56,"New York-Newark-Jersey City, NY-NJ-PA MSA",2018-11-05,surf,,2018-12-01,788.0,11.0,17460.25,18.0,0,50,15360,500,20,10,0.03,0.03,surf,288.0,0.0,3.0,8.64,0.0,30.0,58.64
1198,Russ,Horne,69,"New York-Newark-Jersey City, NY-NJ-PA MSA",2018-05-01,surf,,2018-09-01,429.0,7.0,13162.26,13.0,0,50,15360,500,20,10,0.03,0.03,surf,0.0,0.0,0.0,0.0,0.0,0.0,20.0
1198,Russ,Horne,69,"New York-Newark-Jersey City, NY-NJ-PA MSA",2018-05-01,surf,,2018-10-01,361.0,11.0,23836.6,24.0,0,50,15360,500,20,10,0.03,0.03,surf,0.0,0.0,9.0,0.0,0.0,90.0,110.0
1198,Russ,Horne,69,"New York-Newark-Jersey City, NY-NJ-PA MSA",2018-05-01,surf,,2018-11-01,448.0,6.0,14361.58,15.0,0,50,15360,500,20,10,0.03,0.03,surf,0.0,0.0,0.0,0.0,0.0,0.0,20.0
1198,Russ,Horne,69,"New York-Newark-Jersey City, NY-NJ-PA MSA",2018-05-01,surf,,2018-12-01,275.0,12.0,11152.91,11.0,0,50,15360,500,20,10,0.03,0.03,surf,0.0,0.0,0.0,0.0,0.0,0.0,20.0
1199,Antonetta,Finley,39,"San Antonio-New Braunfels, TX MSA",2018-08-01,ultimate,,2018-08-01,394.0,80.0,13361.35,14.0,1,1000,30720,3000,70,7,0.01,0.01,ultimate,0.0,0.0,0.0,0.0,0.0,0.0,70.0
1199,Antonetta,Finley,39,"San Antonio-New Braunfels, TX MSA",2018-08-01,ultimate,,2018-09-01,434.0,71.0,15687.529999999999,16.0,1,1000,30720,3000,70,7,0.01,0.01,ultimate,0.0,0.0,0.0,0.0,0.0,0.0,70.0
1199,Antonetta,Finley,39,"San Antonio-New Braunfels, TX MSA",2018-08-01,ultimate,,2018-10-01,542.0,72.0,21387.15,21.0,1,1000,30720,3000,70,7,0.01,0.01,ultimate,0.0,0.0,0.0,0.0,0.0,0.0,70.0
1199,Antonetta,Finley,39,"San Antonio-New Braunfels, TX MSA",2018-08-01,ultimate,,2018-11-01,609.0,61.0,24390.34,24.0,1,1000,30720,3000,70,7,0.01,0.01,ultimate,0.0,0.0,0.0,0.0,0.0,0.0,70.0
1199,Antonetta,Finley,39,"San Antonio-New Braunfels, TX MSA",2018-08-01,ultimate,,2018-12-01,436.0,67.0,12496.09,13.0,1,1000,30720,3000,70,7,0.01,0.01,ultimate,0.0,0.0,0.0,0.0,0.0,0.0,70.0
1200,Delmar,Cross,45,"Boston-Cambridge-Newton, MA-NH MSA",2018-11-27,surf,,2018-11-01,37.0,4.0,4134.23,5.0,0,50,15360,500,20,10,0.03,0.03,surf,0.0,0.0,0.0,0.0,0.0,0.0,20.0
1200,Delmar,Cross,45,"Boston-Cambridge-Newton, MA-NH MSA",2018-11-27,surf,,2018-12-01,605.0,33.0,15437.14,16.0,0,50,15360,500,20,10,0.03,0.03,surf,105.0,0.0,1.0,3.15,0.0,10.0,33.15
1201,Jeanelle,Estrada,61,"Bridgeport-Stamford-Norwalk, CT MSA",2018-06-04,surf,,2018-06-01,252.0,7.0,23907.01,24.0,0,50,15360,500,20,10,0.03,0.03,surf,0.0,0.0,9.0,0.0,0.0,90.0,110.0
1201,Jeanelle,Estrada,61,"Bridgeport-Stamford-Norwalk, CT MSA",2018-06-04,surf,,2018-07-01,515.0,4.0,26928.31,27.0,0,50,15360,500,20,10,0.03,0.03,surf,15.0,0.0,12.0,0.44999999999999996,0.0,120.0,140.45
1201,Jeanelle,Estrada,61,"Bridgeport-Stamford-Norwalk, CT MSA",2018-06-04,surf,,2018-08-01,627.0,6.0,35507.1,35.0,0,50,15360,500,20,10,0.03,0.03,surf,127.0,0.0,20.0,3.81,0.0,200.0,223.81
1201,Jeanelle,Estrada,61,"Bridgeport-Stamford-Norwalk, CT MSA",2018-06-04,surf,,2018-09-01,413.0,4.0,25052.37,25.0,0,50,15360,500,20,10,0.03,0.03,surf,0.0,0.0,10.0,0.0,0.0,100.0,120.0
1201,Jeanelle,Estrada,61,"Bridgeport-Stamford-Norwalk, CT MSA",2018-06-04,surf,,2018-10-01,481.0,8.0,28905.71,29.0,0,50,15360,500,20,10,0.03,0.03,surf,0.0,0.0,14.0,0.0,0.0,140.0,160.0
1201,Jeanelle,Estrada,61,"Bridgeport-Stamford-Norwalk, CT MSA",2018-06-04,surf,,2018-11-01,456.0,8.0,38611.72,38.0,0,50,15360,500,20,10,0.03,0.03,surf,0.0,0.0,23.0,0.0,0.0,230.0,250.0
1201,Jeanelle,Estrada,61,"Bridgeport-Stamford-Norwalk, CT MSA",2018-06-04,surf,,2018-12-01,374.0,10.0,26731.81,27.0,0,50,15360,500,20,10,0.03,0.03,surf,0.0,0.0,12.0,0.0,0.0,120.0,140.0
1202,Osvaldo,Mayer,36,"Minneapolis-St. Paul-Bloomington, MN-WI MSA",2018-09-30,ultimate,,2018-10-01,593.0,0.0,13910.89,14.0,1,1000,30720,3000,70,7,0.01,0.01,ultimate,0.0,0.0,0.0,0.0,0.0,0.0,70.0
1202,Osvaldo,Mayer,36,"Minneapolis-St. Paul-Bloomington, MN-WI MSA",2018-09-30,ultimate,,2018-11-01,513.0,0.0,11703.23,12.0,1,1000,30720,3000,70,7,0.01,0.01,ultimate,0.0,0.0,0.0,0.0,0.0,0.0,70.0
1202,Osvaldo,Mayer,36,"Minneapolis-St. Paul-Bloomington, MN-WI MSA",2018-09-30,ultimate,,2018-12-01,594.0,0.0,9540.119999999999,10.0,1,1000,30720,3000,70,7,0.01,0.01,ultimate,0.0,0.0,0.0,0.0,0.0,0.0,70.0
1203,Manie,Grimes,50,"Boston-Cambridge-Newton, MA-NH MSA",2018-02-11,surf,,2018-03-01,40.0,3.0,1248.0299999999997,2.0,0,50,15360,500,20,10,0.03,0.03,surf,0.0,0.0,0.0,0.0,0.0,0.0,20.0
1203,Manie,Grimes,50,"Boston-Cambridge-Newton, MA-NH MSA",2018-02-11,surf,,2018-04-01,568.0,53.0,18087.22,18.0,0,50,15360,500,20,10,0.03,0.03,surf,68.0,3.0,3.0,2.04,0.09,30.0,52.129999999999995
1203,Manie,Grimes,50,"Boston-Cambridge-Newton, MA-NH MSA",2018-02-11,surf,,2018-05-01,587.0,63.0,13325.49,14.0,0,50,15360,500,20,10,0.03,0.03,surf,87.0,13.0,0.0,2.61,0.39,0.0,23.0
1203,Manie,Grimes,50,"Boston-Cambridge-Newton, MA-NH MSA",2018-02-11,surf,,2018-06-01,475.0,34.0,13544.970000000001,14.0,0,50,15360,500,20,10,0.03,0.03,surf,0.0,0.0,0.0,0.0,0.0,0.0,20.0
1203,Manie,Grimes,50,"Boston-Cambridge-Newton, MA-NH MSA",2018-02-11,surf,,2018-07-01,437.0,58.0,11843.8,12.0,0,50,15360,500,20,10,0.03,0.03,surf,0.0,8.0,0.0,0.0,0.24,0.0,20.24
1203,Manie,Grimes,50,"Boston-Cambridge-Newton, MA-NH MSA",2018-02-11,surf,,2018-08-01,395.0,43.0,20411.79,20.0,0,50,15360,500,20,10,0.03,0.03,surf,0.0,0.0,5.0,0.0,0.0,50.0,70.0
1203,Manie,Grimes,50,"Boston-Cambridge-Newton, MA-NH MSA",2018-02-11,surf,,2018-09-01,562.0,52.0,17902.06,18.0,0,50,15360,500,20,10,0.03,0.03,surf,62.0,2.0,3.0,1.8599999999999999,0.06,30.0,51.92
1203,Manie,Grimes,50,"Boston-Cambridge-Newton, MA-NH MSA",2018-02-11,surf,,2018-10-01,670.0,51.0,16925.53,17.0,0,50,15360,500,20,10,0.03,0.03,surf,170.0,1.0,2.0,5.1,0.03,20.0,45.13
1203,Manie,Grimes,50,"Boston-Cambridge-Newton, MA-NH MSA",2018-02-11,surf,,2018-11-01,394.0,47.0,9254.369999999999,10.0,0,50,15360,500,20,10,0.03,0.03,surf,0.0,0.0,0.0,0.0,0.0,0.0,20.0
1203,Manie,Grimes,50,"Boston-Cambridge-Newton, MA-NH MSA",2018-02-11,surf,,2018-12-01,483.0,46.0,12451.92,13.0,0,50,15360,500,20,10,0.03,0.03,surf,0.0,0.0,0.0,0.0,0.0,0.0,20.0
1204,Sherly,Levy,44,"Chicago-Naperville-Elgin, IL-IN-WI MSA",2018-08-20,ultimate,,,0.0,0.0,0.0,0.0,1,1000,30720,3000,70,7,0.01,0.01,ultimate,0.0,0.0,0.0,0.0,0.0,0.0,70.0
1205,Rafael,Wade,43,"New York-Newark-Jersey City, NY-NJ-PA MSA",2018-04-05,surf,,2018-11-01,242.0,41.0,10826.99,11.0,0,50,15360,500,20,10,0.03,0.03,surf,0.0,0.0,0.0,0.0,0.0,0.0,20.0
1205,Rafael,Wade,43,"New York-Newark-Jersey City, NY-NJ-PA MSA",2018-04-05,surf,,2018-12-01,458.0,65.0,19328.02,19.0,0,50,15360,500,20,10,0.03,0.03,surf,0.0,15.0,4.0,0.0,0.44999999999999996,40.0,60.45
1206,Angelic,Singleton,21,"Providence-Warwick, RI-MA MSA",2018-07-09,surf,,2018-07-01,336.0,22.0,19010.72,19.0,0,50,15360,500,20,10,0.03,0.03,surf,0.0,0.0,4.0,0.0,0.0,40.0,60.0
1206,Angelic,Singleton,21,"Providence-Warwick, RI-MA MSA",2018-07-09,surf,,2018-08-01,323.0,25.0,29653.53,29.0,0,50,15360,500,20,10,0.03,0.03,surf,0.0,0.0,14.0,0.0,0.0,140.0,160.0
1206,Angelic,Singleton,21,"Providence-Warwick, RI-MA MSA",2018-07-09,surf,,2018-09-01,423.0,35.0,26898.43,27.0,0,50,15360,500,20,10,0.03,0.03,surf,0.0,0.0,12.0,0.0,0.0,120.0,140.0
1206,Angelic,Singleton,21,"Providence-Warwick, RI-MA MSA",2018-07-09,surf,,2018-10-01,192.0,16.0,26495.94,26.0,0,50,15360,500,20,10,0.03,0.03,surf,0.0,0.0,11.0,0.0,0.0,110.0,130.0
1206,Angelic,Singleton,21,"Providence-Warwick, RI-MA MSA",2018-07-09,surf,,2018-11-01,312.0,28.0,22740.44,23.0,0,50,15360,500,20,10,0.03,0.03,surf,0.0,0.0,8.0,0.0,0.0,80.0,100.0
1206,Angelic,Singleton,21,"Providence-Warwick, RI-MA MSA",2018-07-09,surf,,2018-12-01,354.0,33.0,27945.75,28.0,0,50,15360,500,20,10,0.03,0.03,surf,0.0,0.0,13.0,0.0,0.0,130.0,150.0
1207,Samuel,Porter,63,"Omaha-Council Bluffs, NE-IA MSA",2018-12-22,surf,,2018-12-01,176.0,9.0,8278.51,9.0,0,50,15360,500,20,10,0.03,0.03,surf,0.0,0.0,0.0,0.0,0.0,0.0,20.0
1208,Enrique,Ramirez,44,"San Diego-Chula Vista-Carlsbad, CA MSA",2018-07-17,surf,,2018-12-01,505.0,0.0,16154.29,16.0,0,50,15360,500,20,10,0.03,0.03,surf,5.0,0.0,1.0,0.15,0.0,10.0,30.15
1209,Garret,Paul,63,"Los Angeles-Long Beach-Anaheim, CA MSA",2018-08-28,surf,,2018-08-01,83.0,4.0,749.62,1.0,0,50,15360,500,20,10,0.03,0.03,surf,0.0,0.0,0.0,0.0,0.0,0.0,20.0
1209,Garret,Paul,63,"Los Angeles-Long Beach-Anaheim, CA MSA",2018-08-28,surf,,2018-09-01,730.0,31.0,30720.59,31.0,0,50,15360,500,20,10,0.03,0.03,surf,230.0,0.0,16.0,6.8999999999999995,0.0,160.0,186.9
1209,Garret,Paul,63,"Los Angeles-Long Beach-Anaheim, CA MSA",2018-08-28,surf,,2018-10-01,797.0,29.0,17652.68,18.0,0,50,15360,500,20,10,0.03,0.03,surf,297.0,0.0,3.0,8.91,0.0,30.0,58.91
1209,Garret,Paul,63,"Los Angeles-Long Beach-Anaheim, CA MSA",2018-08-28,surf,,2018-11-01,733.0,35.0,14805.02,15.0,0,50,15360,500,20,10,0.03,0.03,surf,233.0,0.0,0.0,6.989999999999999,0.0,0.0,26.99
1209,Garret,Paul,63,"Los Angeles-Long Beach-Anaheim, CA MSA",2018-08-28,surf,,2018-12-01,682.0,26.0,22555.63,23.0,0,50,15360,500,20,10,0.03,0.03,surf,182.0,0.0,8.0,5.46,0.0,80.0,105.46000000000001
1210,Shanae,Carrillo,30,"Oklahoma City, OK MSA",2018-06-01,surf,,2018-06-01,520.0,0.0,14634.84,15.0,0,50,15360,500,20,10,0.03,0.03,surf,20.0,0.0,0.0,0.6,0.0,0.0,20.6
1210,Shanae,Carrillo,30,"Oklahoma City, OK MSA",2018-06-01,surf,,2018-07-01,560.0,0.0,15052.27,15.0,0,50,15360,500,20,10,0.03,0.03,surf,60.0,0.0,0.0,1.7999999999999998,0.0,0.0,21.8
1210,Shanae,Carrillo,30,"Oklahoma City, OK MSA",2018-06-01,surf,,2018-08-01,548.0,0.0,11819.25,12.0,0,50,15360,500,20,10,0.03,0.03,surf,48.0,0.0,0.0,1.44,0.0,0.0,21.44
1210,Shanae,Carrillo,30,"Oklahoma City, OK MSA",2018-06-01,surf,,2018-09-01,272.0,0.0,7386.74,8.0,0,50,15360,500,20,10,0.03,0.03,surf,0.0,0.0,0.0,0.0,0.0,0.0,20.0
1211,Vito,Cameron,60,"New York-Newark-Jersey City, NY-NJ-PA MSA",2018-06-30,ultimate,,2018-07-01,171.0,41.0,15068.78,15.0,1,1000,30720,3000,70,7,0.01,0.01,ultimate,0.0,0.0,0.0,0.0,0.0,0.0,70.0
1211,Vito,Cameron,60,"New York-Newark-Jersey City, NY-NJ-PA MSA",2018-06-30,ultimate,,2018-08-01,371.0,64.0,24060.66,24.0,1,1000,30720,3000,70,7,0.01,0.01,ultimate,0.0,0.0,0.0,0.0,0.0,0.0,70.0
1211,Vito,Cameron,60,"New York-Newark-Jersey City, NY-NJ-PA MSA",2018-06-30,ultimate,,2018-09-01,331.0,50.0,17759.72,18.0,1,1000,30720,3000,70,7,0.01,0.01,ultimate,0.0,0.0,0.0,0.0,0.0,0.0,70.0
1211,Vito,Cameron,60,"New York-Newark-Jersey City, NY-NJ-PA MSA",2018-06-30,ultimate,,2018-10-01,265.0,62.0,20794.65,21.0,1,1000,30720,3000,70,7,0.01,0.01,ultimate,0.0,0.0,0.0,0.0,0.0,0.0,70.0
1211,Vito,Cameron,60,"New York-Newark-Jersey City, NY-NJ-PA MSA",2018-06-30,ultimate,,2018-11-01,319.0,55.0,27256.47,27.0,1,1000,30720,3000,70,7,0.01,0.01,ultimate,0.0,0.0,0.0,0.0,0.0,0.0,70.0
1211,Vito,Cameron,60,"New York-Newark-Jersey City, NY-NJ-PA MSA",2018-06-30,ultimate,,2018-12-01,263.0,46.0,25533.58,25.0,1,1000,30720,3000,70,7,0.01,0.01,ultimate,0.0,0.0,0.0,0.0,0.0,0.0,70.0
1212,Alfredo,Pruitt,36,"Austin-Round Rock-Georgetown, TX MSA",2018-07-27,surf,,2018-07-01,18.0,3.0,2095.61,3.0,0,50,15360,500,20,10,0.03,0.03,surf,0.0,0.0,0.0,0.0,0.0,0.0,20.0
1212,Alfredo,Pruitt,36,"Austin-Round Rock-Georgetown, TX MSA",2018-07-27,surf,,2018-08-01,290.0,33.0,11505.04,12.0,0,50,15360,500,20,10,0.03,0.03,surf,0.0,0.0,0.0,0.0,0.0,0.0,20.0
1212,Alfredo,Pruitt,36,"Austin-Round Rock-Georgetown, TX MSA",2018-07-27,surf,,2018-09-01,235.0,32.0,13628.03,14.0,0,50,15360,500,20,10,0.03,0.03,surf,0.0,0.0,0.0,0.0,0.0,0.0,20.0
1212,Alfredo,Pruitt,36,"Austin-Round Rock-Georgetown, TX MSA",2018-07-27,surf,,2018-10-01,416.0,34.0,12504.31,13.0,0,50,15360,500,20,10,0.03,0.03,surf,0.0,0.0,0.0,0.0,0.0,0.0,20.0
1212,Alfredo,Pruitt,36,"Austin-Round Rock-Georgetown, TX MSA",2018-07-27,surf,,2018-11-01,314.0,31.0,14141.34,14.0,0,50,15360,500,20,10,0.03,0.03,surf,0.0,0.0,0.0,0.0,0.0,0.0,20.0
1212,Alfredo,Pruitt,36,"Austin-Round Rock-Georgetown, TX MSA",2018-07-27,surf,,2018-12-01,263.0,35.0,13122.77,13.0,0,50,15360,500,20,10,0.03,0.03,surf,0.0,0.0,0.0,0.0,0.0,0.0,20.0
1213,Carl,Newman,47,"San Diego-Chula Vista-Carlsbad, CA MSA",2018-11-25,ultimate,,2018-11-01,42.0,11.0,1938.76,2.0,1,1000,30720,3000,70,7,0.01,0.01,ultimate,0.0,0.0,0.0,0.0,0.0,0.0,70.0
1213,Carl,Newman,47,"San Diego-Chula Vista-Carlsbad, CA MSA",2018-11-25,ultimate,,2018-12-01,566.0,85.0,18028.98,18.0,1,1000,30720,3000,70,7,0.01,0.01,ultimate,0.0,0.0,0.0,0.0,0.0,0.0,70.0
1214,Emil,Robles,34,"San Francisco-Oakland-Berkeley, CA MSA",2018-01-01,ultimate,,2018-01-01,16.0,2.0,1315.35,2.0,1,1000,30720,3000,70,7,0.01,0.01,ultimate,0.0,0.0,0.0,0.0,0.0,0.0,70.0
1214,Emil,Robles,34,"San Francisco-Oakland-Berkeley, CA MSA",2018-01-01,ultimate,,2018-02-01,428.0,15.0,21598.95,22.0,1,1000,30720,3000,70,7,0.01,0.01,ultimate,0.0,0.0,0.0,0.0,0.0,0.0,70.0
1214,Emil,Robles,34,"San Francisco-Oakland-Berkeley, CA MSA",2018-01-01,ultimate,,2018-03-01,414.0,15.0,22013.18,22.0,1,1000,30720,3000,70,7,0.01,0.01,ultimate,0.0,0.0,0.0,0.0,0.0,0.0,70.0
1214,Emil,Robles,34,"San Francisco-Oakland-Berkeley, CA MSA",2018-01-01,ultimate,,2018-04-01,466.0,13.0,15766.26,16.0,1,1000,30720,3000,70,7,0.01,0.01,ultimate,0.0,0.0,0.0,0.0,0.0,0.0,70.0
1214,Emil,Robles,34,"San Francisco-Oakland-Berkeley, CA MSA",2018-01-01,ultimate,,2018-05-01,413.0,13.0,16490.95,17.0,1,1000,30720,3000,70,7,0.01,0.01,ultimate,0.0,0.0,0.0,0.0,0.0,0.0,70.0
1214,Emil,Robles,34,"San Francisco-Oakland-Berkeley, CA MSA",2018-01-01,ultimate,,2018-06-01,451.0,13.0,21099.9,21.0,1,1000,30720,3000,70,7,0.01,0.01,ultimate,0.0,0.0,0.0,0.0,0.0,0.0,70.0
1214,Emil,Robles,34,"San Francisco-Oakland-Berkeley, CA MSA",2018-01-01,ultimate,,2018-07-01,467.0,24.0,16438.420000000002,17.0,1,1000,30720,3000,70,7,0.01,0.01,ultimate,0.0,0.0,0.0,0.0,0.0,0.0,70.0
1214,Emil,Robles,34,"San Francisco-Oakland-Berkeley, CA MSA",2018-01-01,ultimate,,2018-08-01,444.0,20.0,18177.17,18.0,1,1000,30720,3000,70,7,0.01,0.01,ultimate,0.0,0.0,0.0,0.0,0.0,0.0,70.0
1214,Emil,Robles,34,"San Francisco-Oakland-Berkeley, CA MSA",2018-01-01,ultimate,,2018-09-01,333.0,15.0,18749.35,19.0,1,1000,30720,3000,70,7,0.01,0.01,ultimate,0.0,0.0,0.0,0.0,0.0,0.0,70.0
1214,Emil,Robles,34,"San Francisco-Oakland-Berkeley, CA MSA",2018-01-01,ultimate,,2018-10-01,516.0,16.0,21638.58,22.0,1,1000,30720,3000,70,7,0.01,0.01,ultimate,0.0,0.0,0.0,0.0,0.0,0.0,70.0
1214,Emil,Robles,34,"San Francisco-Oakland-Berkeley, CA MSA",2018-01-01,ultimate,,2018-11-01,465.0,12.0,18392.45,18.0,1,1000,30720,3000,70,7,0.01,0.01,ultimate,0.0,0.0,0.0,0.0,0.0,0.0,70.0
1214,Emil,Robles,34,"San Francisco-Oakland-Berkeley, CA MSA",2018-01-01,ultimate,,2018-12-01,384.0,22.0,16239.92,16.0,1,1000,30720,3000,70,7,0.01,0.01,ultimate,0.0,0.0,0.0,0.0,0.0,0.0,70.0
1215,Adelle,Knapp,70,"New York-Newark-Jersey City, NY-NJ-PA MSA",2018-07-01,surf,,2018-09-01,304.0,54.0,18935.89,19.0,0,50,15360,500,20,10,0.03,0.03,surf,0.0,4.0,4.0,0.0,0.12,40.0,60.120000000000005
1215,Adelle,Knapp,70,"New York-Newark-Jersey City, NY-NJ-PA MSA",2018-07-01,surf,,2018-10-01,899.0,96.0,30940.87,31.0,0,50,15360,500,20,10,0.03,0.03,surf,399.0,46.0,16.0,11.969999999999999,1.38,160.0,193.35
1215,Adelle,Knapp,70,"New York-Newark-Jersey City, NY-NJ-PA MSA",2018-07-01,surf,,2018-11-01,699.0,92.0,35029.93,35.0,0,50,15360,500,20,10,0.03,0.03,surf,199.0,42.0,20.0,5.97,1.26,200.0,227.23
1215,Adelle,Knapp,70,"New York-Newark-Jersey City, NY-NJ-PA MSA",2018-07-01,surf,,2018-12-01,1167.0,98.0,34298.28,34.0,0,50,15360,500,20,10,0.03,0.03,surf,667.0,48.0,19.0,20.009999999999998,1.44,190.0,231.45
1216,Reita,Atkins,29,"San Francisco-Oakland-Berkeley, CA MSA",2018-06-19,surf,,2018-09-01,100.0,0.0,4938.33,5.0,0,50,15360,500,20,10,0.03,0.03,surf,0.0,0.0,0.0,0.0,0.0,0.0,20.0
1216,Reita,Atkins,29,"San Francisco-Oakland-Berkeley, CA MSA",2018-06-19,surf,,2018-10-01,255.0,0.0,14123.24,14.0,0,50,15360,500,20,10,0.03,0.03,surf,0.0,0.0,0.0,0.0,0.0,0.0,20.0
1216,Reita,Atkins,29,"San Francisco-Oakland-Berkeley, CA MSA",2018-06-19,surf,,2018-11-01,413.0,0.0,13588.44,14.0,0,50,15360,500,20,10,0.03,0.03,surf,0.0,0.0,0.0,0.0,0.0,0.0,20.0
1216,Reita,Atkins,29,"San Francisco-Oakland-Berkeley, CA MSA",2018-06-19,surf,,2018-12-01,372.0,0.0,15687.82,16.0,0,50,15360,500,20,10,0.03,0.03,surf,0.0,0.0,1.0,0.0,0.0,10.0,30.0
1217,Ned,Thomas,69,"Dayton-Kettering, OH MSA",2018-06-04,surf,,2018-10-01,528.0,0.0,21224.93,21.0,0,50,15360,500,20,10,0.03,0.03,surf,28.0,0.0,6.0,0.84,0.0,60.0,80.84
1217,Ned,Thomas,69,"Dayton-Kettering, OH MSA",2018-06-04,surf,,2018-11-01,650.0,0.0,22923.77,23.0,0,50,15360,500,20,10,0.03,0.03,surf,150.0,0.0,8.0,4.5,0.0,80.0,104.5
1217,Ned,Thomas,69,"Dayton-Kettering, OH MSA",2018-06-04,surf,,2018-12-01,577.0,0.0,18019.31,18.0,0,50,15360,500,20,10,0.03,0.03,surf,77.0,0.0,3.0,2.31,0.0,30.0,52.31
1218,Stanford,Pena,23,"Bakersfield, CA MSA",2018-01-16,surf,,2018-12-01,318.0,32.0,13594.75,14.0,0,50,15360,500,20,10,0.03,0.03,surf,0.0,0.0,0.0,0.0,0.0,0.0,20.0
1219,Gavin,Keller,51,"Detroit-Warren-Dearborn, MI MSA",2018-05-14,surf,,2018-11-01,615.0,18.0,8200.7,9.0,0,50,15360,500,20,10,0.03,0.03,surf,115.0,0.0,0.0,3.4499999999999997,0.0,0.0,23.45
1219,Gavin,Keller,51,"Detroit-Warren-Dearborn, MI MSA",2018-05-14,surf,,2018-12-01,712.0,24.0,27069.02,27.0,0,50,15360,500,20,10,0.03,0.03,surf,212.0,0.0,12.0,6.359999999999999,0.0,120.0,146.36
1220,Jack,Strong,26,"Cincinnati, OH-KY-IN MSA",2018-04-22,surf,2018-10-13,2018-04-01,121.0,18.0,5256.57,6.0,0,50,15360,500,20,10,0.03,0.03,surf,0.0,0.0,0.0,0.0,0.0,0.0,20.0
1220,Jack,Strong,26,"Cincinnati, OH-KY-IN MSA",2018-04-22,surf,2018-10-13,2018-05-01,691.0,32.0,18107.170000000002,18.0,0,50,15360,500,20,10,0.03,0.03,surf,191.0,0.0,3.0,5.7299999999999995,0.0,30.0,55.730000000000004
1220,Jack,Strong,26,"Cincinnati, OH-KY-IN MSA",2018-04-22,surf,2018-10-13,2018-06-01,483.0,27.0,12183.66,12.0,0,50,15360,500,20,10,0.03,0.03,surf,0.0,0.0,0.0,0.0,0.0,0.0,20.0
1220,Jack,Strong,26,"Cincinnati, OH-KY-IN MSA",2018-04-22,surf,2018-10-13,2018-07-01,639.0,41.0,20059.75,20.0,0,50,15360,500,20,10,0.03,0.03,surf,139.0,0.0,5.0,4.17,0.0,50.0,74.17
1220,Jack,Strong,26,"Cincinnati, OH-KY-IN MSA",2018-04-22,surf,2018-10-13,2018-08-01,570.0,33.0,24289.51,24.0,0,50,15360,500,20,10,0.03,0.03,surf,70.0,0.0,9.0,2.1,0.0,90.0,112.1
1220,Jack,Strong,26,"Cincinnati, OH-KY-IN MSA",2018-04-22,surf,2018-10-13,2018-09-01,569.0,34.0,20620.12,21.0,0,50,15360,500,20,10,0.03,0.03,surf,69.0,0.0,6.0,2.07,0.0,60.0,82.07
1220,Jack,Strong,26,"Cincinnati, OH-KY-IN MSA",2018-04-22,surf,2018-10-13,2018-10-01,198.0,16.0,8605.75,9.0,0,50,15360,500,20,10,0.03,0.03,surf,0.0,0.0,0.0,0.0,0.0,0.0,20.0
1221,Mckenzie,Wilkinson,18,"Boston-Cambridge-Newton, MA-NH MSA",2018-12-17,surf,,2018-12-01,108.0,11.0,7904.0,8.0,0,50,15360,500,20,10,0.03,0.03,surf,0.0,0.0,0.0,0.0,0.0,0.0,20.0
1222,Cleo,Anderson,18,"Los Angeles-Long Beach-Anaheim, CA MSA",2018-06-27,surf,,2018-06-01,14.0,2.0,0.0,0.0,0,50,15360,500,20,10,0.03,0.03,surf,0.0,0.0,0.0,0.0,0.0,0.0,20.0
1222,Cleo,Anderson,18,"Los Angeles-Long Beach-Anaheim, CA MSA",2018-06-27,surf,,2018-07-01,699.0,23.0,24258.6,24.0,0,50,15360,500,20,10,0.03,0.03,surf,199.0,0.0,9.0,5.97,0.0,90.0,115.97
1222,Cleo,Anderson,18,"Los Angeles-Long Beach-Anaheim, CA MSA",2018-06-27,surf,,2018-08-01,526.0,20.0,17845.63,18.0,0,50,15360,500,20,10,0.03,0.03,surf,26.0,0.0,3.0,0.78,0.0,30.0,50.78
1222,Cleo,Anderson,18,"Los Angeles-Long Beach-Anaheim, CA MSA",2018-06-27,surf,,2018-09-01,565.0,18.0,16716.01,17.0,0,50,15360,500,20,10,0.03,0.03,surf,65.0,0.0,2.0,1.95,0.0,20.0,41.95
1222,Cleo,Anderson,18,"Los Angeles-Long Beach-Anaheim, CA MSA",2018-06-27,surf,,2018-10-01,672.0,27.0,19515.59,20.0,0,50,15360,500,20,10,0.03,0.03,surf,172.0,0.0,5.0,5.16,0.0,50.0,75.16
1222,Cleo,Anderson,18,"Los Angeles-Long Beach-Anaheim, CA MSA",2018-06-27,surf,,2018-11-01,618.0,12.0,17755.92,18.0,0,50,15360,500,20,10,0.03,0.03,surf,118.0,0.0,3.0,3.54,0.0,30.0,53.54
1222,Cleo,Anderson,18,"Los Angeles-Long Beach-Anaheim, CA MSA",2018-06-27,surf,,2018-12-01,637.0,24.0,15123.43,15.0,0,50,15360,500,20,10,0.03,0.03,surf,137.0,0.0,0.0,4.109999999999999,0.0,0.0,24.11
1223,Patience,Wilson,37,"Phoenix-Mesa-Chandler, AZ MSA",2018-07-05,surf,,2018-07-01,635.0,23.0,23686.02,24.0,0,50,15360,500,20,10,0.03,0.03,surf,135.0,0.0,9.0,4.05,0.0,90.0,114.05
1223,Patience,Wilson,37,"Phoenix-Mesa-Chandler, AZ MSA",2018-07-05,surf,,2018-08-01,743.0,22.0,20398.48,20.0,0,50,15360,500,20,10,0.03,0.03,surf,243.0,0.0,5.0,7.29,0.0,50.0,77.28999999999999
1223,Patience,Wilson,37,"Phoenix-Mesa-Chandler, AZ MSA",2018-07-05,surf,,2018-09-01,649.0,27.0,20408.31,20.0,0,50,15360,500,20,10,0.03,0.03,surf,149.0,0.0,5.0,4.47,0.0,50.0,74.47
1223,Patience,Wilson,37,"Phoenix-Mesa-Chandler, AZ MSA",2018-07-05,surf,,2018-10-01,690.0,24.0,21161.28,21.0,0,50,15360,500,20,10,0.03,0.03,surf,190.0,0.0,6.0,5.7,0.0,60.0,85.7
1223,Patience,Wilson,37,"Phoenix-Mesa-Chandler, AZ MSA",2018-07-05,surf,,2018-11-01,559.0,27.0,23637.32,24.0,0,50,15360,500,20,10,0.03,0.03,surf,59.0,0.0,9.0,1.77,0.0,90.0,111.77
1223,Patience,Wilson,37,"Phoenix-Mesa-Chandler, AZ MSA",2018-07-05,surf,,2018-12-01,546.0,31.0,24924.04,25.0,0,50,15360,500,20,10,0.03,0.03,surf,46.0,0.0,10.0,1.38,0.0,100.0,121.38
1224,Kelly,Cole,74,"Atlanta-Sandy Springs-Roswell, GA MSA",2018-06-28,ultimate,,2018-07-01,267.0,59.0,21810.79,22.0,1,1000,30720,3000,70,7,0.01,0.01,ultimate,0.0,0.0,0.0,0.0,0.0,0.0,70.0
1224,Kelly,Cole,74,"Atlanta-Sandy Springs-Roswell, GA MSA",2018-06-28,ultimate,,2018-08-01,298.0,62.0,21674.27,22.0,1,1000,30720,3000,70,7,0.01,0.01,ultimate,0.0,0.0,0.0,0.0,0.0,0.0,70.0
1224,Kelly,Cole,74,"Atlanta-Sandy Springs-Roswell, GA MSA",2018-06-28,ultimate,,2018-09-01,187.0,61.0,17173.14,17.0,1,1000,30720,3000,70,7,0.01,0.01,ultimate,0.0,0.0,0.0,0.0,0.0,0.0,70.0
1224,Kelly,Cole,74,"Atlanta-Sandy Springs-Roswell, GA MSA",2018-06-28,ultimate,,2018-10-01,148.0,43.0,17909.54,18.0,1,1000,30720,3000,70,7,0.01,0.01,ultimate,0.0,0.0,0.0,0.0,0.0,0.0,70.0
1225,Margarito,Barker,41,"Columbia, SC MSA",2018-06-07,surf,,2018-12-01,495.0,0.0,14304.55,14.0,0,50,15360,500,20,10,0.03,0.03,surf,0.0,0.0,0.0,0.0,0.0,0.0,20.0
1226,Denver,Harrell,64,"Riverside-San Bernardino-Ontario, CA MSA",2018-03-15,ultimate,,2018-07-01,435.0,0.0,14650.06,15.0,1,1000,30720,3000,70,7,0.01,0.01,ultimate,0.0,0.0,0.0,0.0,0.0,0.0,70.0
1226,Denver,Harrell,64,"Riverside-San Bernardino-Ontario, CA MSA",2018-03-15,ultimate,,2018-08-01,427.0,0.0,14102.36,14.0,1,1000,30720,3000,70,7,0.01,0.01,ultimate,0.0,0.0,0.0,0.0,0.0,0.0,70.0
1226,Denver,Harrell,64,"Riverside-San Bernardino-Ontario, CA MSA",2018-03-15,ultimate,,2018-09-01,541.0,0.0,22213.05,22.0,1,1000,30720,3000,70,7,0.01,0.01,ultimate,0.0,0.0,0.0,0.0,0.0,0.0,70.0
1226,Denver,Harrell,64,"Riverside-San Bernardino-Ontario, CA MSA",2018-03-15,ultimate,,2018-10-01,466.0,0.0,17487.170000000002,18.0,1,1000,30720,3000,70,7,0.01,0.01,ultimate,0.0,0.0,0.0,0.0,0.0,0.0,70.0
1226,Denver,Harrell,64,"Riverside-San Bernardino-Ontario, CA MSA",2018-03-15,ultimate,,2018-11-01,429.0,0.0,18980.1,19.0,1,1000,30720,3000,70,7,0.01,0.01,ultimate,0.0,0.0,0.0,0.0,0.0,0.0,70.0
1226,Denver,Harrell,64,"Riverside-San Bernardino-Ontario, CA MSA",2018-03-15,ultimate,,2018-12-01,572.0,0.0,17046.68,17.0,1,1000,30720,3000,70,7,0.01,0.01,ultimate,0.0,0.0,0.0,0.0,0.0,0.0,70.0
1227,Vanesa,Willis,29,"Dallas-Fort Worth-Arlington, TX MSA",2018-01-17,surf,,2018-12-01,360.0,27.0,18651.59,19.0,0,50,15360,500,20,10,0.03,0.03,surf,0.0,0.0,4.0,0.0,0.0,40.0,60.0
1228,Jude,Hale,26,"Detroit-Warren-Dearborn, MI MSA",2018-04-15,surf,,2018-10-01,184.0,3.0,8786.14,9.0,0,50,15360,500,20,10,0.03,0.03,surf,0.0,0.0,0.0,0.0,0.0,0.0,20.0
1228,Jude,Hale,26,"Detroit-Warren-Dearborn, MI MSA",2018-04-15,surf,,2018-11-01,473.0,3.0,13225.32,13.0,0,50,15360,500,20,10,0.03,0.03,surf,0.0,0.0,0.0,0.0,0.0,0.0,20.0
1228,Jude,Hale,26,"Detroit-Warren-Dearborn, MI MSA",2018-04-15,surf,,2018-12-01,164.0,0.0,8615.64,9.0,0,50,15360,500,20,10,0.03,0.03,surf,0.0,0.0,0.0,0.0,0.0,0.0,20.0
1229,Augustus,Barker,69,"Austin-Round Rock-Georgetown, TX MSA",2018-12-09,ultimate,,2018-12-01,107.0,125.0,20551.61,21.0,1,1000,30720,3000,70,7,0.01,0.01,ultimate,0.0,0.0,0.0,0.0,0.0,0.0,70.0
1230,Andre,Estes,38,"New York-Newark-Jersey City, NY-NJ-PA MSA",2018-02-27,ultimate,,2018-12-01,453.0,126.0,21637.87,22.0,1,1000,30720,3000,70,7,0.01,0.01,ultimate,0.0,0.0,0.0,0.0,0.0,0.0,70.0
1231,Gaylord,Witt,57,"San Jose-Sunnyvale-Santa Clara, CA MSA",2018-01-19,ultimate,,2018-06-01,400.0,2.0,15342.76,15.0,1,1000,30720,3000,70,7,0.01,0.01,ultimate,0.0,0.0,0.0,0.0,0.0,0.0,70.0
1231,Gaylord,Witt,57,"San Jose-Sunnyvale-Santa Clara, CA MSA",2018-01-19,ultimate,,2018-07-01,526.0,1.0,14764.46,15.0,1,1000,30720,3000,70,7,0.01,0.01,ultimate,0.0,0.0,0.0,0.0,0.0,0.0,70.0
1231,Gaylord,Witt,57,"San Jose-Sunnyvale-Santa Clara, CA MSA",2018-01-19,ultimate,,2018-08-01,441.0,7.0,16874.25,17.0,1,1000,30720,3000,70,7,0.01,0.01,ultimate,0.0,0.0,0.0,0.0,0.0,0.0,70.0
1231,Gaylord,Witt,57,"San Jose-Sunnyvale-Santa Clara, CA MSA",2018-01-19,ultimate,,2018-09-01,582.0,2.0,19411.23,19.0,1,1000,30720,3000,70,7,0.01,0.01,ultimate,0.0,0.0,0.0,0.0,0.0,0.0,70.0
1231,Gaylord,Witt,57,"San Jose-Sunnyvale-Santa Clara, CA MSA",2018-01-19,ultimate,,2018-10-01,546.0,3.0,16946.96,17.0,1,1000,30720,3000,70,7,0.01,0.01,ultimate,0.0,0.0,0.0,0.0,0.0,0.0,70.0
1231,Gaylord,Witt,57,"San Jose-Sunnyvale-Santa Clara, CA MSA",2018-01-19,ultimate,,2018-11-01,498.0,3.0,16410.25,17.0,1,1000,30720,3000,70,7,0.01,0.01,ultimate,0.0,0.0,0.0,0.0,0.0,0.0,70.0
1231,Gaylord,Witt,57,"San Jose-Sunnyvale-Santa Clara, CA MSA",2018-01-19,ultimate,,2018-12-01,590.0,3.0,17326.59,17.0,1,1000,30720,3000,70,7,0.01,0.01,ultimate,0.0,0.0,0.0,0.0,0.0,0.0,70.0
1232,Elidia,Russell,64,"Chicago-Naperville-Elgin, IL-IN-WI MSA",2018-04-07,surf,,2018-04-01,377.0,0.0,9727.59,10.0,0,50,15360,500,20,10,0.03,0.03,surf,0.0,0.0,0.0,0.0,0.0,0.0,20.0
1232,Elidia,Russell,64,"Chicago-Naperville-Elgin, IL-IN-WI MSA",2018-04-07,surf,,2018-05-01,617.0,2.0,15035.58,15.0,0,50,15360,500,20,10,0.03,0.03,surf,117.0,0.0,0.0,3.51,0.0,0.0,23.509999999999998
1232,Elidia,Russell,64,"Chicago-Naperville-Elgin, IL-IN-WI MSA",2018-04-07,surf,,2018-06-01,505.0,3.0,15664.87,16.0,0,50,15360,500,20,10,0.03,0.03,surf,5.0,0.0,1.0,0.15,0.0,10.0,30.15
1232,Elidia,Russell,64,"Chicago-Naperville-Elgin, IL-IN-WI MSA",2018-04-07,surf,,2018-07-01,579.0,2.0,15422.94,16.0,0,50,15360,500,20,10,0.03,0.03,surf,79.0,0.0,1.0,2.37,0.0,10.0,32.370000000000005
1232,Elidia,Russell,64,"Chicago-Naperville-Elgin, IL-IN-WI MSA",2018-04-07,surf,,2018-08-01,635.0,0.0,15929.76,16.0,0,50,15360,500,20,10,0.03,0.03,surf,135.0,0.0,1.0,4.05,0.0,10.0,34.05
1232,Elidia,Russell,64,"Chicago-Naperville-Elgin, IL-IN-WI MSA",2018-04-07,surf,,2018-09-01,500.0,4.0,22794.48,23.0,0,50,15360,500,20,10,0.03,0.03,surf,0.0,0.0,8.0,0.0,0.0,80.0,100.0
1232,Elidia,Russell,64,"Chicago-Naperville-Elgin, IL-IN-WI MSA",2018-04-07,surf,,2018-10-01,522.0,4.0,15508.529999999999,16.0,0,50,15360,500,20,10,0.03,0.03,surf,22.0,0.0,1.0,0.6599999999999999,0.0,10.0,30.66
1232,Elidia,Russell,64,"Chicago-Naperville-Elgin, IL-IN-WI MSA",2018-04-07,surf,,2018-11-01,678.0,1.0,17510.36,18.0,0,50,15360,500,20,10,0.03,0.03,surf,178.0,0.0,3.0,5.34,0.0,30.0,55.34
1232,Elidia,Russell,64,"Chicago-Naperville-Elgin, IL-IN-WI MSA",2018-04-07,surf,,2018-12-01,647.0,3.0,17936.99,18.0,0,50,15360,500,20,10,0.03,0.03,surf,147.0,0.0,3.0,4.41,0.0,30.0,54.41
1233,Janee,Perkins,33,"Atlanta-Sandy Springs-Roswell, GA MSA",2018-09-11,surf,,2018-10-01,133.0,0.0,8920.32,9.0,0,50,15360,500,20,10,0.03,0.03,surf,0.0,0.0,0.0,0.0,0.0,0.0,20.0
1233,Janee,Perkins,33,"Atlanta-Sandy Springs-Roswell, GA MSA",2018-09-11,surf,,2018-11-01,261.0,0.0,22779.82,23.0,0,50,15360,500,20,10,0.03,0.03,surf,0.0,0.0,8.0,0.0,0.0,80.0,100.0
1233,Janee,Perkins,33,"Atlanta-Sandy Springs-Roswell, GA MSA",2018-09-11,surf,,2018-12-01,363.0,0.0,18768.07,19.0,0,50,15360,500,20,10,0.03,0.03,surf,0.0,0.0,4.0,0.0,0.0,40.0,60.0
1234,Matt,Taylor,19,"Seattle-Tacoma-Bellevue, WA MSA",2018-09-12,ultimate,,2018-12-01,502.0,53.0,9299.3,10.0,1,1000,30720,3000,70,7,0.01,0.01,ultimate,0.0,0.0,0.0,0.0,0.0,0.0,70.0
1235,Felton,Nguyen,50,"Minneapolis-St. Paul-Bloomington, MN-WI MSA",2018-02-20,surf,,2018-11-01,336.0,33.0,13245.86,13.0,0,50,15360,500,20,10,0.03,0.03,surf,0.0,0.0,0.0,0.0,0.0,0.0,20.0
1235,Felton,Nguyen,50,"Minneapolis-St. Paul-Bloomington, MN-WI MSA",2018-02-20,surf,,2018-12-01,145.0,28.0,7245.31,8.0,0,50,15360,500,20,10,0.03,0.03,surf,0.0,0.0,0.0,0.0,0.0,0.0,20.0
1236,Odell,Juarez,74,"Minneapolis-St. Paul-Bloomington, MN-WI MSA",2018-04-04,ultimate,,2018-04-01,273.0,28.0,15603.83,16.0,1,1000,30720,3000,70,7,0.01,0.01,ultimate,0.0,0.0,0.0,0.0,0.0,0.0,70.0
1236,Odell,Juarez,74,"Minneapolis-St. Paul-Bloomington, MN-WI MSA",2018-04-04,ultimate,,2018-05-01,369.0,35.0,14906.16,15.0,1,1000,30720,3000,70,7,0.01,0.01,ultimate,0.0,0.0,0.0,0.0,0.0,0.0,70.0
1236,Odell,Juarez,74,"Minneapolis-St. Paul-Bloomington, MN-WI MSA",2018-04-04,ultimate,,2018-06-01,434.0,32.0,18925.44,19.0,1,1000,30720,3000,70,7,0.01,0.01,ultimate,0.0,0.0,0.0,0.0,0.0,0.0,70.0
1236,Odell,Juarez,74,"Minneapolis-St. Paul-Bloomington, MN-WI MSA",2018-04-04,ultimate,,2018-07-01,535.0,20.0,13604.83,14.0,1,1000,30720,3000,70,7,0.01,0.01,ultimate,0.0,0.0,0.0,0.0,0.0,0.0,70.0
1236,Odell,Juarez,74,"Minneapolis-St. Paul-Bloomington, MN-WI MSA",2018-04-04,ultimate,,2018-08-01,435.0,36.0,17954.65,18.0,1,1000,30720,3000,70,7,0.01,0.01,ultimate,0.0,0.0,0.0,0.0,0.0,0.0,70.0
1236,Odell,Juarez,74,"Minneapolis-St. Paul-Bloomington, MN-WI MSA",2018-04-04,ultimate,,2018-09-01,620.0,23.0,17586.99,18.0,1,1000,30720,3000,70,7,0.01,0.01,ultimate,0.0,0.0,0.0,0.0,0.0,0.0,70.0
1236,Odell,Juarez,74,"Minneapolis-St. Paul-Bloomington, MN-WI MSA",2018-04-04,ultimate,,2018-10-01,578.0,17.0,15205.5,15.0,1,1000,30720,3000,70,7,0.01,0.01,ultimate,0.0,0.0,0.0,0.0,0.0,0.0,70.0
1236,Odell,Juarez,74,"Minneapolis-St. Paul-Bloomington, MN-WI MSA",2018-04-04,ultimate,,2018-11-01,684.0,24.0,17141.73,17.0,1,1000,30720,3000,70,7,0.01,0.01,ultimate,0.0,0.0,0.0,0.0,0.0,0.0,70.0
1236,Odell,Juarez,74,"Minneapolis-St. Paul-Bloomington, MN-WI MSA",2018-04-04,ultimate,,2018-12-01,594.0,29.0,19703.65,20.0,1,1000,30720,3000,70,7,0.01,0.01,ultimate,0.0,0.0,0.0,0.0,0.0,0.0,70.0
1237,Leighann,Wheeler,50,"New York-Newark-Jersey City, NY-NJ-PA MSA",2018-08-26,ultimate,,2018-09-01,650.0,30.0,13358.56,14.0,1,1000,30720,3000,70,7,0.01,0.01,ultimate,0.0,0.0,0.0,0.0,0.0,0.0,70.0
1237,Leighann,Wheeler,50,"New York-Newark-Jersey City, NY-NJ-PA MSA",2018-08-26,ultimate,,2018-10-01,743.0,36.0,11199.210000000001,11.0,1,1000,30720,3000,70,7,0.01,0.01,ultimate,0.0,0.0,0.0,0.0,0.0,0.0,70.0
1237,Leighann,Wheeler,50,"New York-Newark-Jersey City, NY-NJ-PA MSA",2018-08-26,ultimate,,2018-11-01,743.0,33.0,7367.0,8.0,1,1000,30720,3000,70,7,0.01,0.01,ultimate,0.0,0.0,0.0,0.0,0.0,0.0,70.0
1237,Leighann,Wheeler,50,"New York-Newark-Jersey City, NY-NJ-PA MSA",2018-08-26,ultimate,,2018-12-01,738.0,41.0,15369.49,16.0,1,1000,30720,3000,70,7,0.01,0.01,ultimate,0.0,0.0,0.0,0.0,0.0,0.0,70.0
1238,Jackeline,Byrd,42,"Dallas-Fort Worth-Arlington, TX MSA",2018-06-16,surf,,2018-11-01,419.0,0.0,22351.4,22.0,0,50,15360,500,20,10,0.03,0.03,surf,0.0,0.0,7.0,0.0,0.0,70.0,90.0
1238,Jackeline,Byrd,42,"Dallas-Fort Worth-Arlington, TX MSA",2018-06-16,surf,,2018-12-01,514.0,0.0,22777.73,23.0,0,50,15360,500,20,10,0.03,0.03,surf,14.0,0.0,8.0,0.42,0.0,80.0,100.42
1239,Quentin,Hancock,24,"Fresno, CA MSA",2018-08-11,surf,,2018-10-01,387.0,0.0,13808.210000000001,14.0,0,50,15360,500,20,10,0.03,0.03,surf,0.0,0.0,0.0,0.0,0.0,0.0,20.0
1239,Quentin,Hancock,24,"Fresno, CA MSA",2018-08-11,surf,,2018-11-01,581.0,0.0,13955.03,14.0,0,50,15360,500,20,10,0.03,0.03,surf,81.0,0.0,0.0,2.4299999999999997,0.0,0.0,22.43
1239,Quentin,Hancock,24,"Fresno, CA MSA",2018-08-11,surf,,2018-12-01,651.0,0.0,17206.28,17.0,0,50,15360,500,20,10,0.03,0.03,surf,151.0,0.0,2.0,4.53,0.0,20.0,44.53
1240,Drema,Lopez,61,"Baton Rouge, LA MSA",2018-03-18,surf,,2018-06-01,184.0,3.0,8454.95,9.0,0,50,15360,500,20,10,0.03,0.03,surf,0.0,0.0,0.0,0.0,0.0,0.0,20.0
1240,Drema,Lopez,61,"Baton Rouge, LA MSA",2018-03-18,surf,,2018-07-01,1176.0,9.0,34750.43,34.0,0,50,15360,500,20,10,0.03,0.03,surf,676.0,0.0,19.0,20.279999999999998,0.0,190.0,230.28
1240,Drema,Lopez,61,"Baton Rouge, LA MSA",2018-03-18,surf,,2018-08-01,1095.0,15.0,49950.58,49.0,0,50,15360,500,20,10,0.03,0.03,surf,595.0,0.0,34.0,17.849999999999998,0.0,340.0,377.85
1240,Drema,Lopez,61,"Baton Rouge, LA MSA",2018-03-18,surf,,2018-09-01,1212.0,12.0,30851.55,31.0,0,50,15360,500,20,10,0.03,0.03,surf,712.0,0.0,16.0,21.36,0.0,160.0,201.36
1240,Drema,Lopez,61,"Baton Rouge, LA MSA",2018-03-18,surf,,2018-10-01,1194.0,9.0,42128.840000000004,42.0,0,50,15360,500,20,10,0.03,0.03,surf,694.0,0.0,27.0,20.82,0.0,270.0,310.82
1240,Drema,Lopez,61,"Baton Rouge, LA MSA",2018-03-18,surf,,2018-11-01,1019.0,11.0,33644.72,33.0,0,50,15360,500,20,10,0.03,0.03,surf,519.0,0.0,18.0,15.57,0.0,180.0,215.57
1240,Drema,Lopez,61,"Baton Rouge, LA MSA",2018-03-18,surf,,2018-12-01,1119.0,18.0,41729.17,41.0,0,50,15360,500,20,10,0.03,0.03,surf,619.0,0.0,26.0,18.57,0.0,260.0,298.57
1241,Lala,Walls,24,"Richmond, VA MSA",2018-08-27,surf,,2018-09-01,485.0,20.0,9184.64,9.0,0,50,15360,500,20,10,0.03,0.03,surf,0.0,0.0,0.0,0.0,0.0,0.0,20.0
1241,Lala,Walls,24,"Richmond, VA MSA",2018-08-27,surf,,2018-10-01,736.0,41.0,10170.63,10.0,0,50,15360,500,20,10,0.03,0.03,surf,236.0,0.0,0.0,7.08,0.0,0.0,27.08
1241,Lala,Walls,24,"Richmond, VA MSA",2018-08-27,surf,,2018-11-01,609.0,26.0,6419.27,7.0,0,50,15360,500,20,10,0.03,0.03,surf,109.0,0.0,0.0,3.27,0.0,0.0,23.27
1241,Lala,Walls,24,"Richmond, VA MSA",2018-08-27,surf,,2018-12-01,582.0,45.0,14071.01,14.0,0,50,15360,500,20,10,0.03,0.03,surf,82.0,0.0,0.0,2.46,0.0,0.0,22.46
1242,Lashunda,Johns,37,"San Antonio-New Braunfels, TX MSA",2018-06-02,surf,,2018-10-01,255.0,66.0,10893.72,11.0,0,50,15360,500,20,10,0.03,0.03,surf,0.0,16.0,0.0,0.0,0.48,0.0,20.48
1242,Lashunda,Johns,37,"San Antonio-New Braunfels, TX MSA",2018-06-02,surf,,2018-11-01,264.0,62.0,14706.14,15.0,0,50,15360,500,20,10,0.03,0.03,surf,0.0,12.0,0.0,0.0,0.36,0.0,20.36
1242,Lashunda,Johns,37,"San Antonio-New Braunfels, TX MSA",2018-06-02,surf,,2018-12-01,234.0,64.0,9810.87,10.0,0,50,15360,500,20,10,0.03,0.03,surf,0.0,14.0,0.0,0.0,0.42,0.0,20.42
1243,Isaias,Compton,71,"Phoenix-Mesa-Chandler, AZ MSA",2018-05-11,surf,,2018-10-01,66.0,8.0,12057.33,12.0,0,50,15360,500,20,10,0.03,0.03,surf,0.0,0.0,0.0,0.0,0.0,0.0,20.0
1243,Isaias,Compton,71,"Phoenix-Mesa-Chandler, AZ MSA",2018-05-11,surf,,2018-11-01,497.0,16.0,22394.04,22.0,0,50,15360,500,20,10,0.03,0.03,surf,0.0,0.0,7.0,0.0,0.0,70.0,90.0
1243,Isaias,Compton,71,"Phoenix-Mesa-Chandler, AZ MSA",2018-05-11,surf,,2018-12-01,407.0,24.0,28824.21,29.0,0,50,15360,500,20,10,0.03,0.03,surf,0.0,0.0,14.0,0.0,0.0,140.0,160.0
1244,Demarcus,Ellis,75,"Birmingham-Hoover, AL MSA",2018-02-05,surf,,2018-11-01,151.0,33.0,20203.12,20.0,0,50,15360,500,20,10,0.03,0.03,surf,0.0,0.0,5.0,0.0,0.0,50.0,70.0
1244,Demarcus,Ellis,75,"Birmingham-Hoover, AL MSA",2018-02-05,surf,,2018-12-01,151.0,41.0,19531.16,20.0,0,50,15360,500,20,10,0.03,0.03,surf,0.0,0.0,5.0,0.0,0.0,50.0,70.0
1245,Quinn,David,30,"New York-Newark-Jersey City, NY-NJ-PA MSA",2018-06-19,surf,,2018-07-01,64.0,4.0,2530.84,3.0,0,50,15360,500,20,10,0.03,0.03,surf,0.0,0.0,0.0,0.0,0.0,0.0,20.0
1245,Quinn,David,30,"New York-Newark-Jersey City, NY-NJ-PA MSA",2018-06-19,surf,,2018-08-01,258.0,7.0,9636.65,10.0,0,50,15360,500,20,10,0.03,0.03,surf,0.0,0.0,0.0,0.0,0.0,0.0,20.0
1245,Quinn,David,30,"New York-Newark-Jersey City, NY-NJ-PA MSA",2018-06-19,surf,,2018-09-01,331.0,9.0,6875.84,7.0,0,50,15360,500,20,10,0.03,0.03,surf,0.0,0.0,0.0,0.0,0.0,0.0,20.0
1245,Quinn,David,30,"New York-Newark-Jersey City, NY-NJ-PA MSA",2018-06-19,surf,,2018-10-01,340.0,10.0,9238.86,10.0,0,50,15360,500,20,10,0.03,0.03,surf,0.0,0.0,0.0,0.0,0.0,0.0,20.0
1245,Quinn,David,30,"New York-Newark-Jersey City, NY-NJ-PA MSA",2018-06-19,surf,,2018-11-01,181.0,15.0,12283.49,12.0,0,50,15360,500,20,10,0.03,0.03,surf,0.0,0.0,0.0,0.0,0.0,0.0,20.0
1245,Quinn,David,30,"New York-Newark-Jersey City, NY-NJ-PA MSA",2018-06-19,surf,,2018-12-01,374.0,9.0,4821.57,5.0,0,50,15360,500,20,10,0.03,0.03,surf,0.0,0.0,0.0,0.0,0.0,0.0,20.0
1246,Stevie,Moran,69,"Tampa-St. Petersburg-Clearwater, FL MSA",2018-01-09,ultimate,2018-07-31,2018-02-01,621.0,26.0,20092.89,20.0,1,1000,30720,3000,70,7,0.01,0.01,ultimate,0.0,0.0,0.0,0.0,0.0,0.0,70.0
1246,Stevie,Moran,69,"Tampa-St. Petersburg-Clearwater, FL MSA",2018-01-09,ultimate,2018-07-31,2018-03-01,627.0,21.0,31093.21,31.0,1,1000,30720,3000,70,7,0.01,0.01,ultimate,0.0,0.0,1.0,0.0,0.0,7.0,77.0
1246,Stevie,Moran,69,"Tampa-St. Petersburg-Clearwater, FL MSA",2018-01-09,ultimate,2018-07-31,2018-04-01,699.0,19.0,26662.62,27.0,1,1000,30720,3000,70,7,0.01,0.01,ultimate,0.0,0.0,0.0,0.0,0.0,0.0,70.0
1246,Stevie,Moran,69,"Tampa-St. Petersburg-Clearwater, FL MSA",2018-01-09,ultimate,2018-07-31,2018-05-01,641.0,19.0,19820.760000000002,20.0,1,1000,30720,3000,70,7,0.01,0.01,ultimate,0.0,0.0,0.0,0.0,0.0,0.0,70.0
1246,Stevie,Moran,69,"Tampa-St. Petersburg-Clearwater, FL MSA",2018-01-09,ultimate,2018-07-31,2018-06-01,474.0,14.0,17066.01,17.0,1,1000,30720,3000,70,7,0.01,0.01,ultimate,0.0,0.0,0.0,0.0,0.0,0.0,70.0
1246,Stevie,Moran,69,"Tampa-St. Petersburg-Clearwater, FL MSA",2018-01-09,ultimate,2018-07-31,2018-07-01,864.0,18.0,17422.16,18.0,1,1000,30720,3000,70,7,0.01,0.01,ultimate,0.0,0.0,0.0,0.0,0.0,0.0,70.0
1247,Marion,Singleton,75,"Los Angeles-Long Beach-Anaheim, CA MSA",2018-04-12,ultimate,,2018-07-01,188.0,29.0,5598.34,6.0,1,1000,30720,3000,70,7,0.01,0.01,ultimate,0.0,0.0,0.0,0.0,0.0,0.0,70.0
1247,Marion,Singleton,75,"Los Angeles-Long Beach-Anaheim, CA MSA",2018-04-12,ultimate,,2018-08-01,420.0,119.0,15364.48,16.0,1,1000,30720,3000,70,7,0.01,0.01,ultimate,0.0,0.0,0.0,0.0,0.0,0.0,70.0
1247,Marion,Singleton,75,"Los Angeles-Long Beach-Anaheim, CA MSA",2018-04-12,ultimate,,2018-09-01,625.0,109.0,20909.73,21.0,1,1000,30720,3000,70,7,0.01,0.01,ultimate,0.0,0.0,0.0,0.0,0.0,0.0,70.0
1247,Marion,Singleton,75,"Los Angeles-Long Beach-Anaheim, CA MSA",2018-04-12,ultimate,,2018-10-01,525.0,110.0,14394.15,15.0,1,1000,30720,3000,70,7,0.01,0.01,ultimate,0.0,0.0,0.0,0.0,0.0,0.0,70.0
1247,Marion,Singleton,75,"Los Angeles-Long Beach-Anaheim, CA MSA",2018-04-12,ultimate,,2018-11-01,587.0,121.0,17459.46,18.0,1,1000,30720,3000,70,7,0.01,0.01,ultimate,0.0,0.0,0.0,0.0,0.0,0.0,70.0
1247,Marion,Singleton,75,"Los Angeles-Long Beach-Anaheim, CA MSA",2018-04-12,ultimate,,2018-12-01,496.0,112.0,26551.09,26.0,1,1000,30720,3000,70,7,0.01,0.01,ultimate,0.0,0.0,0.0,0.0,0.0,0.0,70.0
1248,Leigha,Dawson,35,"Nashville-Davidson–Murfreesboro–Franklin, TN MSA",2018-11-01,surf,,2018-11-01,99.0,10.0,1869.23,2.0,0,50,15360,500,20,10,0.03,0.03,surf,0.0,0.0,0.0,0.0,0.0,0.0,20.0
1248,Leigha,Dawson,35,"Nashville-Davidson–Murfreesboro–Franklin, TN MSA",2018-11-01,surf,,2018-12-01,966.0,102.0,17330.7,17.0,0,50,15360,500,20,10,0.03,0.03,surf,466.0,52.0,2.0,13.979999999999999,1.56,20.0,55.54
1249,Kelly,Goodman,41,"Cincinnati, OH-KY-IN MSA",2018-05-14,ultimate,,2018-05-01,343.0,19.0,9452.18,10.0,1,1000,30720,3000,70,7,0.01,0.01,ultimate,0.0,0.0,0.0,0.0,0.0,0.0,70.0
1249,Kelly,Goodman,41,"Cincinnati, OH-KY-IN MSA",2018-05-14,ultimate,,2018-06-01,510.0,32.0,16483.84,17.0,1,1000,30720,3000,70,7,0.01,0.01,ultimate,0.0,0.0,0.0,0.0,0.0,0.0,70.0
1249,Kelly,Goodman,41,"Cincinnati, OH-KY-IN MSA",2018-05-14,ultimate,,2018-07-01,844.0,26.0,14209.539999999999,14.0,1,1000,30720,3000,70,7,0.01,0.01,ultimate,0.0,0.0,0.0,0.0,0.0,0.0,70.0
1249,Kelly,Goodman,41,"Cincinnati, OH-KY-IN MSA",2018-05-14,ultimate,,2018-08-01,554.0,39.0,18809.16,19.0,1,1000,30720,3000,70,7,0.01,0.01,ultimate,0.0,0.0,0.0,0.0,0.0,0.0,70.0
1249,Kelly,Goodman,41,"Cincinnati, OH-KY-IN MSA",2018-05-14,ultimate,,2018-09-01,522.0,47.0,17041.18,17.0,1,1000,30720,3000,70,7,0.01,0.01,ultimate,0.0,0.0,0.0,0.0,0.0,0.0,70.0
1249,Kelly,Goodman,41,"Cincinnati, OH-KY-IN MSA",2018-05-14,ultimate,,2018-10-01,566.0,36.0,11660.19,12.0,1,1000,30720,3000,70,7,0.01,0.01,ultimate,0.0,0.0,0.0,0.0,0.0,0.0,70.0
1250,Milan,Sellers,57,"Houston-The Woodlands-Sugar Land, TX MSA",2018-04-03,ultimate,,2018-10-01,528.0,53.0,8511.32,9.0,1,1000,30720,3000,70,7,0.01,0.01,ultimate,0.0,0.0,0.0,0.0,0.0,0.0,70.0
1250,Milan,Sellers,57,"Houston-The Woodlands-Sugar Land, TX MSA",2018-04-03,ultimate,,2018-11-01,597.0,69.0,11680.55,12.0,1,1000,30720,3000,70,7,0.01,0.01,ultimate,0.0,0.0,0.0,0.0,0.0,0.0,70.0
1250,Milan,Sellers,57,"Houston-The Woodlands-Sugar Land, TX MSA",2018-04-03,ultimate,,2018-12-01,388.0,79.0,8733.2,9.0,1,1000,30720,3000,70,7,0.01,0.01,ultimate,0.0,0.0,0.0,0.0,0.0,0.0,70.0
1251,Tifany,Mcgee,45,"New York-Newark-Jersey City, NY-NJ-PA MSA",2018-01-01,surf,,2018-03-01,247.0,20.0,13867.94,14.0,0,50,15360,500,20,10,0.03,0.03,surf,0.0,0.0,0.0,0.0,0.0,0.0,20.0
1251,Tifany,Mcgee,45,"New York-Newark-Jersey City, NY-NJ-PA MSA",2018-01-01,surf,,2018-04-01,488.0,33.0,22601.96,23.0,0,50,15360,500,20,10,0.03,0.03,surf,0.0,0.0,8.0,0.0,0.0,80.0,100.0
1251,Tifany,Mcgee,45,"New York-Newark-Jersey City, NY-NJ-PA MSA",2018-01-01,surf,,2018-05-01,567.0,39.0,21218.65,21.0,0,50,15360,500,20,10,0.03,0.03,surf,67.0,0.0,6.0,2.01,0.0,60.0,82.00999999999999
1251,Tifany,Mcgee,45,"New York-Newark-Jersey City, NY-NJ-PA MSA",2018-01-01,surf,,2018-06-01,487.0,33.0,29479.36,29.0,0,50,15360,500,20,10,0.03,0.03,surf,0.0,0.0,14.0,0.0,0.0,140.0,160.0
1251,Tifany,Mcgee,45,"New York-Newark-Jersey City, NY-NJ-PA MSA",2018-01-01,surf,,2018-07-01,590.0,39.0,22913.54,23.0,0,50,15360,500,20,10,0.03,0.03,surf,90.0,0.0,8.0,2.6999999999999997,0.0,80.0,102.7
1251,Tifany,Mcgee,45,"New York-Newark-Jersey City, NY-NJ-PA MSA",2018-01-01,surf,,2018-08-01,614.0,20.0,34474.37,34.0,0,50,15360,500,20,10,0.03,0.03,surf,114.0,0.0,19.0,3.42,0.0,190.0,213.42000000000002
1251,Tifany,Mcgee,45,"New York-Newark-Jersey City, NY-NJ-PA MSA",2018-01-01,surf,,2018-09-01,537.0,29.0,21295.69,21.0,0,50,15360,500,20,10,0.03,0.03,surf,37.0,0.0,6.0,1.1099999999999999,0.0,60.0,81.11
1251,Tifany,Mcgee,45,"New York-Newark-Jersey City, NY-NJ-PA MSA",2018-01-01,surf,,2018-10-01,652.0,33.0,28883.57,29.0,0,50,15360,500,20,10,0.03,0.03,surf,152.0,0.0,14.0,4.56,0.0,140.0,164.56
1251,Tifany,Mcgee,45,"New York-Newark-Jersey City, NY-NJ-PA MSA",2018-01-01,surf,,2018-11-01,550.0,29.0,18230.67,18.0,0,50,15360,500,20,10,0.03,0.03,surf,50.0,0.0,3.0,1.5,0.0,30.0,51.5
1251,Tifany,Mcgee,45,"New York-Newark-Jersey City, NY-NJ-PA MSA",2018-01-01,surf,,2018-12-01,589.0,35.0,20720.46,21.0,0,50,15360,500,20,10,0.03,0.03,surf,89.0,0.0,6.0,2.67,0.0,60.0,82.67
1252,Mitsue,York,27,"Detroit-Warren-Dearborn, MI MSA",2018-06-10,surf,,2018-06-01,270.0,13.0,8275.41,9.0,0,50,15360,500,20,10,0.03,0.03,surf,0.0,0.0,0.0,0.0,0.0,0.0,20.0
1252,Mitsue,York,27,"Detroit-Warren-Dearborn, MI MSA",2018-06-10,surf,,2018-07-01,463.0,39.0,14321.31,14.0,0,50,15360,500,20,10,0.03,0.03,surf,0.0,0.0,0.0,0.0,0.0,0.0,20.0
1252,Mitsue,York,27,"Detroit-Warren-Dearborn, MI MSA",2018-06-10,surf,,2018-08-01,368.0,26.0,12872.529999999999,13.0,0,50,15360,500,20,10,0.03,0.03,surf,0.0,0.0,0.0,0.0,0.0,0.0,20.0
1252,Mitsue,York,27,"Detroit-Warren-Dearborn, MI MSA",2018-06-10,surf,,2018-09-01,446.0,28.0,15538.58,16.0,0,50,15360,500,20,10,0.03,0.03,surf,0.0,0.0,1.0,0.0,0.0,10.0,30.0
1252,Mitsue,York,27,"Detroit-Warren-Dearborn, MI MSA",2018-06-10,surf,,2018-10-01,469.0,37.0,16963.29,17.0,0,50,15360,500,20,10,0.03,0.03,surf,0.0,0.0,2.0,0.0,0.0,20.0,40.0
1252,Mitsue,York,27,"Detroit-Warren-Dearborn, MI MSA",2018-06-10,surf,,2018-11-01,441.0,30.0,13417.19,14.0,0,50,15360,500,20,10,0.03,0.03,surf,0.0,0.0,0.0,0.0,0.0,0.0,20.0
1252,Mitsue,York,27,"Detroit-Warren-Dearborn, MI MSA",2018-06-10,surf,,2018-12-01,485.0,35.0,12730.13,13.0,0,50,15360,500,20,10,0.03,0.03,surf,0.0,0.0,0.0,0.0,0.0,0.0,20.0
1253,Sumiko,Dudley,28,"Cleveland-Elyria, OH MSA",2018-08-18,ultimate,,2018-09-01,102.0,26.0,12656.35,13.0,1,1000,30720,3000,70,7,0.01,0.01,ultimate,0.0,0.0,0.0,0.0,0.0,0.0,70.0
1253,Sumiko,Dudley,28,"Cleveland-Elyria, OH MSA",2018-08-18,ultimate,,2018-10-01,153.0,22.0,17512.91,18.0,1,1000,30720,3000,70,7,0.01,0.01,ultimate,0.0,0.0,0.0,0.0,0.0,0.0,70.0
1253,Sumiko,Dudley,28,"Cleveland-Elyria, OH MSA",2018-08-18,ultimate,,2018-11-01,130.0,25.0,13641.06,14.0,1,1000,30720,3000,70,7,0.01,0.01,ultimate,0.0,0.0,0.0,0.0,0.0,0.0,70.0
1253,Sumiko,Dudley,28,"Cleveland-Elyria, OH MSA",2018-08-18,ultimate,,2018-12-01,139.0,19.0,15608.62,16.0,1,1000,30720,3000,70,7,0.01,0.01,ultimate,0.0,0.0,0.0,0.0,0.0,0.0,70.0
1254,Billy,Webb,49,"Detroit-Warren-Dearborn, MI MSA",2018-08-03,surf,,2018-08-01,541.0,106.0,20908.48,21.0,0,50,15360,500,20,10,0.03,0.03,surf,41.0,56.0,6.0,1.23,1.68,60.0,82.91
1254,Billy,Webb,49,"Detroit-Warren-Dearborn, MI MSA",2018-08-03,surf,,2018-09-01,442.0,112.0,17574.1,18.0,0,50,15360,500,20,10,0.03,0.03,surf,0.0,62.0,3.0,0.0,1.8599999999999999,30.0,51.86
1254,Billy,Webb,49,"Detroit-Warren-Dearborn, MI MSA",2018-08-03,surf,,2018-10-01,539.0,106.0,21385.739999999998,21.0,0,50,15360,500,20,10,0.03,0.03,surf,39.0,56.0,6.0,1.17,1.68,60.0,82.85
1254,Billy,Webb,49,"Detroit-Warren-Dearborn, MI MSA",2018-08-03,surf,,2018-11-01,564.0,91.0,20514.22,21.0,0,50,15360,500,20,10,0.03,0.03,surf,64.0,41.0,6.0,1.92,1.23,60.0,83.15
1254,Billy,Webb,49,"Detroit-Warren-Dearborn, MI MSA",2018-08-03,surf,,2018-12-01,437.0,110.0,16751.52,17.0,0,50,15360,500,20,10,0.03,0.03,surf,0.0,60.0,2.0,0.0,1.7999999999999998,20.0,41.8
1255,Kennith,Rowland,22,"Oklahoma City, OK MSA",2018-08-01,ultimate,,2018-08-01,629.0,54.0,11136.87,11.0,1,1000,30720,3000,70,7,0.01,0.01,ultimate,0.0,0.0,0.0,0.0,0.0,0.0,70.0
1255,Kennith,Rowland,22,"Oklahoma City, OK MSA",2018-08-01,ultimate,,2018-09-01,464.0,47.0,10052.62,10.0,1,1000,30720,3000,70,7,0.01,0.01,ultimate,0.0,0.0,0.0,0.0,0.0,0.0,70.0
1255,Kennith,Rowland,22,"Oklahoma City, OK MSA",2018-08-01,ultimate,,2018-10-01,493.0,57.0,10453.05,11.0,1,1000,30720,3000,70,7,0.01,0.01,ultimate,0.0,0.0,0.0,0.0,0.0,0.0,70.0
1255,Kennith,Rowland,22,"Oklahoma City, OK MSA",2018-08-01,ultimate,,2018-11-01,646.0,49.0,7635.97,8.0,1,1000,30720,3000,70,7,0.01,0.01,ultimate,0.0,0.0,0.0,0.0,0.0,0.0,70.0
1255,Kennith,Rowland,22,"Oklahoma City, OK MSA",2018-08-01,ultimate,,2018-12-01,727.0,60.0,9462.2,10.0,1,1000,30720,3000,70,7,0.01,0.01,ultimate,0.0,0.0,0.0,0.0,0.0,0.0,70.0
1256,Johnny,Wise,53,"Chicago-Naperville-Elgin, IL-IN-WI MSA",2018-09-11,surf,,2018-09-01,332.0,17.0,11870.53,12.0,0,50,15360,500,20,10,0.03,0.03,surf,0.0,0.0,0.0,0.0,0.0,0.0,20.0
1256,Johnny,Wise,53,"Chicago-Naperville-Elgin, IL-IN-WI MSA",2018-09-11,surf,,2018-10-01,531.0,20.0,10774.25,11.0,0,50,15360,500,20,10,0.03,0.03,surf,31.0,0.0,0.0,0.9299999999999999,0.0,0.0,20.93
1256,Johnny,Wise,53,"Chicago-Naperville-Elgin, IL-IN-WI MSA",2018-09-11,surf,,2018-11-01,604.0,27.0,21209.66,21.0,0,50,15360,500,20,10,0.03,0.03,surf,104.0,0.0,6.0,3.12,0.0,60.0,83.12
1256,Johnny,Wise,53,"Chicago-Naperville-Elgin, IL-IN-WI MSA",2018-09-11,surf,,2018-12-01,530.0,33.0,10866.38,11.0,0,50,15360,500,20,10,0.03,0.03,surf,30.0,0.0,0.0,0.8999999999999999,0.0,0.0,20.9
1257,Gabriel,O'donnell,61,"New York-Newark-Jersey City, NY-NJ-PA MSA",2018-01-29,surf,,2018-04-01,166.0,4.0,3703.5,4.0,0,50,15360,500,20,10,0.03,0.03,surf,0.0,0.0,0.0,0.0,0.0,0.0,20.0
1257,Gabriel,O'donnell,61,"New York-Newark-Jersey City, NY-NJ-PA MSA",2018-01-29,surf,,2018-05-01,745.0,35.0,15842.46,16.0,0,50,15360,500,20,10,0.03,0.03,surf,245.0,0.0,1.0,7.35,0.0,10.0,37.35
1257,Gabriel,O'donnell,61,"New York-Newark-Jersey City, NY-NJ-PA MSA",2018-01-29,surf,,2018-06-01,606.0,32.0,14845.76,15.0,0,50,15360,500,20,10,0.03,0.03,surf,106.0,0.0,0.0,3.1799999999999997,0.0,0.0,23.18
1257,Gabriel,O'donnell,61,"New York-Newark-Jersey City, NY-NJ-PA MSA",2018-01-29,surf,,2018-07-01,520.0,37.0,13555.5,14.0,0,50,15360,500,20,10,0.03,0.03,surf,20.0,0.0,0.0,0.6,0.0,0.0,20.6
1257,Gabriel,O'donnell,61,"New York-Newark-Jersey City, NY-NJ-PA MSA",2018-01-29,surf,,2018-08-01,512.0,34.0,12760.7,13.0,0,50,15360,500,20,10,0.03,0.03,surf,12.0,0.0,0.0,0.36,0.0,0.0,20.36
1257,Gabriel,O'donnell,61,"New York-Newark-Jersey City, NY-NJ-PA MSA",2018-01-29,surf,,2018-09-01,590.0,34.0,5069.39,5.0,0,50,15360,500,20,10,0.03,0.03,surf,90.0,0.0,0.0,2.6999999999999997,0.0,0.0,22.7
1257,Gabriel,O'donnell,61,"New York-Newark-Jersey City, NY-NJ-PA MSA",2018-01-29,surf,,2018-10-01,611.0,30.0,15201.25,15.0,0,50,15360,500,20,10,0.03,0.03,surf,111.0,0.0,0.0,3.33,0.0,0.0,23.33
1257,Gabriel,O'donnell,61,"New York-Newark-Jersey City, NY-NJ-PA MSA",2018-01-29,surf,,2018-11-01,747.0,25.0,20401.55,20.0,0,50,15360,500,20,10,0.03,0.03,surf,247.0,0.0,5.0,7.41,0.0,50.0,77.41
1257,Gabriel,O'donnell,61,"New York-Newark-Jersey City, NY-NJ-PA MSA",2018-01-29,surf,,2018-12-01,641.0,39.0,16263.460000000001,16.0,0,50,15360,500,20,10,0.03,0.03,surf,141.0,0.0,1.0,4.2299999999999995,0.0,10.0,34.230000000000004
1258,Kai,Russell,39,"Chicago-Naperville-Elgin, IL-IN-WI MSA",2018-07-12,surf,,2018-07-01,27.0,31.0,15041.36,15.0,0,50,15360,500,20,10,0.03,0.03,surf,0.0,0.0,0.0,0.0,0.0,0.0,20.0
1258,Kai,Russell,39,"Chicago-Naperville-Elgin, IL-IN-WI MSA",2018-07-12,surf,,2018-08-01,34.0,45.0,19853.09,20.0,0,50,15360,500,20,10,0.03,0.03,surf,0.0,0.0,5.0,0.0,0.0,50.0,70.0
1258,Kai,Russell,39,"Chicago-Naperville-Elgin, IL-IN-WI MSA",2018-07-12,surf,,2018-09-01,42.0,49.0,19041.96,19.0,0,50,15360,500,20,10,0.03,0.03,surf,0.0,0.0,4.0,0.0,0.0,40.0,60.0
1258,Kai,Russell,39,"Chicago-Naperville-Elgin, IL-IN-WI MSA",2018-07-12,surf,,2018-10-01,117.0,55.0,18282.69,18.0,0,50,15360,500,20,10,0.03,0.03,surf,0.0,5.0,3.0,0.0,0.15,30.0,50.15
1258,Kai,Russell,39,"Chicago-Naperville-Elgin, IL-IN-WI MSA",2018-07-12,surf,,2018-11-01,32.0,48.0,21419.19,21.0,0,50,15360,500,20,10,0.03,0.03,surf,0.0,0.0,6.0,0.0,0.0,60.0,80.0
1258,Kai,Russell,39,"Chicago-Naperville-Elgin, IL-IN-WI MSA",2018-07-12,surf,,2018-12-01,133.0,49.0,24029.0,24.0,0,50,15360,500,20,10,0.03,0.03,surf,0.0,0.0,9.0,0.0,0.0,90.0,110.0
1259,Etsuko,Perry,63,"Philadelphia-Camden-Wilmington, PA-NJ-DE-MD MSA",2018-03-16,surf,,2018-03-01,161.0,17.0,1280.9,2.0,0,50,15360,500,20,10,0.03,0.03,surf,0.0,0.0,0.0,0.0,0.0,0.0,20.0
1259,Etsuko,Perry,63,"Philadelphia-Camden-Wilmington, PA-NJ-DE-MD MSA",2018-03-16,surf,,2018-04-01,91.0,27.0,3519.44,4.0,0,50,15360,500,20,10,0.03,0.03,surf,0.0,0.0,0.0,0.0,0.0,0.0,20.0
1259,Etsuko,Perry,63,"Philadelphia-Camden-Wilmington, PA-NJ-DE-MD MSA",2018-03-16,surf,,2018-05-01,180.0,29.0,3339.33,4.0,0,50,15360,500,20,10,0.03,0.03,surf,0.0,0.0,0.0,0.0,0.0,0.0,20.0
1259,Etsuko,Perry,63,"Philadelphia-Camden-Wilmington, PA-NJ-DE-MD MSA",2018-03-16,surf,,2018-06-01,124.0,32.0,1342.4499999999998,2.0,0,50,15360,500,20,10,0.03,0.03,surf,0.0,0.0,0.0,0.0,0.0,0.0,20.0
1259,Etsuko,Perry,63,"Philadelphia-Camden-Wilmington, PA-NJ-DE-MD MSA",2018-03-16,surf,,2018-07-01,197.0,17.0,2114.01,3.0,0,50,15360,500,20,10,0.03,0.03,surf,0.0,0.0,0.0,0.0,0.0,0.0,20.0
1259,Etsuko,Perry,63,"Philadelphia-Camden-Wilmington, PA-NJ-DE-MD MSA",2018-03-16,surf,,2018-08-01,199.0,36.0,2520.61,3.0,0,50,15360,500,20,10,0.03,0.03,surf,0.0,0.0,0.0,0.0,0.0,0.0,20.0
1259,Etsuko,Perry,63,"Philadelphia-Camden-Wilmington, PA-NJ-DE-MD MSA",2018-03-16,surf,,2018-09-01,147.0,34.0,3282.23,4.0,0,50,15360,500,20,10,0.03,0.03,surf,0.0,0.0,0.0,0.0,0.0,0.0,20.0
1259,Etsuko,Perry,63,"Philadelphia-Camden-Wilmington, PA-NJ-DE-MD MSA",2018-03-16,surf,,2018-10-01,99.0,41.0,1953.3,2.0,0,50,15360,500,20,10,0.03,0.03,surf,0.0,0.0,0.0,0.0,0.0,0.0,20.0
1259,Etsuko,Perry,63,"Philadelphia-Camden-Wilmington, PA-NJ-DE-MD MSA",2018-03-16,surf,,2018-11-01,104.0,32.0,3239.7,4.0,0,50,15360,500,20,10,0.03,0.03,surf,0.0,0.0,0.0,0.0,0.0,0.0,20.0
1259,Etsuko,Perry,63,"Philadelphia-Camden-Wilmington, PA-NJ-DE-MD MSA",2018-03-16,surf,,2018-12-01,190.0,36.0,1078.27,2.0,0,50,15360,500,20,10,0.03,0.03,surf,0.0,0.0,0.0,0.0,0.0,0.0,20.0
1260,Alia,Aguilar,36,"Los Angeles-Long Beach-Anaheim, CA MSA",2018-12-02,surf,,2018-12-01,504.0,80.0,19766.78,20.0,0,50,15360,500,20,10,0.03,0.03,surf,4.0,30.0,5.0,0.12,0.8999999999999999,50.0,71.02
1261,Dusti,Forbes,31,"Kansas City, MO-KS MSA",2018-02-22,surf,,2018-02-01,56.0,11.0,7045.44,7.0,0,50,15360,500,20,10,0.03,0.03,surf,0.0,0.0,0.0,0.0,0.0,0.0,20.0
1261,Dusti,Forbes,31,"Kansas City, MO-KS MSA",2018-02-22,surf,,2018-03-01,304.0,54.0,17755.59,18.0,0,50,15360,500,20,10,0.03,0.03,surf,0.0,4.0,3.0,0.0,0.12,30.0,50.120000000000005
1261,Dusti,Forbes,31,"Kansas City, MO-KS MSA",2018-02-22,surf,,2018-04-01,502.0,37.0,21853.35,22.0,0,50,15360,500,20,10,0.03,0.03,surf,2.0,0.0,7.0,0.06,0.0,70.0,90.06
1261,Dusti,Forbes,31,"Kansas City, MO-KS MSA",2018-02-22,surf,,2018-05-01,533.0,49.0,21436.7,21.0,0,50,15360,500,20,10,0.03,0.03,surf,33.0,0.0,6.0,0.99,0.0,60.0,80.99
1261,Dusti,Forbes,31,"Kansas City, MO-KS MSA",2018-02-22,surf,,2018-06-01,441.0,52.0,13083.77,13.0,0,50,15360,500,20,10,0.03,0.03,surf,0.0,2.0,0.0,0.0,0.06,0.0,20.06
1261,Dusti,Forbes,31,"Kansas City, MO-KS MSA",2018-02-22,surf,,2018-07-01,513.0,49.0,25447.5,25.0,0,50,15360,500,20,10,0.03,0.03,surf,13.0,0.0,10.0,0.39,0.0,100.0,120.39
1261,Dusti,Forbes,31,"Kansas City, MO-KS MSA",2018-02-22,surf,,2018-08-01,479.0,49.0,17556.64,18.0,0,50,15360,500,20,10,0.03,0.03,surf,0.0,0.0,3.0,0.0,0.0,30.0,50.0
1261,Dusti,Forbes,31,"Kansas City, MO-KS MSA",2018-02-22,surf,,2018-09-01,627.0,49.0,16958.98,17.0,0,50,15360,500,20,10,0.03,0.03,surf,127.0,0.0,2.0,3.81,0.0,20.0,43.81
1261,Dusti,Forbes,31,"Kansas City, MO-KS MSA",2018-02-22,surf,,2018-10-01,601.0,57.0,17573.63,18.0,0,50,15360,500,20,10,0.03,0.03,surf,101.0,7.0,3.0,3.03,0.21,30.0,53.24
1261,Dusti,Forbes,31,"Kansas City, MO-KS MSA",2018-02-22,surf,,2018-11-01,562.0,46.0,15404.34,16.0,0,50,15360,500,20,10,0.03,0.03,surf,62.0,0.0,1.0,1.8599999999999999,0.0,10.0,31.86
1261,Dusti,Forbes,31,"Kansas City, MO-KS MSA",2018-02-22,surf,,2018-12-01,579.0,50.0,17214.93,17.0,0,50,15360,500,20,10,0.03,0.03,surf,79.0,0.0,2.0,2.37,0.0,20.0,42.370000000000005
1262,Michelina,Hamilton,34,"Dallas-Fort Worth-Arlington, TX MSA",2018-02-09,surf,,2018-12-01,291.0,57.0,16014.199999999999,16.0,0,50,15360,500,20,10,0.03,0.03,surf,0.0,7.0,1.0,0.0,0.21,10.0,30.21
1263,Lucio,Duffy,39,"Boston-Cambridge-Newton, MA-NH MSA",2018-03-06,surf,,2018-03-01,334.0,1.0,10646.58,11.0,0,50,15360,500,20,10,0.03,0.03,surf,0.0,0.0,0.0,0.0,0.0,0.0,20.0
1263,Lucio,Duffy,39,"Boston-Cambridge-Newton, MA-NH MSA",2018-03-06,surf,,2018-04-01,643.0,2.0,12264.9,12.0,0,50,15360,500,20,10,0.03,0.03,surf,143.0,0.0,0.0,4.29,0.0,0.0,24.29
1263,Lucio,Duffy,39,"Boston-Cambridge-Newton, MA-NH MSA",2018-03-06,surf,,2018-05-01,560.0,5.0,13953.25,14.0,0,50,15360,500,20,10,0.03,0.03,surf,60.0,0.0,0.0,1.7999999999999998,0.0,0.0,21.8
1263,Lucio,Duffy,39,"Boston-Cambridge-Newton, MA-NH MSA",2018-03-06,surf,,2018-06-01,733.0,6.0,15688.52,16.0,0,50,15360,500,20,10,0.03,0.03,surf,233.0,0.0,1.0,6.989999999999999,0.0,10.0,36.989999999999995
1263,Lucio,Duffy,39,"Boston-Cambridge-Newton, MA-NH MSA",2018-03-06,surf,,2018-07-01,486.0,2.0,19026.98,19.0,0,50,15360,500,20,10,0.03,0.03,surf,0.0,0.0,4.0,0.0,0.0,40.0,60.0
1263,Lucio,Duffy,39,"Boston-Cambridge-Newton, MA-NH MSA",2018-03-06,surf,,2018-08-01,604.0,4.0,16681.65,17.0,0,50,15360,500,20,10,0.03,0.03,surf,104.0,0.0,2.0,3.12,0.0,20.0,43.120000000000005
1263,Lucio,Duffy,39,"Boston-Cambridge-Newton, MA-NH MSA",2018-03-06,surf,,2018-09-01,555.0,4.0,20920.94,21.0,0,50,15360,500,20,10,0.03,0.03,surf,55.0,0.0,6.0,1.65,0.0,60.0,81.65
1263,Lucio,Duffy,39,"Boston-Cambridge-Newton, MA-NH MSA",2018-03-06,surf,,2018-10-01,505.0,4.0,13361.74,14.0,0,50,15360,500,20,10,0.03,0.03,surf,5.0,0.0,0.0,0.15,0.0,0.0,20.15
1263,Lucio,Duffy,39,"Boston-Cambridge-Newton, MA-NH MSA",2018-03-06,surf,,2018-11-01,591.0,1.0,18485.98,19.0,0,50,15360,500,20,10,0.03,0.03,surf,91.0,0.0,4.0,2.73,0.0,40.0,62.730000000000004
1263,Lucio,Duffy,39,"Boston-Cambridge-Newton, MA-NH MSA",2018-03-06,surf,,2018-12-01,570.0,1.0,20578.03,21.0,0,50,15360,500,20,10,0.03,0.03,surf,70.0,0.0,6.0,2.1,0.0,60.0,82.1
1264,Jessie,Hill,69,"Los Angeles-Long Beach-Anaheim, CA MSA",2018-05-03,ultimate,,2018-05-01,334.0,60.0,16145.31,16.0,1,1000,30720,3000,70,7,0.01,0.01,ultimate,0.0,0.0,0.0,0.0,0.0,0.0,70.0
1264,Jessie,Hill,69,"Los Angeles-Long Beach-Anaheim, CA MSA",2018-05-03,ultimate,,2018-06-01,432.0,63.0,15214.44,15.0,1,1000,30720,3000,70,7,0.01,0.01,ultimate,0.0,0.0,0.0,0.0,0.0,0.0,70.0
1264,Jessie,Hill,69,"Los Angeles-Long Beach-Anaheim, CA MSA",2018-05-03,ultimate,,2018-07-01,312.0,53.0,13603.5,14.0,1,1000,30720,3000,70,7,0.01,0.01,ultimate,0.0,0.0,0.0,0.0,0.0,0.0,70.0
1264,Jessie,Hill,69,"Los Angeles-Long Beach-Anaheim, CA MSA",2018-05-03,ultimate,,2018-08-01,287.0,55.0,13170.78,13.0,1,1000,30720,3000,70,7,0.01,0.01,ultimate,0.0,0.0,0.0,0.0,0.0,0.0,70.0
1264,Jessie,Hill,69,"Los Angeles-Long Beach-Anaheim, CA MSA",2018-05-03,ultimate,,2018-09-01,379.0,57.0,14462.380000000001,15.0,1,1000,30720,3000,70,7,0.01,0.01,ultimate,0.0,0.0,0.0,0.0,0.0,0.0,70.0
1264,Jessie,Hill,69,"Los Angeles-Long Beach-Anaheim, CA MSA",2018-05-03,ultimate,,2018-10-01,323.0,72.0,20523.0,21.0,1,1000,30720,3000,70,7,0.01,0.01,ultimate,0.0,0.0,0.0,0.0,0.0,0.0,70.0
1264,Jessie,Hill,69,"Los Angeles-Long Beach-Anaheim, CA MSA",2018-05-03,ultimate,,2018-11-01,422.0,65.0,17529.26,18.0,1,1000,30720,3000,70,7,0.01,0.01,ultimate,0.0,0.0,0.0,0.0,0.0,0.0,70.0
1264,Jessie,Hill,69,"Los Angeles-Long Beach-Anaheim, CA MSA",2018-05-03,ultimate,,2018-12-01,365.0,75.0,14114.6,14.0,1,1000,30720,3000,70,7,0.01,0.01,ultimate,0.0,0.0,0.0,0.0,0.0,0.0,70.0
1265,Alec,Henry,29,"Washington-Arlington-Alexandria, DC-VA-MD-WV MSA",2018-11-23,surf,,2018-11-01,98.0,0.0,4181.99,5.0,0,50,15360,500,20,10,0.03,0.03,surf,0.0,0.0,0.0,0.0,0.0,0.0,20.0
1265,Alec,Henry,29,"Washington-Arlington-Alexandria, DC-VA-MD-WV MSA",2018-11-23,surf,,2018-12-01,212.0,0.0,28051.14,28.0,0,50,15360,500,20,10,0.03,0.03,surf,0.0,0.0,13.0,0.0,0.0,130.0,150.0
1266,Dorie,Chandler,62,"New York-Newark-Jersey City, NY-NJ-PA MSA",2018-12-13,surf,,2018-12-01,323.0,24.0,11630.05,12.0,0,50,15360,500,20,10,0.03,0.03,surf,0.0,0.0,0.0,0.0,0.0,0.0,20.0
1267,Gia,Parker,53,"St. Louis, MO-IL MSA",2018-03-12,surf,,2018-11-01,143.0,13.0,1468.13,2.0,0,50,15360,500,20,10,0.03,0.03,surf,0.0,0.0,0.0,0.0,0.0,0.0,20.0
1267,Gia,Parker,53,"St. Louis, MO-IL MSA",2018-03-12,surf,,2018-12-01,1510.0,125.0,37544.159999999996,37.0,0,50,15360,500,20,10,0.03,0.03,surf,1010.0,75.0,22.0,30.299999999999997,2.25,220.0,272.55
1268,Britni,Bowers,33,"Fresno, CA MSA",2018-01-13,surf,,2018-03-01,307.0,10.0,19992.19,20.0,0,50,15360,500,20,10,0.03,0.03,surf,0.0,0.0,5.0,0.0,0.0,50.0,70.0
1268,Britni,Bowers,33,"Fresno, CA MSA",2018-01-13,surf,,2018-04-01,617.0,28.0,25989.16,26.0,0,50,15360,500,20,10,0.03,0.03,surf,117.0,0.0,11.0,3.51,0.0,110.0,133.51
1268,Britni,Bowers,33,"Fresno, CA MSA",2018-01-13,surf,,2018-05-01,565.0,37.0,36672.29,36.0,0,50,15360,500,20,10,0.03,0.03,surf,65.0,0.0,21.0,1.95,0.0,210.0,231.95
1268,Britni,Bowers,33,"Fresno, CA MSA",2018-01-13,surf,,2018-06-01,494.0,33.0,37102.77,37.0,0,50,15360,500,20,10,0.03,0.03,surf,0.0,0.0,22.0,0.0,0.0,220.0,240.0
1268,Britni,Bowers,33,"Fresno, CA MSA",2018-01-13,surf,,2018-07-01,521.0,35.0,38929.09,39.0,0,50,15360,500,20,10,0.03,0.03,surf,21.0,0.0,24.0,0.63,0.0,240.0,260.63
1268,Britni,Bowers,33,"Fresno, CA MSA",2018-01-13,surf,,2018-08-01,494.0,35.0,33834.58,34.0,0,50,15360,500,20,10,0.03,0.03,surf,0.0,0.0,19.0,0.0,0.0,190.0,210.0
1268,Britni,Bowers,33,"Fresno, CA MSA",2018-01-13,surf,,2018-09-01,472.0,42.0,24709.07,25.0,0,50,15360,500,20,10,0.03,0.03,surf,0.0,0.0,10.0,0.0,0.0,100.0,120.0
1268,Britni,Bowers,33,"Fresno, CA MSA",2018-01-13,surf,,2018-10-01,457.0,33.0,34350.54,34.0,0,50,15360,500,20,10,0.03,0.03,surf,0.0,0.0,19.0,0.0,0.0,190.0,210.0
1268,Britni,Bowers,33,"Fresno, CA MSA",2018-01-13,surf,,2018-11-01,659.0,24.0,29182.61,29.0,0,50,15360,500,20,10,0.03,0.03,surf,159.0,0.0,14.0,4.77,0.0,140.0,164.77
1268,Britni,Bowers,33,"Fresno, CA MSA",2018-01-13,surf,,2018-12-01,488.0,23.0,31756.34,32.0,0,50,15360,500,20,10,0.03,0.03,surf,0.0,0.0,17.0,0.0,0.0,170.0,190.0
1269,Irving,Thompson,39,"Dallas-Fort Worth-Arlington, TX MSA",2018-09-13,ultimate,2018-12-15,,0.0,0.0,0.0,0.0,1,1000,30720,3000,70,7,0.01,0.01,ultimate,0.0,0.0,0.0,0.0,0.0,0.0,70.0
1270,Anjelica,Chan,70,"Philadelphia-Camden-Wilmington, PA-NJ-DE-MD MSA",2018-09-18,ultimate,,2018-09-01,206.0,13.0,12029.43,12.0,1,1000,30720,3000,70,7,0.01,0.01,ultimate,0.0,0.0,0.0,0.0,0.0,0.0,70.0
1270,Anjelica,Chan,70,"Philadelphia-Camden-Wilmington, PA-NJ-DE-MD MSA",2018-09-18,ultimate,,2018-10-01,512.0,22.0,18272.97,18.0,1,1000,30720,3000,70,7,0.01,0.01,ultimate,0.0,0.0,0.0,0.0,0.0,0.0,70.0
1270,Anjelica,Chan,70,"Philadelphia-Camden-Wilmington, PA-NJ-DE-MD MSA",2018-09-18,ultimate,,2018-11-01,256.0,32.0,16119.29,16.0,1,1000,30720,3000,70,7,0.01,0.01,ultimate,0.0,0.0,0.0,0.0,0.0,0.0,70.0
1270,Anjelica,Chan,70,"Philadelphia-Camden-Wilmington, PA-NJ-DE-MD MSA",2018-09-18,ultimate,,2018-12-01,283.0,28.0,24633.93,25.0,1,1000,30720,3000,70,7,0.01,0.01,ultimate,0.0,0.0,0.0,0.0,0.0,0.0,70.0
1271,Darrin,Rose,48,"New York-Newark-Jersey City, NY-NJ-PA MSA",2018-06-24,surf,,2018-12-01,531.0,83.0,17962.75,18.0,0,50,15360,500,20,10,0.03,0.03,surf,31.0,33.0,3.0,0.9299999999999999,0.99,30.0,51.92
1272,Ernest,Mercado,23,"Minneapolis-St. Paul-Bloomington, MN-WI MSA",2018-08-04,surf,,2018-11-01,30.0,3.0,2468.54,3.0,0,50,15360,500,20,10,0.03,0.03,surf,0.0,0.0,0.0,0.0,0.0,0.0,20.0
1272,Ernest,Mercado,23,"Minneapolis-St. Paul-Bloomington, MN-WI MSA",2018-08-04,surf,,2018-12-01,629.0,59.0,41059.97,41.0,0,50,15360,500,20,10,0.03,0.03,surf,129.0,9.0,26.0,3.8699999999999997,0.27,260.0,284.14
1273,Hermila,Ryan,25,"Baton Rouge, LA MSA",2018-10-13,ultimate,,2018-10-01,237.0,44.0,10722.53,11.0,1,1000,30720,3000,70,7,0.01,0.01,ultimate,0.0,0.0,0.0,0.0,0.0,0.0,70.0
1273,Hermila,Ryan,25,"Baton Rouge, LA MSA",2018-10-13,ultimate,,2018-11-01,324.0,55.0,13527.04,14.0,1,1000,30720,3000,70,7,0.01,0.01,ultimate,0.0,0.0,0.0,0.0,0.0,0.0,70.0
1273,Hermila,Ryan,25,"Baton Rouge, LA MSA",2018-10-13,ultimate,,2018-12-01,424.0,52.0,18176.59,18.0,1,1000,30720,3000,70,7,0.01,0.01,ultimate,0.0,0.0,0.0,0.0,0.0,0.0,70.0
1274,Dudley,Massey,53,"Philadelphia-Camden-Wilmington, PA-NJ-DE-MD MSA",2018-06-10,ultimate,,2018-12-01,357.0,17.0,17346.079999999998,17.0,1,1000,30720,3000,70,7,0.01,0.01,ultimate,0.0,0.0,0.0,0.0,0.0,0.0,70.0
1275,Elvie,Velazquez,33,"New York-Newark-Jersey City, NY-NJ-PA MSA",2018-11-29,ultimate,,,0.0,0.0,0.0,0.0,1,1000,30720,3000,70,7,0.01,0.01,ultimate,0.0,0.0,0.0,0.0,0.0,0.0,70.0
1276,Karmen,Carney,20,"Phoenix-Mesa-Chandler, AZ MSA",2018-02-14,surf,,2018-09-01,161.0,10.0,9600.52,10.0,0,50,15360,500,20,10,0.03,0.03,surf,0.0,0.0,0.0,0.0,0.0,0.0,20.0
1276,Karmen,Carney,20,"Phoenix-Mesa-Chandler, AZ MSA",2018-02-14,surf,,2018-10-01,431.0,23.0,17100.85,17.0,0,50,15360,500,20,10,0.03,0.03,surf,0.0,0.0,2.0,0.0,0.0,20.0,40.0
1276,Karmen,Carney,20,"Phoenix-Mesa-Chandler, AZ MSA",2018-02-14,surf,,2018-11-01,428.0,19.0,10918.63,11.0,0,50,15360,500,20,10,0.03,0.03,surf,0.0,0.0,0.0,0.0,0.0,0.0,20.0
1276,Karmen,Carney,20,"Phoenix-Mesa-Chandler, AZ MSA",2018-02-14,surf,,2018-12-01,339.0,24.0,19497.44,20.0,0,50,15360,500,20,10,0.03,0.03,surf,0.0,0.0,5.0,0.0,0.0,50.0,70.0
1277,Andrew,Faulkner,25,"New York-Newark-Jersey City, NY-NJ-PA MSA",2018-02-02,surf,,2018-04-01,291.0,0.0,9914.07,10.0,0,50,15360,500,20,10,0.03,0.03,surf,0.0,0.0,0.0,0.0,0.0,0.0,20.0
1277,Andrew,Faulkner,25,"New York-Newark-Jersey City, NY-NJ-PA MSA",2018-02-02,surf,,2018-05-01,791.0,0.0,23037.63,23.0,0,50,15360,500,20,10,0.03,0.03,surf,291.0,0.0,8.0,8.73,0.0,80.0,108.73
1277,Andrew,Faulkner,25,"New York-Newark-Jersey City, NY-NJ-PA MSA",2018-02-02,surf,,2018-06-01,678.0,0.0,21632.19,22.0,0,50,15360,500,20,10,0.03,0.03,surf,178.0,0.0,7.0,5.34,0.0,70.0,95.34
1277,Andrew,Faulkner,25,"New York-Newark-Jersey City, NY-NJ-PA MSA",2018-02-02,surf,,2018-07-01,738.0,0.0,23335.52,23.0,0,50,15360,500,20,10,0.03,0.03,surf,238.0,0.0,8.0,7.14,0.0,80.0,107.14
1277,Andrew,Faulkner,25,"New York-Newark-Jersey City, NY-NJ-PA MSA",2018-02-02,surf,,2018-08-01,662.0,0.0,26449.72,26.0,0,50,15360,500,20,10,0.03,0.03,surf,162.0,0.0,11.0,4.859999999999999,0.0,110.0,134.86
1277,Andrew,Faulkner,25,"New York-Newark-Jersey City, NY-NJ-PA MSA",2018-02-02,surf,,2018-09-01,824.0,0.0,17139.15,17.0,0,50,15360,500,20,10,0.03,0.03,surf,324.0,0.0,2.0,9.719999999999999,0.0,20.0,49.72
1277,Andrew,Faulkner,25,"New York-Newark-Jersey City, NY-NJ-PA MSA",2018-02-02,surf,,2018-10-01,736.0,0.0,20233.18,20.0,0,50,15360,500,20,10,0.03,0.03,surf,236.0,0.0,5.0,7.08,0.0,50.0,77.08
1277,Andrew,Faulkner,25,"New York-Newark-Jersey City, NY-NJ-PA MSA",2018-02-02,surf,,2018-11-01,740.0,0.0,24689.579999999998,25.0,0,50,15360,500,20,10,0.03,0.03,surf,240.0,0.0,10.0,7.199999999999999,0.0,100.0,127.2
1277,Andrew,Faulkner,25,"New York-Newark-Jersey City, NY-NJ-PA MSA",2018-02-02,surf,,2018-12-01,707.0,0.0,20946.13,21.0,0,50,15360,500,20,10,0.03,0.03,surf,207.0,0.0,6.0,6.21,0.0,60.0,86.21000000000001
1278,Masako,Montgomery,39,"Dayton-Kettering, OH MSA",2018-11-03,surf,,2018-11-01,278.0,32.0,14784.810000000001,15.0,0,50,15360,500,20,10,0.03,0.03,surf,0.0,0.0,0.0,0.0,0.0,0.0,20.0
1278,Masako,Montgomery,39,"Dayton-Kettering, OH MSA",2018-11-03,surf,,2018-12-01,393.0,24.0,23223.03,23.0,0,50,15360,500,20,10,0.03,0.03,surf,0.0,0.0,8.0,0.0,0.0,80.0,100.0
1279,Neal,Duke,27,"Baton Rouge, LA MSA",2018-02-05,ultimate,,2018-10-01,502.0,23.0,12536.119999999999,13.0,1,1000,30720,3000,70,7,0.01,0.01,ultimate,0.0,0.0,0.0,0.0,0.0,0.0,70.0
1279,Neal,Duke,27,"Baton Rouge, LA MSA",2018-02-05,ultimate,,2018-11-01,461.0,21.0,13854.43,14.0,1,1000,30720,3000,70,7,0.01,0.01,ultimate,0.0,0.0,0.0,0.0,0.0,0.0,70.0
1279,Neal,Duke,27,"Baton Rouge, LA MSA",2018-02-05,ultimate,,2018-12-01,479.0,19.0,15620.26,16.0,1,1000,30720,3000,70,7,0.01,0.01,ultimate,0.0,0.0,0.0,0.0,0.0,0.0,70.0
1280,Jasper,Berry,29,"New York-Newark-Jersey City, NY-NJ-PA MSA",2018-06-23,surf,,2018-06-01,65.0,11.0,4861.67,5.0,0,50,15360,500,20,10,0.03,0.03,surf,0.0,0.0,0.0,0.0,0.0,0.0,20.0
1280,Jasper,Berry,29,"New York-Newark-Jersey City, NY-NJ-PA MSA",2018-06-23,surf,,2018-07-01,493.0,37.0,16876.57,17.0,0,50,15360,500,20,10,0.03,0.03,surf,0.0,0.0,2.0,0.0,0.0,20.0,40.0
1280,Jasper,Berry,29,"New York-Newark-Jersey City, NY-NJ-PA MSA",2018-06-23,surf,,2018-08-01,354.0,65.0,10897.619999999999,11.0,0,50,15360,500,20,10,0.03,0.03,surf,0.0,15.0,0.0,0.0,0.44999999999999996,0.0,20.45
1280,Jasper,Berry,29,"New York-Newark-Jersey City, NY-NJ-PA MSA",2018-06-23,surf,,2018-09-01,445.0,31.0,18366.57,18.0,0,50,15360,500,20,10,0.03,0.03,surf,0.0,0.0,3.0,0.0,0.0,30.0,50.0
1280,Jasper,Berry,29,"New York-Newark-Jersey City, NY-NJ-PA MSA",2018-06-23,surf,,2018-10-01,584.0,56.0,16583.44,17.0,0,50,15360,500,20,10,0.03,0.03,surf,84.0,6.0,2.0,2.52,0.18,20.0,42.7
1280,Jasper,Berry,29,"New York-Newark-Jersey City, NY-NJ-PA MSA",2018-06-23,surf,,2018-11-01,433.0,49.0,11615.46,12.0,0,50,15360,500,20,10,0.03,0.03,surf,0.0,0.0,0.0,0.0,0.0,0.0,20.0
1280,Jasper,Berry,29,"New York-Newark-Jersey City, NY-NJ-PA MSA",2018-06-23,surf,,2018-12-01,610.0,55.0,17784.34,18.0,0,50,15360,500,20,10,0.03,0.03,surf,110.0,5.0,3.0,3.3,0.15,30.0,53.45
1281,Zack,Hardy,39,"Charlotte-Concord-Gastonia, NC-SC MSA",2018-07-23,surf,2018-11-14,2018-07-01,93.0,12.0,3236.69,4.0,0,50,15360,500,20,10,0.03,0.03,surf,0.0,0.0,0.0,0.0,0.0,0.0,20.0
1281,Zack,Hardy,39,"Charlotte-Concord-Gastonia, NC-SC MSA",2018-07-23,surf,2018-11-14,2018-08-01,692.0,43.0,8655.44,9.0,0,50,15360,500,20,10,0.03,0.03,surf,192.0,0.0,0.0,5.76,0.0,0.0,25.759999999999998
1281,Zack,Hardy,39,"Charlotte-Concord-Gastonia, NC-SC MSA",2018-07-23,surf,2018-11-14,2018-09-01,603.0,55.0,9391.17,10.0,0,50,15360,500,20,10,0.03,0.03,surf,103.0,5.0,0.0,3.09,0.15,0.0,23.24
1281,Zack,Hardy,39,"Charlotte-Concord-Gastonia, NC-SC MSA",2018-07-23,surf,2018-11-14,2018-10-01,476.0,34.0,9793.38,10.0,0,50,15360,500,20,10,0.03,0.03,surf,0.0,0.0,0.0,0.0,0.0,0.0,20.0
1281,Zack,Hardy,39,"Charlotte-Concord-Gastonia, NC-SC MSA",2018-07-23,surf,2018-11-14,2018-11-01,300.0,29.0,3487.74,4.0,0,50,15360,500,20,10,0.03,0.03,surf,0.0,0.0,0.0,0.0,0.0,0.0,20.0
1282,Annice,Calhoun,61,"San Francisco-Oakland-Berkeley, CA MSA",2018-11-01,ultimate,,2018-11-01,433.0,0.0,17295.28,17.0,1,1000,30720,3000,70,7,0.01,0.01,ultimate,0.0,0.0,0.0,0.0,0.0,0.0,70.0
1282,Annice,Calhoun,61,"San Francisco-Oakland-Berkeley, CA MSA",2018-11-01,ultimate,,2018-12-01,464.0,0.0,24487.1,24.0,1,1000,30720,3000,70,7,0.01,0.01,ultimate,0.0,0.0,0.0,0.0,0.0,0.0,70.0
1283,Alan,Burgess,38,"Charleston-North Charleston, SC MSA",2018-06-16,ultimate,,2018-11-01,87.0,11.0,3494.51,4.0,1,1000,30720,3000,70,7,0.01,0.01,ultimate,0.0,0.0,0.0,0.0,0.0,0.0,70.0
1283,Alan,Burgess,38,"Charleston-North Charleston, SC MSA",2018-06-16,ultimate,,2018-12-01,932.0,117.0,33067.5,33.0,1,1000,30720,3000,70,7,0.01,0.01,ultimate,0.0,0.0,3.0,0.0,0.0,21.0,91.0
1284,Yuri,Odom,51,"Dayton-Kettering, OH MSA",2018-09-07,surf,,2018-09-01,561.0,0.0,21899.88,22.0,0,50,15360,500,20,10,0.03,0.03,surf,61.0,0.0,7.0,1.8299999999999998,0.0,70.0,91.83
1284,Yuri,Odom,51,"Dayton-Kettering, OH MSA",2018-09-07,surf,,2018-10-01,727.0,0.0,31687.87,31.0,0,50,15360,500,20,10,0.03,0.03,surf,227.0,0.0,16.0,6.81,0.0,160.0,186.81
1284,Yuri,Odom,51,"Dayton-Kettering, OH MSA",2018-09-07,surf,,2018-11-01,758.0,0.0,25716.57,26.0,0,50,15360,500,20,10,0.03,0.03,surf,258.0,0.0,11.0,7.739999999999999,0.0,110.0,137.74
1284,Yuri,Odom,51,"Dayton-Kettering, OH MSA",2018-09-07,surf,,2018-12-01,965.0,0.0,21317.66,21.0,0,50,15360,500,20,10,0.03,0.03,surf,465.0,0.0,6.0,13.95,0.0,60.0,93.95
1285,Joesph,Barry,28,"Los Angeles-Long Beach-Anaheim, CA MSA",2018-08-03,surf,,2018-08-01,337.0,24.0,3865.38,4.0,0,50,15360,500,20,10,0.03,0.03,surf,0.0,0.0,0.0,0.0,0.0,0.0,20.0
1285,Joesph,Barry,28,"Los Angeles-Long Beach-Anaheim, CA MSA",2018-08-03,surf,,2018-09-01,425.0,24.0,3673.1000000000004,4.0,0,50,15360,500,20,10,0.03,0.03,surf,0.0,0.0,0.0,0.0,0.0,0.0,20.0
1285,Joesph,Barry,28,"Los Angeles-Long Beach-Anaheim, CA MSA",2018-08-03,surf,,2018-10-01,375.0,28.0,4319.21,5.0,0,50,15360,500,20,10,0.03,0.03,surf,0.0,0.0,0.0,0.0,0.0,0.0,20.0
1285,Joesph,Barry,28,"Los Angeles-Long Beach-Anaheim, CA MSA",2018-08-03,surf,,2018-11-01,314.0,25.0,3064.5299999999997,3.0,0,50,15360,500,20,10,0.03,0.03,surf,0.0,0.0,0.0,0.0,0.0,0.0,20.0
1285,Joesph,Barry,28,"Los Angeles-Long Beach-Anaheim, CA MSA",2018-08-03,surf,,2018-12-01,509.0,26.0,3124.4,4.0,0,50,15360,500,20,10,0.03,0.03,surf,9.0,0.0,0.0,0.27,0.0,0.0,20.27
1286,Casie,Castaneda,52,"New Haven-Milford, CT MSA",2018-12-07,surf,,2018-12-01,453.0,10.0,11351.29,12.0,0,50,15360,500,20,10,0.03,0.03,surf,0.0,0.0,0.0,0.0,0.0,0.0,20.0
1287,Heide,Gill,74,"Sacramento–Roseville–Folsom, CA MSA",2018-03-15,surf,,2018-11-01,310.0,91.0,12723.19,13.0,0,50,15360,500,20,10,0.03,0.03,surf,0.0,41.0,0.0,0.0,1.23,0.0,21.23
1287,Heide,Gill,74,"Sacramento–Roseville–Folsom, CA MSA",2018-03-15,surf,,2018-12-01,439.0,121.0,17345.66,17.0,0,50,15360,500,20,10,0.03,0.03,surf,0.0,71.0,2.0,0.0,2.13,20.0,42.129999999999995
1288,Jenette,Rush,60,"Las Vegas-Henderson-Paradise, NV MSA",2018-07-18,surf,,2018-10-01,281.0,0.0,14660.53,15.0,0,50,15360,500,20,10,0.03,0.03,surf,0.0,0.0,0.0,0.0,0.0,0.0,20.0
1288,Jenette,Rush,60,"Las Vegas-Henderson-Paradise, NV MSA",2018-07-18,surf,,2018-11-01,286.0,0.0,11979.03,12.0,0,50,15360,500,20,10,0.03,0.03,surf,0.0,0.0,0.0,0.0,0.0,0.0,20.0
1288,Jenette,Rush,60,"Las Vegas-Henderson-Paradise, NV MSA",2018-07-18,surf,,2018-12-01,279.0,0.0,14622.88,15.0,0,50,15360,500,20,10,0.03,0.03,surf,0.0,0.0,0.0,0.0,0.0,0.0,20.0
1289,Steve,Blair,47,"Detroit-Warren-Dearborn, MI MSA",2018-11-12,ultimate,,2018-11-01,439.0,29.0,12695.65,13.0,1,1000,30720,3000,70,7,0.01,0.01,ultimate,0.0,0.0,0.0,0.0,0.0,0.0,70.0
1289,Steve,Blair,47,"Detroit-Warren-Dearborn, MI MSA",2018-11-12,ultimate,,2018-12-01,682.0,61.0,18661.41,19.0,1,1000,30720,3000,70,7,0.01,0.01,ultimate,0.0,0.0,0.0,0.0,0.0,0.0,70.0
1290,Thaddeus,Compton,33,"New York-Newark-Jersey City, NY-NJ-PA MSA",2018-09-14,surf,,2018-11-01,105.0,50.0,8938.66,9.0,0,50,15360,500,20,10,0.03,0.03,surf,0.0,0.0,0.0,0.0,0.0,0.0,20.0
1290,Thaddeus,Compton,33,"New York-Newark-Jersey City, NY-NJ-PA MSA",2018-09-14,surf,,2018-12-01,51.0,19.0,4748.8,5.0,0,50,15360,500,20,10,0.03,0.03,surf,0.0,0.0,0.0,0.0,0.0,0.0,20.0
1291,Angeles,Mejia,65,"Indianapolis-Carmel-Anderson, IN MSA",2018-01-29,surf,,2018-04-01,79.0,2.0,3779.34,4.0,0,50,15360,500,20,10,0.03,0.03,surf,0.0,0.0,0.0,0.0,0.0,0.0,20.0
1291,Angeles,Mejia,65,"Indianapolis-Carmel-Anderson, IN MSA",2018-01-29,surf,,2018-05-01,558.0,11.0,14019.73,14.0,0,50,15360,500,20,10,0.03,0.03,surf,58.0,0.0,0.0,1.74,0.0,0.0,21.74
1291,Angeles,Mejia,65,"Indianapolis-Carmel-Anderson, IN MSA",2018-01-29,surf,,2018-06-01,671.0,5.0,15428.95,16.0,0,50,15360,500,20,10,0.03,0.03,surf,171.0,0.0,1.0,5.13,0.0,10.0,35.129999999999995
1291,Angeles,Mejia,65,"Indianapolis-Carmel-Anderson, IN MSA",2018-01-29,surf,,2018-07-01,642.0,10.0,21497.27,21.0,0,50,15360,500,20,10,0.03,0.03,surf,142.0,0.0,6.0,4.26,0.0,60.0,84.25999999999999
1291,Angeles,Mejia,65,"Indianapolis-Carmel-Anderson, IN MSA",2018-01-29,surf,,2018-08-01,472.0,11.0,20999.61,21.0,0,50,15360,500,20,10,0.03,0.03,surf,0.0,0.0,6.0,0.0,0.0,60.0,80.0
1291,Angeles,Mejia,65,"Indianapolis-Carmel-Anderson, IN MSA",2018-01-29,surf,,2018-09-01,614.0,6.0,14924.73,15.0,0,50,15360,500,20,10,0.03,0.03,surf,114.0,0.0,0.0,3.42,0.0,0.0,23.42
1291,Angeles,Mejia,65,"Indianapolis-Carmel-Anderson, IN MSA",2018-01-29,surf,,2018-10-01,681.0,14.0,21268.25,21.0,0,50,15360,500,20,10,0.03,0.03,surf,181.0,0.0,6.0,5.43,0.0,60.0,85.43
1291,Angeles,Mejia,65,"Indianapolis-Carmel-Anderson, IN MSA",2018-01-29,surf,,2018-11-01,517.0,14.0,12558.28,13.0,0,50,15360,500,20,10,0.03,0.03,surf,17.0,0.0,0.0,0.51,0.0,0.0,20.51
1291,Angeles,Mejia,65,"Indianapolis-Carmel-Anderson, IN MSA",2018-01-29,surf,,2018-12-01,626.0,17.0,12186.77,12.0,0,50,15360,500,20,10,0.03,0.03,surf,126.0,0.0,0.0,3.78,0.0,0.0,23.78
1292,Cassey,French,42,"Dallas-Fort Worth-Arlington, TX MSA",2018-01-27,surf,,2018-07-01,111.0,0.0,21099.24,21.0,0,50,15360,500,20,10,0.03,0.03,surf,0.0,0.0,6.0,0.0,0.0,60.0,80.0
1292,Cassey,French,42,"Dallas-Fort Worth-Arlington, TX MSA",2018-01-27,surf,,2018-08-01,323.0,0.0,51809.35,51.0,0,50,15360,500,20,10,0.03,0.03,surf,0.0,0.0,36.0,0.0,0.0,360.0,380.0
1292,Cassey,French,42,"Dallas-Fort Worth-Arlington, TX MSA",2018-01-27,surf,,2018-09-01,279.0,0.0,32907.39,33.0,0,50,15360,500,20,10,0.03,0.03,surf,0.0,0.0,18.0,0.0,0.0,180.0,200.0
1292,Cassey,French,42,"Dallas-Fort Worth-Arlington, TX MSA",2018-01-27,surf,,2018-10-01,303.0,0.0,46868.75,46.0,0,50,15360,500,20,10,0.03,0.03,surf,0.0,0.0,31.0,0.0,0.0,310.0,330.0
1292,Cassey,French,42,"Dallas-Fort Worth-Arlington, TX MSA",2018-01-27,surf,,2018-11-01,273.0,0.0,33877.79,34.0,0,50,15360,500,20,10,0.03,0.03,surf,0.0,0.0,19.0,0.0,0.0,190.0,210.0
1292,Cassey,French,42,"Dallas-Fort Worth-Arlington, TX MSA",2018-01-27,surf,,2018-12-01,144.0,0.0,52034.659999999996,51.0,0,50,15360,500,20,10,0.03,0.03,surf,0.0,0.0,36.0,0.0,0.0,360.0,380.0
1293,Lanny,Nolan,23,"Philadelphia-Camden-Wilmington, PA-NJ-DE-MD MSA",2018-08-13,surf,,2018-08-01,430.0,50.0,17951.4,18.0,0,50,15360,500,20,10,0.03,0.03,surf,0.0,0.0,3.0,0.0,0.0,30.0,50.0
1293,Lanny,Nolan,23,"Philadelphia-Camden-Wilmington, PA-NJ-DE-MD MSA",2018-08-13,surf,,2018-09-01,529.0,96.0,32271.6,32.0,0,50,15360,500,20,10,0.03,0.03,surf,29.0,46.0,17.0,0.87,1.38,170.0,192.25
1293,Lanny,Nolan,23,"Philadelphia-Camden-Wilmington, PA-NJ-DE-MD MSA",2018-08-13,surf,,2018-10-01,580.0,87.0,39963.26,40.0,0,50,15360,500,20,10,0.03,0.03,surf,80.0,37.0,25.0,2.4,1.1099999999999999,250.0,273.51
1293,Lanny,Nolan,23,"Philadelphia-Camden-Wilmington, PA-NJ-DE-MD MSA",2018-08-13,surf,,2018-11-01,544.0,110.0,30607.2,30.0,0,50,15360,500,20,10,0.03,0.03,surf,44.0,60.0,15.0,1.3199999999999998,1.7999999999999998,150.0,173.12
1293,Lanny,Nolan,23,"Philadelphia-Camden-Wilmington, PA-NJ-DE-MD MSA",2018-08-13,surf,,2018-12-01,624.0,89.0,29088.98,29.0,0,50,15360,500,20,10,0.03,0.03,surf,124.0,39.0,14.0,3.7199999999999998,1.17,140.0,164.89
1294,Demetrius,Russo,67,"New York-Newark-Jersey City, NY-NJ-PA MSA",2018-04-19,surf,,2018-09-01,144.0,14.0,6555.46,7.0,0,50,15360,500,20,10,0.03,0.03,surf,0.0,0.0,0.0,0.0,0.0,0.0,20.0
1294,Demetrius,Russo,67,"New York-Newark-Jersey City, NY-NJ-PA MSA",2018-04-19,surf,,2018-10-01,586.0,123.0,30249.17,30.0,0,50,15360,500,20,10,0.03,0.03,surf,86.0,73.0,15.0,2.58,2.19,150.0,174.77
1294,Demetrius,Russo,67,"New York-Newark-Jersey City, NY-NJ-PA MSA",2018-04-19,surf,,2018-11-01,247.0,35.0,14327.66,14.0,0,50,15360,500,20,10,0.03,0.03,surf,0.0,0.0,0.0,0.0,0.0,0.0,20.0
1295,Hung,Flowers,68,"Kansas City, MO-KS MSA",2018-08-11,surf,,2018-08-01,353.0,19.0,11382.26,12.0,0,50,15360,500,20,10,0.03,0.03,surf,0.0,0.0,0.0,0.0,0.0,0.0,20.0
1295,Hung,Flowers,68,"Kansas City, MO-KS MSA",2018-08-11,surf,,2018-09-01,618.0,23.0,17117.63,17.0,0,50,15360,500,20,10,0.03,0.03,surf,118.0,0.0,2.0,3.54,0.0,20.0,43.54
1295,Hung,Flowers,68,"Kansas City, MO-KS MSA",2018-08-11,surf,,2018-10-01,512.0,20.0,19931.64,20.0,0,50,15360,500,20,10,0.03,0.03,surf,12.0,0.0,5.0,0.36,0.0,50.0,70.36
1295,Hung,Flowers,68,"Kansas City, MO-KS MSA",2018-08-11,surf,,2018-11-01,619.0,25.0,18391.85,18.0,0,50,15360,500,20,10,0.03,0.03,surf,119.0,0.0,3.0,3.57,0.0,30.0,53.57
1295,Hung,Flowers,68,"Kansas City, MO-KS MSA",2018-08-11,surf,,2018-12-01,450.0,21.0,22206.03,22.0,0,50,15360,500,20,10,0.03,0.03,surf,0.0,0.0,7.0,0.0,0.0,70.0,90.0
1296,Weston,Conley,36,"Miami-Fort Lauderdale-West Palm Beach, FL MSA",2018-10-20,ultimate,2018-12-18,2018-10-01,150.0,6.0,10627.8,11.0,1,1000,30720,3000,70,7,0.01,0.01,ultimate,0.0,0.0,0.0,0.0,0.0,0.0,70.0
1296,Weston,Conley,36,"Miami-Fort Lauderdale-West Palm Beach, FL MSA",2018-10-20,ultimate,2018-12-18,2018-11-01,295.0,15.0,20186.52,20.0,1,1000,30720,3000,70,7,0.01,0.01,ultimate,0.0,0.0,0.0,0.0,0.0,0.0,70.0
1296,Weston,Conley,36,"Miami-Fort Lauderdale-West Palm Beach, FL MSA",2018-10-20,ultimate,2018-12-18,2018-12-01,233.0,11.0,8333.61,9.0,1,1000,30720,3000,70,7,0.01,0.01,ultimate,0.0,0.0,0.0,0.0,0.0,0.0,70.0
1297,Nicky,Tucker,51,"Los Angeles-Long Beach-Anaheim, CA MSA",2018-08-25,surf,,2018-11-01,94.0,0.0,12247.5,12.0,0,50,15360,500,20,10,0.03,0.03,surf,0.0,0.0,0.0,0.0,0.0,0.0,20.0
1297,Nicky,Tucker,51,"Los Angeles-Long Beach-Anaheim, CA MSA",2018-08-25,surf,,2018-12-01,103.0,0.0,7960.32,8.0,0,50,15360,500,20,10,0.03,0.03,surf,0.0,0.0,0.0,0.0,0.0,0.0,20.0
1298,Loyce,Cooley,53,"Nashville-Davidson–Murfreesboro–Franklin, TN MSA",2018-09-21,surf,2018-12-19,2018-12-01,214.0,38.0,5115.58,5.0,0,50,15360,500,20,10,0.03,0.03,surf,0.0,0.0,0.0,0.0,0.0,0.0,20.0
1299,Keitha,Harrison,64,"New York-Newark-Jersey City, NY-NJ-PA MSA",2018-01-19,surf,,2018-03-01,365.0,7.0,4905.4,5.0,0,50,15360,500,20,10,0.03,0.03,surf,0.0,0.0,0.0,0.0,0.0,0.0,20.0
1299,Keitha,Harrison,64,"New York-Newark-Jersey City, NY-NJ-PA MSA",2018-01-19,surf,,2018-04-01,541.0,11.0,16718.19,17.0,0,50,15360,500,20,10,0.03,0.03,surf,41.0,0.0,2.0,1.23,0.0,20.0,41.230000000000004
1299,Keitha,Harrison,64,"New York-Newark-Jersey City, NY-NJ-PA MSA",2018-01-19,surf,,2018-05-01,466.0,8.0,18204.12,18.0,0,50,15360,500,20,10,0.03,0.03,surf,0.0,0.0,3.0,0.0,0.0,30.0,50.0
1299,Keitha,Harrison,64,"New York-Newark-Jersey City, NY-NJ-PA MSA",2018-01-19,surf,,2018-06-01,317.0,6.0,18566.489999999998,19.0,0,50,15360,500,20,10,0.03,0.03,surf,0.0,0.0,4.0,0.0,0.0,40.0,60.0
1299,Keitha,Harrison,64,"New York-Newark-Jersey City, NY-NJ-PA MSA",2018-01-19,surf,,2018-07-01,372.0,14.0,18631.63,19.0,0,50,15360,500,20,10,0.03,0.03,surf,0.0,0.0,4.0,0.0,0.0,40.0,60.0
1299,Keitha,Harrison,64,"New York-Newark-Jersey City, NY-NJ-PA MSA",2018-01-19,surf,,2018-08-01,436.0,15.0,14212.83,14.0,0,50,15360,500,20,10,0.03,0.03,surf,0.0,0.0,0.0,0.0,0.0,0.0,20.0
1299,Keitha,Harrison,64,"New York-Newark-Jersey City, NY-NJ-PA MSA",2018-01-19,surf,,2018-09-01,422.0,6.0,17759.41,18.0,0,50,15360,500,20,10,0.03,0.03,surf,0.0,0.0,3.0,0.0,0.0,30.0,50.0
1299,Keitha,Harrison,64,"New York-Newark-Jersey City, NY-NJ-PA MSA",2018-01-19,surf,,2018-10-01,462.0,7.0,15037.31,15.0,0,50,15360,500,20,10,0.03,0.03,surf,0.0,0.0,0.0,0.0,0.0,0.0,20.0
1299,Keitha,Harrison,64,"New York-Newark-Jersey City, NY-NJ-PA MSA",2018-01-19,surf,,2018-11-01,618.0,6.0,11977.33,12.0,0,50,15360,500,20,10,0.03,0.03,surf,118.0,0.0,0.0,3.54,0.0,0.0,23.54
1299,Keitha,Harrison,64,"New York-Newark-Jersey City, NY-NJ-PA MSA",2018-01-19,surf,,2018-12-01,435.0,10.0,12021.16,12.0,0,50,15360,500,20,10,0.03,0.03,surf,0.0,0.0,0.0,0.0,0.0,0.0,20.0
1300,Rene,Frost,23,"New York-Newark-Jersey City, NY-NJ-PA MSA",2018-10-21,surf,2018-12-19,2018-10-01,92.0,0.0,8253.35,9.0,0,50,15360,500,20,10,0.03,0.03,surf,0.0,0.0,0.0,0.0,0.0,0.0,20.0
1300,Rene,Frost,23,"New York-Newark-Jersey City, NY-NJ-PA MSA",2018-10-21,surf,2018-12-19,2018-11-01,333.0,0.0,14956.49,15.0,0,50,15360,500,20,10,0.03,0.03,surf,0.0,0.0,0.0,0.0,0.0,0.0,20.0
1300,Rene,Frost,23,"New York-Newark-Jersey City, NY-NJ-PA MSA",2018-10-21,surf,2018-12-19,2018-12-01,291.0,0.0,15510.84,16.0,0,50,15360,500,20,10,0.03,0.03,surf,0.0,0.0,1.0,0.0,0.0,10.0,30.0
1301,Tomas,Horton,64,"Chicago-Naperville-Elgin, IL-IN-WI MSA",2018-01-04,ultimate,,2018-11-01,155.0,33.0,8948.8,9.0,1,1000,30720,3000,70,7,0.01,0.01,ultimate,0.0,0.0,0.0,0.0,0.0,0.0,70.0
1301,Tomas,Horton,64,"Chicago-Naperville-Elgin, IL-IN-WI MSA",2018-01-04,ultimate,,2018-12-01,945.0,125.0,35011.71,35.0,1,1000,30720,3000,70,7,0.01,0.01,ultimate,0.0,0.0,5.0,0.0,0.0,35.0,105.0
1302,Leonila,Morris,62,"Rochester, NY MSA",2018-01-21,surf,,2018-09-01,244.0,21.0,10712.19,11.0,0,50,15360,500,20,10,0.03,0.03,surf,0.0,0.0,0.0,0.0,0.0,0.0,20.0
1302,Leonila,Morris,62,"Rochester, NY MSA",2018-01-21,surf,,2018-10-01,516.0,74.0,28076.03,28.0,0,50,15360,500,20,10,0.03,0.03,surf,16.0,24.0,13.0,0.48,0.72,130.0,151.2
1302,Leonila,Morris,62,"Rochester, NY MSA",2018-01-21,surf,,2018-11-01,480.0,68.0,22987.59,23.0,0,50,15360,500,20,10,0.03,0.03,surf,0.0,18.0,8.0,0.0,0.54,80.0,100.53999999999999
1302,Leonila,Morris,62,"Rochester, NY MSA",2018-01-21,surf,,2018-12-01,126.0,23.0,9070.44,9.0,0,50,15360,500,20,10,0.03,0.03,surf,0.0,0.0,0.0,0.0,0.0,0.0,20.0
1303,Rosamaria,Reeves,67,"Detroit-Warren-Dearborn, MI MSA",2018-10-25,ultimate,,2018-12-01,118.0,148.0,25042.66,25.0,1,1000,30720,3000,70,7,0.01,0.01,ultimate,0.0,0.0,0.0,0.0,0.0,0.0,70.0
1304,Dominque,Cole,69,"Birmingham-Hoover, AL MSA",2018-10-28,ultimate,,2018-10-01,34.0,7.0,3465.5099999999998,4.0,1,1000,30720,3000,70,7,0.01,0.01,ultimate,0.0,0.0,0.0,0.0,0.0,0.0,70.0
1304,Dominque,Cole,69,"Birmingham-Hoover, AL MSA",2018-10-28,ultimate,,2018-11-01,535.0,65.0,20005.14,20.0,1,1000,30720,3000,70,7,0.01,0.01,ultimate,0.0,0.0,0.0,0.0,0.0,0.0,70.0
1304,Dominque,Cole,69,"Birmingham-Hoover, AL MSA",2018-10-28,ultimate,,2018-12-01,533.0,59.0,23251.89,23.0,1,1000,30720,3000,70,7,0.01,0.01,ultimate,0.0,0.0,0.0,0.0,0.0,0.0,70.0
1305,Gwenn,Gross,18,"Los Angeles-Long Beach-Anaheim, CA MSA",2018-05-08,surf,,2018-05-01,312.0,3.0,9945.9,10.0,0,50,15360,500,20,10,0.03,0.03,surf,0.0,0.0,0.0,0.0,0.0,0.0,20.0
1305,Gwenn,Gross,18,"Los Angeles-Long Beach-Anaheim, CA MSA",2018-05-08,surf,,2018-06-01,454.0,1.0,17078.86,17.0,0,50,15360,500,20,10,0.03,0.03,surf,0.0,0.0,2.0,0.0,0.0,20.0,40.0
1305,Gwenn,Gross,18,"Los Angeles-Long Beach-Anaheim, CA MSA",2018-05-08,surf,,2018-07-01,473.0,1.0,15252.78,15.0,0,50,15360,500,20,10,0.03,0.03,surf,0.0,0.0,0.0,0.0,0.0,0.0,20.0
1305,Gwenn,Gross,18,"Los Angeles-Long Beach-Anaheim, CA MSA",2018-05-08,surf,,2018-08-01,521.0,4.0,13435.16,14.0,0,50,15360,500,20,10,0.03,0.03,surf,21.0,0.0,0.0,0.63,0.0,0.0,20.63
1305,Gwenn,Gross,18,"Los Angeles-Long Beach-Anaheim, CA MSA",2018-05-08,surf,,2018-09-01,492.0,6.0,17449.09,18.0,0,50,15360,500,20,10,0.03,0.03,surf,0.0,0.0,3.0,0.0,0.0,30.0,50.0
1305,Gwenn,Gross,18,"Los Angeles-Long Beach-Anaheim, CA MSA",2018-05-08,surf,,2018-10-01,429.0,4.0,16002.21,16.0,0,50,15360,500,20,10,0.03,0.03,surf,0.0,0.0,1.0,0.0,0.0,10.0,30.0
1305,Gwenn,Gross,18,"Los Angeles-Long Beach-Anaheim, CA MSA",2018-05-08,surf,,2018-11-01,536.0,4.0,16005.04,16.0,0,50,15360,500,20,10,0.03,0.03,surf,36.0,0.0,1.0,1.08,0.0,10.0,31.08
1305,Gwenn,Gross,18,"Los Angeles-Long Beach-Anaheim, CA MSA",2018-05-08,surf,,2018-12-01,496.0,3.0,15755.87,16.0,0,50,15360,500,20,10,0.03,0.03,surf,0.0,0.0,1.0,0.0,0.0,10.0,30.0
1306,Darron,Craig,19,"Washington-Arlington-Alexandria, DC-VA-MD-WV MSA",2018-11-26,surf,,2018-11-01,6.0,0.0,246.99,1.0,0,50,15360,500,20,10,0.03,0.03,surf,0.0,0.0,0.0,0.0,0.0,0.0,20.0
1307,Kristopher,Lang,28,"Boston-Cambridge-Newton, MA-NH MSA",2018-12-31,surf,,,0.0,0.0,0.0,0.0,0,50,15360,500,20,10,0.03,0.03,surf,0.0,0.0,0.0,0.0,0.0,0.0,20.0
1308,Samara,Monroe,46,"Virginia Beach-Norfolk-Newport News, VA-NC MSA",2018-11-22,surf,,2018-11-01,48.0,20.0,6783.38,7.0,0,50,15360,500,20,10,0.03,0.03,surf,0.0,0.0,0.0,0.0,0.0,0.0,20.0
1308,Samara,Monroe,46,"Virginia Beach-Norfolk-Newport News, VA-NC MSA",2018-11-22,surf,,2018-12-01,447.0,40.0,21520.72,22.0,0,50,15360,500,20,10,0.03,0.03,surf,0.0,0.0,7.0,0.0,0.0,70.0,90.0
1309,Winfred,Zimmerman,19,"San Diego-Chula Vista-Carlsbad, CA MSA",2018-07-04,surf,,2018-11-01,23.0,3.0,240.0,1.0,0,50,15360,500,20,10,0.03,0.03,surf,0.0,0.0,0.0,0.0,0.0,0.0,20.0
1309,Winfred,Zimmerman,19,"San Diego-Chula Vista-Carlsbad, CA MSA",2018-07-04,surf,,2018-12-01,614.0,67.0,16233.7,16.0,0,50,15360,500,20,10,0.03,0.03,surf,114.0,17.0,1.0,3.42,0.51,10.0,33.93000000000001
1310,Vincent,Fry,73,"Portland-Vancouver-Hillsboro, OR-WA MSA",2018-11-29,surf,,2018-11-01,15.0,0.0,968.9000000000001,1.0,0,50,15360,500,20,10,0.03,0.03,surf,0.0,0.0,0.0,0.0,0.0,0.0,20.0
1310,Vincent,Fry,73,"Portland-Vancouver-Hillsboro, OR-WA MSA",2018-11-29,surf,,2018-12-01,125.0,0.0,20970.26,21.0,0,50,15360,500,20,10,0.03,0.03,surf,0.0,0.0,6.0,0.0,0.0,60.0,80.0
1311,Cherlyn,Saunders,69,"Memphis, TN-MS-AR MSA",2018-06-27,ultimate,,2018-07-01,299.0,0.0,24800.73,25.0,1,1000,30720,3000,70,7,0.01,0.01,ultimate,0.0,0.0,0.0,0.0,0.0,0.0,70.0
1311,Cherlyn,Saunders,69,"Memphis, TN-MS-AR MSA",2018-06-27,ultimate,,2018-08-01,188.0,0.0,17512.87,18.0,1,1000,30720,3000,70,7,0.01,0.01,ultimate,0.0,0.0,0.0,0.0,0.0,0.0,70.0
1311,Cherlyn,Saunders,69,"Memphis, TN-MS-AR MSA",2018-06-27,ultimate,,2018-09-01,221.0,0.0,19185.44,19.0,1,1000,30720,3000,70,7,0.01,0.01,ultimate,0.0,0.0,0.0,0.0,0.0,0.0,70.0
1311,Cherlyn,Saunders,69,"Memphis, TN-MS-AR MSA",2018-06-27,ultimate,,2018-10-01,219.0,0.0,16740.71,17.0,1,1000,30720,3000,70,7,0.01,0.01,ultimate,0.0,0.0,0.0,0.0,0.0,0.0,70.0
1311,Cherlyn,Saunders,69,"Memphis, TN-MS-AR MSA",2018-06-27,ultimate,,2018-11-01,194.0,0.0,15450.17,16.0,1,1000,30720,3000,70,7,0.01,0.01,ultimate,0.0,0.0,0.0,0.0,0.0,0.0,70.0
1311,Cherlyn,Saunders,69,"Memphis, TN-MS-AR MSA",2018-06-27,ultimate,,2018-12-01,278.0,0.0,11638.869999999999,12.0,1,1000,30720,3000,70,7,0.01,0.01,ultimate,0.0,0.0,0.0,0.0,0.0,0.0,70.0
1312,Kory,Emerson,42,"Fresno, CA MSA",2018-01-26,surf,,2018-03-01,457.0,28.0,20917.54,21.0,0,50,15360,500,20,10,0.03,0.03,surf,0.0,0.0,6.0,0.0,0.0,60.0,80.0
1312,Kory,Emerson,42,"Fresno, CA MSA",2018-01-26,surf,,2018-04-01,288.0,38.0,28509.8,28.0,0,50,15360,500,20,10,0.03,0.03,surf,0.0,0.0,13.0,0.0,0.0,130.0,150.0
1312,Kory,Emerson,42,"Fresno, CA MSA",2018-01-26,surf,,2018-05-01,368.0,27.0,22079.41,22.0,0,50,15360,500,20,10,0.03,0.03,surf,0.0,0.0,7.0,0.0,0.0,70.0,90.0
1312,Kory,Emerson,42,"Fresno, CA MSA",2018-01-26,surf,,2018-06-01,377.0,33.0,17076.09,17.0,0,50,15360,500,20,10,0.03,0.03,surf,0.0,0.0,2.0,0.0,0.0,20.0,40.0
1312,Kory,Emerson,42,"Fresno, CA MSA",2018-01-26,surf,,2018-07-01,360.0,23.0,27213.75,27.0,0,50,15360,500,20,10,0.03,0.03,surf,0.0,0.0,12.0,0.0,0.0,120.0,140.0
1312,Kory,Emerson,42,"Fresno, CA MSA",2018-01-26,surf,,2018-08-01,534.0,38.0,25569.29,25.0,0,50,15360,500,20,10,0.03,0.03,surf,34.0,0.0,10.0,1.02,0.0,100.0,121.02
1312,Kory,Emerson,42,"Fresno, CA MSA",2018-01-26,surf,,2018-09-01,431.0,37.0,18549.57,19.0,0,50,15360,500,20,10,0.03,0.03,surf,0.0,0.0,4.0,0.0,0.0,40.0,60.0
1312,Kory,Emerson,42,"Fresno, CA MSA",2018-01-26,surf,,2018-10-01,384.0,39.0,20623.41,21.0,0,50,15360,500,20,10,0.03,0.03,surf,0.0,0.0,6.0,0.0,0.0,60.0,80.0
1312,Kory,Emerson,42,"Fresno, CA MSA",2018-01-26,surf,,2018-11-01,320.0,25.0,14662.89,15.0,0,50,15360,500,20,10,0.03,0.03,surf,0.0,0.0,0.0,0.0,0.0,0.0,20.0
1313,Antoine,Baker,49,"San Francisco-Oakland-Berkeley, CA MSA",2018-05-24,surf,,2018-06-01,342.0,27.0,6523.04,7.0,0,50,15360,500,20,10,0.03,0.03,surf,0.0,0.0,0.0,0.0,0.0,0.0,20.0
1313,Antoine,Baker,49,"San Francisco-Oakland-Berkeley, CA MSA",2018-05-24,surf,,2018-07-01,408.0,46.0,17701.73,18.0,0,50,15360,500,20,10,0.03,0.03,surf,0.0,0.0,3.0,0.0,0.0,30.0,50.0
1313,Antoine,Baker,49,"San Francisco-Oakland-Berkeley, CA MSA",2018-05-24,surf,,2018-08-01,702.0,61.0,16293.62,16.0,0,50,15360,500,20,10,0.03,0.03,surf,202.0,11.0,1.0,6.06,0.32999999999999996,10.0,36.39
1313,Antoine,Baker,49,"San Francisco-Oakland-Berkeley, CA MSA",2018-05-24,surf,,2018-09-01,574.0,46.0,17943.79,18.0,0,50,15360,500,20,10,0.03,0.03,surf,74.0,0.0,3.0,2.2199999999999998,0.0,30.0,52.22
1313,Antoine,Baker,49,"San Francisco-Oakland-Berkeley, CA MSA",2018-05-24,surf,,2018-10-01,564.0,45.0,21656.21,22.0,0,50,15360,500,20,10,0.03,0.03,surf,64.0,0.0,7.0,1.92,0.0,70.0,91.92
1313,Antoine,Baker,49,"San Francisco-Oakland-Berkeley, CA MSA",2018-05-24,surf,,2018-11-01,692.0,39.0,19690.12,20.0,0,50,15360,500,20,10,0.03,0.03,surf,192.0,0.0,5.0,5.76,0.0,50.0,75.75999999999999
1313,Antoine,Baker,49,"San Francisco-Oakland-Berkeley, CA MSA",2018-05-24,surf,,2018-12-01,640.0,44.0,12318.71,13.0,0,50,15360,500,20,10,0.03,0.03,surf,140.0,0.0,0.0,4.2,0.0,0.0,24.2
1314,Brice,Morgan,35,"Los Angeles-Long Beach-Anaheim, CA MSA",2018-03-06,ultimate,,2018-11-01,432.0,19.0,16797.9,17.0,1,1000,30720,3000,70,7,0.01,0.01,ultimate,0.0,0.0,0.0,0.0,0.0,0.0,70.0
1314,Brice,Morgan,35,"Los Angeles-Long Beach-Anaheim, CA MSA",2018-03-06,ultimate,,2018-12-01,529.0,21.0,12603.630000000001,13.0,1,1000,30720,3000,70,7,0.01,0.01,ultimate,0.0,0.0,0.0,0.0,0.0,0.0,70.0
1315,Mora,Schroeder,45,"Raleigh-Cary, NC MSA",2018-04-26,surf,2018-10-03,,0.0,0.0,0.0,0.0,0,50,15360,500,20,10,0.03,0.03,surf,0.0,0.0,0.0,0.0,0.0,0.0,20.0
1316,Lucilla,Weeks,59,"Tulsa, OK MSA",2018-05-21,surf,,2018-05-01,44.0,14.0,3189.44,4.0,0,50,15360,500,20,10,0.03,0.03,surf,0.0,0.0,0.0,0.0,0.0,0.0,20.0
1316,Lucilla,Weeks,59,"Tulsa, OK MSA",2018-05-21,surf,,2018-06-01,158.0,42.0,12679.55,13.0,0,50,15360,500,20,10,0.03,0.03,surf,0.0,0.0,0.0,0.0,0.0,0.0,20.0
1316,Lucilla,Weeks,59,"Tulsa, OK MSA",2018-05-21,surf,,2018-07-01,296.0,61.0,17071.3,17.0,0,50,15360,500,20,10,0.03,0.03,surf,0.0,11.0,2.0,0.0,0.32999999999999996,20.0,40.33
1316,Lucilla,Weeks,59,"Tulsa, OK MSA",2018-05-21,surf,,2018-08-01,274.0,60.0,19881.22,20.0,0,50,15360,500,20,10,0.03,0.03,surf,0.0,10.0,5.0,0.0,0.3,50.0,70.3
1316,Lucilla,Weeks,59,"Tulsa, OK MSA",2018-05-21,surf,,2018-09-01,180.0,61.0,24316.96,24.0,0,50,15360,500,20,10,0.03,0.03,surf,0.0,11.0,9.0,0.0,0.32999999999999996,90.0,110.33
1316,Lucilla,Weeks,59,"Tulsa, OK MSA",2018-05-21,surf,,2018-10-01,228.0,59.0,19562.38,20.0,0,50,15360,500,20,10,0.03,0.03,surf,0.0,9.0,5.0,0.0,0.27,50.0,70.27
1316,Lucilla,Weeks,59,"Tulsa, OK MSA",2018-05-21,surf,,2018-11-01,259.0,66.0,20174.26,20.0,0,50,15360,500,20,10,0.03,0.03,surf,0.0,16.0,5.0,0.0,0.48,50.0,70.48
1316,Lucilla,Weeks,59,"Tulsa, OK MSA",2018-05-21,surf,,2018-12-01,112.0,70.0,24658.26,25.0,0,50,15360,500,20,10,0.03,0.03,surf,0.0,20.0,10.0,0.0,0.6,100.0,120.6
1317,Ruthanne,Heath,70,"Phoenix-Mesa-Chandler, AZ MSA",2018-11-11,ultimate,,2018-11-01,418.0,0.0,9105.689999999999,9.0,1,1000,30720,3000,70,7,0.01,0.01,ultimate,0.0,0.0,0.0,0.0,0.0,0.0,70.0
1317,Ruthanne,Heath,70,"Phoenix-Mesa-Chandler, AZ MSA",2018-11-11,ultimate,,2018-12-01,752.0,0.0,16207.01,16.0,1,1000,30720,3000,70,7,0.01,0.01,ultimate,0.0,0.0,0.0,0.0,0.0,0.0,70.0
1318,Huey,Walsh,54,"Atlanta-Sandy Springs-Roswell, GA MSA",2018-09-29,surf,,2018-09-01,12.0,2.0,442.71,1.0,0,50,15360,500,20,10,0.03,0.03,surf,0.0,0.0,0.0,0.0,0.0,0.0,20.0
1318,Huey,Walsh,54,"Atlanta-Sandy Springs-Roswell, GA MSA",2018-09-29,surf,,2018-10-01,407.0,36.0,18126.04,18.0,0,50,15360,500,20,10,0.03,0.03,surf,0.0,0.0,3.0,0.0,0.0,30.0,50.0
1318,Huey,Walsh,54,"Atlanta-Sandy Springs-Roswell, GA MSA",2018-09-29,surf,,2018-11-01,376.0,30.0,24675.5,25.0,0,50,15360,500,20,10,0.03,0.03,surf,0.0,0.0,10.0,0.0,0.0,100.0,120.0
1318,Huey,Walsh,54,"Atlanta-Sandy Springs-Roswell, GA MSA",2018-09-29,surf,,2018-12-01,347.0,47.0,19730.76,20.0,0,50,15360,500,20,10,0.03,0.03,surf,0.0,0.0,5.0,0.0,0.0,50.0,70.0
1319,Eliseo,Carson,21,"Colorado Springs, CO MSA",2018-06-17,surf,,,0.0,0.0,0.0,0.0,0,50,15360,500,20,10,0.03,0.03,surf,0.0,0.0,0.0,0.0,0.0,0.0,20.0
1320,Bert,Wells,23,"Los Angeles-Long Beach-Anaheim, CA MSA",2018-02-23,surf,,2018-04-01,449.0,27.0,8356.98,9.0,0,50,15360,500,20,10,0.03,0.03,surf,0.0,0.0,0.0,0.0,0.0,0.0,20.0
1320,Bert,Wells,23,"Los Angeles-Long Beach-Anaheim, CA MSA",2018-02-23,surf,,2018-05-01,856.0,70.0,20775.45,21.0,0,50,15360,500,20,10,0.03,0.03,surf,356.0,20.0,6.0,10.68,0.6,60.0,91.28
1320,Bert,Wells,23,"Los Angeles-Long Beach-Anaheim, CA MSA",2018-02-23,surf,,2018-06-01,868.0,52.0,13977.75,14.0,0,50,15360,500,20,10,0.03,0.03,surf,368.0,2.0,0.0,11.04,0.06,0.0,31.099999999999998
1320,Bert,Wells,23,"Los Angeles-Long Beach-Anaheim, CA MSA",2018-02-23,surf,,2018-07-01,872.0,58.0,22011.8,22.0,0,50,15360,500,20,10,0.03,0.03,surf,372.0,8.0,7.0,11.16,0.24,70.0,101.4
1320,Bert,Wells,23,"Los Angeles-Long Beach-Anaheim, CA MSA",2018-02-23,surf,,2018-08-01,876.0,68.0,21542.06,22.0,0,50,15360,500,20,10,0.03,0.03,surf,376.0,18.0,7.0,11.28,0.54,70.0,101.82
1320,Bert,Wells,23,"Los Angeles-Long Beach-Anaheim, CA MSA",2018-02-23,surf,,2018-09-01,885.0,60.0,13837.42,14.0,0,50,15360,500,20,10,0.03,0.03,surf,385.0,10.0,0.0,11.549999999999999,0.3,0.0,31.849999999999998
1320,Bert,Wells,23,"Los Angeles-Long Beach-Anaheim, CA MSA",2018-02-23,surf,,2018-10-01,823.0,60.0,26621.41,26.0,0,50,15360,500,20,10,0.03,0.03,surf,323.0,10.0,11.0,9.69,0.3,110.0,139.99
1320,Bert,Wells,23,"Los Angeles-Long Beach-Anaheim, CA MSA",2018-02-23,surf,,2018-11-01,958.0,72.0,19919.41,20.0,0,50,15360,500,20,10,0.03,0.03,surf,458.0,22.0,5.0,13.74,0.6599999999999999,50.0,84.4
1320,Bert,Wells,23,"Los Angeles-Long Beach-Anaheim, CA MSA",2018-02-23,surf,,2018-12-01,1070.0,64.0,16113.69,16.0,0,50,15360,500,20,10,0.03,0.03,surf,570.0,14.0,1.0,17.099999999999998,0.42,10.0,47.519999999999996
1321,Karlyn,Jimenez,19,"North Port-Sarasota-Bradenton, FL MSA",2018-05-31,surf,,2018-06-01,563.0,0.0,17726.98,18.0,0,50,15360,500,20,10,0.03,0.03,surf,63.0,0.0,3.0,1.89,0.0,30.0,51.89
1321,Karlyn,Jimenez,19,"North Port-Sarasota-Bradenton, FL MSA",2018-05-31,surf,,2018-07-01,581.0,0.0,23604.01,24.0,0,50,15360,500,20,10,0.03,0.03,surf,81.0,0.0,9.0,2.4299999999999997,0.0,90.0,112.43
1321,Karlyn,Jimenez,19,"North Port-Sarasota-Bradenton, FL MSA",2018-05-31,surf,,2018-08-01,473.0,0.0,19672.55,20.0,0,50,15360,500,20,10,0.03,0.03,surf,0.0,0.0,5.0,0.0,0.0,50.0,70.0
1321,Karlyn,Jimenez,19,"North Port-Sarasota-Bradenton, FL MSA",2018-05-31,surf,,2018-09-01,473.0,0.0,18633.06,19.0,0,50,15360,500,20,10,0.03,0.03,surf,0.0,0.0,4.0,0.0,0.0,40.0,60.0
1321,Karlyn,Jimenez,19,"North Port-Sarasota-Bradenton, FL MSA",2018-05-31,surf,,2018-10-01,416.0,0.0,22575.28,23.0,0,50,15360,500,20,10,0.03,0.03,surf,0.0,0.0,8.0,0.0,0.0,80.0,100.0
1321,Karlyn,Jimenez,19,"North Port-Sarasota-Bradenton, FL MSA",2018-05-31,surf,,2018-11-01,519.0,0.0,11822.98,12.0,0,50,15360,500,20,10,0.03,0.03,surf,19.0,0.0,0.0,0.57,0.0,0.0,20.57
1321,Karlyn,Jimenez,19,"North Port-Sarasota-Bradenton, FL MSA",2018-05-31,surf,,2018-12-01,490.0,0.0,23318.65,23.0,0,50,15360,500,20,10,0.03,0.03,surf,0.0,0.0,8.0,0.0,0.0,80.0,100.0
1322,Tyler,Sweeney,22,"Fresno, CA MSA",2018-06-18,surf,,2018-08-01,28.0,0.0,3565.98,4.0,0,50,15360,500,20,10,0.03,0.03,surf,0.0,0.0,0.0,0.0,0.0,0.0,20.0
1322,Tyler,Sweeney,22,"Fresno, CA MSA",2018-06-18,surf,,2018-09-01,115.0,0.0,10837.52,11.0,0,50,15360,500,20,10,0.03,0.03,surf,0.0,0.0,0.0,0.0,0.0,0.0,20.0
1322,Tyler,Sweeney,22,"Fresno, CA MSA",2018-06-18,surf,,2018-10-01,94.0,0.0,10988.039999999999,11.0,0,50,15360,500,20,10,0.03,0.03,surf,0.0,0.0,0.0,0.0,0.0,0.0,20.0
1322,Tyler,Sweeney,22,"Fresno, CA MSA",2018-06-18,surf,,2018-11-01,172.0,0.0,17334.68,17.0,0,50,15360,500,20,10,0.03,0.03,surf,0.0,0.0,2.0,0.0,0.0,20.0,40.0
1322,Tyler,Sweeney,22,"Fresno, CA MSA",2018-06-18,surf,,2018-12-01,136.0,0.0,16446.22,17.0,0,50,15360,500,20,10,0.03,0.03,surf,0.0,0.0,2.0,0.0,0.0,20.0,40.0
1323,Pamelia,Atkins,42,"Baltimore-Columbia-Towson, MD MSA",2018-12-30,surf,,2018-12-01,28.0,1.0,1024.85,2.0,0,50,15360,500,20,10,0.03,0.03,surf,0.0,0.0,0.0,0.0,0.0,0.0,20.0
1324,Romana,Moore,18,"Minneapolis-St. Paul-Bloomington, MN-WI MSA",2018-04-04,surf,,2018-04-01,1043.0,120.0,14162.32,14.0,0,50,15360,500,20,10,0.03,0.03,surf,543.0,70.0,0.0,16.29,2.1,0.0,38.39
1324,Romana,Moore,18,"Minneapolis-St. Paul-Bloomington, MN-WI MSA",2018-04-04,surf,,2018-05-01,1013.0,124.0,17445.92,18.0,0,50,15360,500,20,10,0.03,0.03,surf,513.0,74.0,3.0,15.389999999999999,2.2199999999999998,30.0,67.61
1324,Romana,Moore,18,"Minneapolis-St. Paul-Bloomington, MN-WI MSA",2018-04-04,surf,,2018-06-01,1033.0,124.0,20031.19,20.0,0,50,15360,500,20,10,0.03,0.03,surf,533.0,74.0,5.0,15.99,2.2199999999999998,50.0,88.21000000000001
1324,Romana,Moore,18,"Minneapolis-St. Paul-Bloomington, MN-WI MSA",2018-04-04,surf,,2018-07-01,983.0,120.0,19783.35,20.0,0,50,15360,500,20,10,0.03,0.03,surf,483.0,70.0,5.0,14.49,2.1,50.0,86.59
1324,Romana,Moore,18,"Minneapolis-St. Paul-Bloomington, MN-WI MSA",2018-04-04,surf,,2018-08-01,1018.0,153.0,13690.68,14.0,0,50,15360,500,20,10,0.03,0.03,surf,518.0,103.0,0.0,15.54,3.09,0.0,38.629999999999995
1324,Romana,Moore,18,"Minneapolis-St. Paul-Bloomington, MN-WI MSA",2018-04-04,surf,,2018-09-01,996.0,143.0,21604.98,22.0,0,50,15360,500,20,10,0.03,0.03,surf,496.0,93.0,7.0,14.879999999999999,2.79,70.0,107.66999999999999
1324,Romana,Moore,18,"Minneapolis-St. Paul-Bloomington, MN-WI MSA",2018-04-04,surf,,2018-10-01,1058.0,130.0,20999.84,21.0,0,50,15360,500,20,10,0.03,0.03,surf,558.0,80.0,6.0,16.74,2.4,60.0,99.13999999999999
1324,Romana,Moore,18,"Minneapolis-St. Paul-Bloomington, MN-WI MSA",2018-04-04,surf,,2018-11-01,1304.0,116.0,18287.93,18.0,0,50,15360,500,20,10,0.03,0.03,surf,804.0,66.0,3.0,24.119999999999997,1.98,30.0,76.1
1324,Romana,Moore,18,"Minneapolis-St. Paul-Bloomington, MN-WI MSA",2018-04-04,surf,,2018-12-01,1047.0,145.0,16354.39,16.0,0,50,15360,500,20,10,0.03,0.03,surf,547.0,95.0,1.0,16.41,2.85,10.0,49.26
1325,Cleora,Lyons,43,"Dallas-Fort Worth-Arlington, TX MSA",2018-06-26,surf,,2018-11-01,159.0,0.0,11366.88,12.0,0,50,15360,500,20,10,0.03,0.03,surf,0.0,0.0,0.0,0.0,0.0,0.0,20.0
1325,Cleora,Lyons,43,"Dallas-Fort Worth-Arlington, TX MSA",2018-06-26,surf,,2018-12-01,429.0,0.0,27752.94,28.0,0,50,15360,500,20,10,0.03,0.03,surf,0.0,0.0,13.0,0.0,0.0,130.0,150.0
1326,Johnathon,Branch,21,"Greensboro-High Point, NC MSA",2018-02-06,surf,,2018-07-01,560.0,42.0,6962.71,7.0,0,50,15360,500,20,10,0.03,0.03,surf,60.0,0.0,0.0,1.7999999999999998,0.0,0.0,21.8
1326,Johnathon,Branch,21,"Greensboro-High Point, NC MSA",2018-02-06,surf,,2018-08-01,1029.0,71.0,10459.58,11.0,0,50,15360,500,20,10,0.03,0.03,surf,529.0,21.0,0.0,15.87,0.63,0.0,36.5
1326,Johnathon,Branch,21,"Greensboro-High Point, NC MSA",2018-02-06,surf,,2018-09-01,840.0,74.0,12098.38,12.0,0,50,15360,500,20,10,0.03,0.03,surf,340.0,24.0,0.0,10.2,0.72,0.0,30.919999999999998
1326,Johnathon,Branch,21,"Greensboro-High Point, NC MSA",2018-02-06,surf,,2018-10-01,856.0,83.0,10387.66,11.0,0,50,15360,500,20,10,0.03,0.03,surf,356.0,33.0,0.0,10.68,0.99,0.0,31.669999999999998
1326,Johnathon,Branch,21,"Greensboro-High Point, NC MSA",2018-02-06,surf,,2018-11-01,1003.0,87.0,11281.42,12.0,0,50,15360,500,20,10,0.03,0.03,surf,503.0,37.0,0.0,15.09,1.1099999999999999,0.0,36.2
1326,Johnathon,Branch,21,"Greensboro-High Point, NC MSA",2018-02-06,surf,,2018-12-01,1051.0,87.0,15196.55,15.0,0,50,15360,500,20,10,0.03,0.03,surf,551.0,37.0,0.0,16.53,1.1099999999999999,0.0,37.64
1327,Natosha,Peck,20,"New York-Newark-Jersey City, NY-NJ-PA MSA",2018-02-17,surf,,2018-08-01,160.0,1.0,3994.05,4.0,0,50,15360,500,20,10,0.03,0.03,surf,0.0,0.0,0.0,0.0,0.0,0.0,20.0
1327,Natosha,Peck,20,"New York-Newark-Jersey City, NY-NJ-PA MSA",2018-02-17,surf,,2018-09-01,366.0,35.0,19063.59,19.0,0,50,15360,500,20,10,0.03,0.03,surf,0.0,0.0,4.0,0.0,0.0,40.0,60.0
1327,Natosha,Peck,20,"New York-Newark-Jersey City, NY-NJ-PA MSA",2018-02-17,surf,,2018-10-01,476.0,37.0,26737.61,27.0,0,50,15360,500,20,10,0.03,0.03,surf,0.0,0.0,12.0,0.0,0.0,120.0,140.0
1327,Natosha,Peck,20,"New York-Newark-Jersey City, NY-NJ-PA MSA",2018-02-17,surf,,2018-11-01,565.0,33.0,25340.64,25.0,0,50,15360,500,20,10,0.03,0.03,surf,65.0,0.0,10.0,1.95,0.0,100.0,121.95
1327,Natosha,Peck,20,"New York-Newark-Jersey City, NY-NJ-PA MSA",2018-02-17,surf,,2018-12-01,586.0,29.0,18975.56,19.0,0,50,15360,500,20,10,0.03,0.03,surf,86.0,0.0,4.0,2.58,0.0,40.0,62.58
1328,Tamesha,Huber,20,"Minneapolis-St. Paul-Bloomington, MN-WI MSA",2018-02-10,surf,,2018-04-01,124.0,21.0,2749.33,3.0,0,50,15360,500,20,10,0.03,0.03,surf,0.0,0.0,0.0,0.0,0.0,0.0,20.0
1328,Tamesha,Huber,20,"Minneapolis-St. Paul-Bloomington, MN-WI MSA",2018-02-10,surf,,2018-05-01,830.0,149.0,30365.39,30.0,0,50,15360,500,20,10,0.03,0.03,surf,330.0,99.0,15.0,9.9,2.9699999999999998,150.0,182.87
1328,Tamesha,Huber,20,"Minneapolis-St. Paul-Bloomington, MN-WI MSA",2018-02-10,surf,,2018-06-01,860.0,132.0,23829.72,24.0,0,50,15360,500,20,10,0.03,0.03,surf,360.0,82.0,9.0,10.799999999999999,2.46,90.0,123.25999999999999
1328,Tamesha,Huber,20,"Minneapolis-St. Paul-Bloomington, MN-WI MSA",2018-02-10,surf,,2018-07-01,903.0,164.0,36408.26,36.0,0,50,15360,500,20,10,0.03,0.03,surf,403.0,114.0,21.0,12.09,3.42,210.0,245.51
1328,Tamesha,Huber,20,"Minneapolis-St. Paul-Bloomington, MN-WI MSA",2018-02-10,surf,,2018-08-01,600.0,139.0,20790.01,21.0,0,50,15360,500,20,10,0.03,0.03,surf,100.0,89.0,6.0,3.0,2.67,60.0,85.67
1328,Tamesha,Huber,20,"Minneapolis-St. Paul-Bloomington, MN-WI MSA",2018-02-10,surf,,2018-09-01,658.0,153.0,21640.95,22.0,0,50,15360,500,20,10,0.03,0.03,surf,158.0,103.0,7.0,4.74,3.09,70.0,97.83
1328,Tamesha,Huber,20,"Minneapolis-St. Paul-Bloomington, MN-WI MSA",2018-02-10,surf,,2018-10-01,819.0,157.0,27937.46,28.0,0,50,15360,500,20,10,0.03,0.03,surf,319.0,107.0,13.0,9.57,3.21,130.0,162.78
1328,Tamesha,Huber,20,"Minneapolis-St. Paul-Bloomington, MN-WI MSA",2018-02-10,surf,,2018-11-01,797.0,150.0,28685.52,29.0,0,50,15360,500,20,10,0.03,0.03,surf,297.0,100.0,14.0,8.91,3.0,140.0,171.91
1328,Tamesha,Huber,20,"Minneapolis-St. Paul-Bloomington, MN-WI MSA",2018-02-10,surf,,2018-12-01,873.0,168.0,23305.21,23.0,0,50,15360,500,20,10,0.03,0.03,surf,373.0,118.0,8.0,11.19,3.54,80.0,114.72999999999999
1329,Doyle,Nunez,65,"Charleston-North Charleston, SC MSA",2018-08-25,ultimate,,2018-08-01,154.0,19.0,8187.5,8.0,1,1000,30720,3000,70,7,0.01,0.01,ultimate,0.0,0.0,0.0,0.0,0.0,0.0,70.0
1329,Doyle,Nunez,65,"Charleston-North Charleston, SC MSA",2018-08-25,ultimate,,2018-09-01,1219.0,91.0,26519.82,26.0,1,1000,30720,3000,70,7,0.01,0.01,ultimate,0.0,0.0,0.0,0.0,0.0,0.0,70.0
1329,Doyle,Nunez,65,"Charleston-North Charleston, SC MSA",2018-08-25,ultimate,,2018-10-01,1215.0,101.0,19957.28,20.0,1,1000,30720,3000,70,7,0.01,0.01,ultimate,0.0,0.0,0.0,0.0,0.0,0.0,70.0
1329,Doyle,Nunez,65,"Charleston-North Charleston, SC MSA",2018-08-25,ultimate,,2018-11-01,1197.0,89.0,26399.25,26.0,1,1000,30720,3000,70,7,0.01,0.01,ultimate,0.0,0.0,0.0,0.0,0.0,0.0,70.0
1329,Doyle,Nunez,65,"Charleston-North Charleston, SC MSA",2018-08-25,ultimate,,2018-12-01,1369.0,97.0,25859.4,26.0,1,1000,30720,3000,70,7,0.01,0.01,ultimate,0.0,0.0,0.0,0.0,0.0,0.0,70.0
1330,Tobi,Kinney,48,"Las Vegas-Henderson-Paradise, NV MSA",2018-11-06,ultimate,,2018-11-01,466.0,55.0,9707.17,10.0,1,1000,30720,3000,70,7,0.01,0.01,ultimate,0.0,0.0,0.0,0.0,0.0,0.0,70.0
1330,Tobi,Kinney,48,"Las Vegas-Henderson-Paradise, NV MSA",2018-11-06,ultimate,,2018-12-01,502.0,98.0,13301.48,13.0,1,1000,30720,3000,70,7,0.01,0.01,ultimate,0.0,0.0,0.0,0.0,0.0,0.0,70.0
1331,Lashandra,Ramos,54,"Dallas-Fort Worth-Arlington, TX MSA",2018-02-06,surf,,2018-08-01,401.0,88.0,16803.26,17.0,0,50,15360,500,20,10,0.03,0.03,surf,0.0,38.0,2.0,0.0,1.14,20.0,41.14
1331,Lashandra,Ramos,54,"Dallas-Fort Worth-Arlington, TX MSA",2018-02-06,surf,,2018-09-01,399.0,99.0,16532.12,17.0,0,50,15360,500,20,10,0.03,0.03,surf,0.0,49.0,2.0,0.0,1.47,20.0,41.47
1331,Lashandra,Ramos,54,"Dallas-Fort Worth-Arlington, TX MSA",2018-02-06,surf,,2018-10-01,299.0,85.0,16136.86,16.0,0,50,15360,500,20,10,0.03,0.03,surf,0.0,35.0,1.0,0.0,1.05,10.0,31.05
1331,Lashandra,Ramos,54,"Dallas-Fort Worth-Arlington, TX MSA",2018-02-06,surf,,2018-11-01,314.0,81.0,15076.86,15.0,0,50,15360,500,20,10,0.03,0.03,surf,0.0,31.0,0.0,0.0,0.9299999999999999,0.0,20.93
1331,Lashandra,Ramos,54,"Dallas-Fort Worth-Arlington, TX MSA",2018-02-06,surf,,2018-12-01,363.0,87.0,19941.420000000002,20.0,0,50,15360,500,20,10,0.03,0.03,surf,0.0,37.0,5.0,0.0,1.1099999999999999,50.0,71.11
1332,Lucas,Saunders,37,"Atlanta-Sandy Springs-Roswell, GA MSA",2018-03-12,surf,,2018-08-01,269.0,0.0,24322.34,24.0,0,50,15360,500,20,10,0.03,0.03,surf,0.0,0.0,9.0,0.0,0.0,90.0,110.0
1332,Lucas,Saunders,37,"Atlanta-Sandy Springs-Roswell, GA MSA",2018-03-12,surf,,2018-09-01,314.0,3.0,20557.87,21.0,0,50,15360,500,20,10,0.03,0.03,surf,0.0,0.0,6.0,0.0,0.0,60.0,80.0
1332,Lucas,Saunders,37,"Atlanta-Sandy Springs-Roswell, GA MSA",2018-03-12,surf,,2018-10-01,272.0,6.0,27824.6,28.0,0,50,15360,500,20,10,0.03,0.03,surf,0.0,0.0,13.0,0.0,0.0,130.0,150.0
1332,Lucas,Saunders,37,"Atlanta-Sandy Springs-Roswell, GA MSA",2018-03-12,surf,,2018-11-01,341.0,1.0,22035.85,22.0,0,50,15360,500,20,10,0.03,0.03,surf,0.0,0.0,7.0,0.0,0.0,70.0,90.0
1332,Lucas,Saunders,37,"Atlanta-Sandy Springs-Roswell, GA MSA",2018-03-12,surf,,2018-12-01,251.0,0.0,16736.15,17.0,0,50,15360,500,20,10,0.03,0.03,surf,0.0,0.0,2.0,0.0,0.0,20.0,40.0
1333,Macy,David,57,"Los Angeles-Long Beach-Anaheim, CA MSA",2018-11-24,ultimate,,2018-11-01,65.0,0.0,3883.26,4.0,1,1000,30720,3000,70,7,0.01,0.01,ultimate,0.0,0.0,0.0,0.0,0.0,0.0,70.0
1333,Macy,David,57,"Los Angeles-Long Beach-Anaheim, CA MSA",2018-11-24,ultimate,,2018-12-01,421.0,7.0,19292.0,19.0,1,1000,30720,3000,70,7,0.01,0.01,ultimate,0.0,0.0,0.0,0.0,0.0,0.0,70.0
1334,Donovan,Horton,34,"Seattle-Tacoma-Bellevue, WA MSA",2018-03-08,surf,,2018-03-01,134.0,1.0,3122.4700000000003,4.0,0,50,15360,500,20,10,0.03,0.03,surf,0.0,0.0,0.0,0.0,0.0,0.0,20.0
1334,Donovan,Horton,34,"Seattle-Tacoma-Bellevue, WA MSA",2018-03-08,surf,,2018-04-01,795.0,14.0,15474.76,16.0,0,50,15360,500,20,10,0.03,0.03,surf,295.0,0.0,1.0,8.85,0.0,10.0,38.85
1334,Donovan,Horton,34,"Seattle-Tacoma-Bellevue, WA MSA",2018-03-08,surf,,2018-05-01,1055.0,9.0,13006.869999999999,13.0,0,50,15360,500,20,10,0.03,0.03,surf,555.0,0.0,0.0,16.65,0.0,0.0,36.65
1334,Donovan,Horton,34,"Seattle-Tacoma-Bellevue, WA MSA",2018-03-08,surf,,2018-06-01,561.0,12.0,18091.93,18.0,0,50,15360,500,20,10,0.03,0.03,surf,61.0,0.0,3.0,1.8299999999999998,0.0,30.0,51.83
1334,Donovan,Horton,34,"Seattle-Tacoma-Bellevue, WA MSA",2018-03-08,surf,,2018-07-01,980.0,18.0,17745.79,18.0,0,50,15360,500,20,10,0.03,0.03,surf,480.0,0.0,3.0,14.399999999999999,0.0,30.0,64.4
1334,Donovan,Horton,34,"Seattle-Tacoma-Bellevue, WA MSA",2018-03-08,surf,,2018-08-01,864.0,14.0,18744.0,19.0,0,50,15360,500,20,10,0.03,0.03,surf,364.0,0.0,4.0,10.92,0.0,40.0,70.92
1334,Donovan,Horton,34,"Seattle-Tacoma-Bellevue, WA MSA",2018-03-08,surf,,2018-09-01,836.0,15.0,14448.75,15.0,0,50,15360,500,20,10,0.03,0.03,surf,336.0,0.0,0.0,10.08,0.0,0.0,30.08
1334,Donovan,Horton,34,"Seattle-Tacoma-Bellevue, WA MSA",2018-03-08,surf,,2018-10-01,808.0,17.0,22539.13,23.0,0,50,15360,500,20,10,0.03,0.03,surf,308.0,0.0,8.0,9.24,0.0,80.0,109.24000000000001
1334,Donovan,Horton,34,"Seattle-Tacoma-Bellevue, WA MSA",2018-03-08,surf,,2018-11-01,1021.0,13.0,18910.52,19.0,0,50,15360,500,20,10,0.03,0.03,surf,521.0,0.0,4.0,15.629999999999999,0.0,40.0,75.63
1334,Donovan,Horton,34,"Seattle-Tacoma-Bellevue, WA MSA",2018-03-08,surf,,2018-12-01,1066.0,17.0,14517.44,15.0,0,50,15360,500,20,10,0.03,0.03,surf,566.0,0.0,0.0,16.98,0.0,0.0,36.980000000000004
1335,Gail,Coleman,61,"Dallas-Fort Worth-Arlington, TX MSA",2018-06-02,surf,,2018-06-01,235.0,90.0,18534.14,19.0,0,50,15360,500,20,10,0.03,0.03,surf,0.0,40.0,4.0,0.0,1.2,40.0,61.2
1335,Gail,Coleman,61,"Dallas-Fort Worth-Arlington, TX MSA",2018-06-02,surf,,2018-07-01,454.0,99.0,19059.3,19.0,0,50,15360,500,20,10,0.03,0.03,surf,0.0,49.0,4.0,0.0,1.47,40.0,61.47
1335,Gail,Coleman,61,"Dallas-Fort Worth-Arlington, TX MSA",2018-06-02,surf,,2018-08-01,527.0,105.0,21283.21,21.0,0,50,15360,500,20,10,0.03,0.03,surf,27.0,55.0,6.0,0.8099999999999999,1.65,60.0,82.46
1335,Gail,Coleman,61,"Dallas-Fort Worth-Arlington, TX MSA",2018-06-02,surf,,2018-09-01,450.0,79.0,17646.62,18.0,0,50,15360,500,20,10,0.03,0.03,surf,0.0,29.0,3.0,0.0,0.87,30.0,50.870000000000005
1335,Gail,Coleman,61,"Dallas-Fort Worth-Arlington, TX MSA",2018-06-02,surf,,2018-10-01,323.0,100.0,15412.87,16.0,0,50,15360,500,20,10,0.03,0.03,surf,0.0,50.0,1.0,0.0,1.5,10.0,31.5
1335,Gail,Coleman,61,"Dallas-Fort Worth-Arlington, TX MSA",2018-06-02,surf,,2018-11-01,583.0,92.0,16938.26,17.0,0,50,15360,500,20,10,0.03,0.03,surf,83.0,42.0,2.0,2.4899999999999998,1.26,20.0,43.75
1335,Gail,Coleman,61,"Dallas-Fort Worth-Arlington, TX MSA",2018-06-02,surf,,2018-12-01,441.0,89.0,16815.88,17.0,0,50,15360,500,20,10,0.03,0.03,surf,0.0,39.0,2.0,0.0,1.17,20.0,41.17
1336,Vance,Bradshaw,34,"Portland-Vancouver-Hillsboro, OR-WA MSA",2018-04-04,surf,,2018-04-01,535.0,64.0,15947.11,16.0,0,50,15360,500,20,10,0.03,0.03,surf,35.0,14.0,1.0,1.05,0.42,10.0,31.470000000000002
1336,Vance,Bradshaw,34,"Portland-Vancouver-Hillsboro, OR-WA MSA",2018-04-04,surf,,2018-05-01,587.0,88.0,16958.73,17.0,0,50,15360,500,20,10,0.03,0.03,surf,87.0,38.0,2.0,2.61,1.14,20.0,43.75
1336,Vance,Bradshaw,34,"Portland-Vancouver-Hillsboro, OR-WA MSA",2018-04-04,surf,,2018-06-01,941.0,84.0,22761.56,23.0,0,50,15360,500,20,10,0.03,0.03,surf,441.0,34.0,8.0,13.229999999999999,1.02,80.0,114.25
1336,Vance,Bradshaw,34,"Portland-Vancouver-Hillsboro, OR-WA MSA",2018-04-04,surf,,2018-07-01,886.0,83.0,15982.41,16.0,0,50,15360,500,20,10,0.03,0.03,surf,386.0,33.0,1.0,11.58,0.99,10.0,42.57
1336,Vance,Bradshaw,34,"Portland-Vancouver-Hillsboro, OR-WA MSA",2018-04-04,surf,,2018-08-01,584.0,74.0,14404.64,15.0,0,50,15360,500,20,10,0.03,0.03,surf,84.0,24.0,0.0,2.52,0.72,0.0,23.24
1336,Vance,Bradshaw,34,"Portland-Vancouver-Hillsboro, OR-WA MSA",2018-04-04,surf,,2018-09-01,550.0,80.0,20770.59,21.0,0,50,15360,500,20,10,0.03,0.03,surf,50.0,30.0,6.0,1.5,0.8999999999999999,60.0,82.4
1336,Vance,Bradshaw,34,"Portland-Vancouver-Hillsboro, OR-WA MSA",2018-04-04,surf,,2018-10-01,728.0,78.0,19156.29,19.0,0,50,15360,500,20,10,0.03,0.03,surf,228.0,28.0,4.0,6.84,0.84,40.0,67.68
1336,Vance,Bradshaw,34,"Portland-Vancouver-Hillsboro, OR-WA MSA",2018-04-04,surf,,2018-11-01,756.0,77.0,17539.04,18.0,0,50,15360,500,20,10,0.03,0.03,surf,256.0,27.0,3.0,7.68,0.8099999999999999,30.0,58.489999999999995
1336,Vance,Bradshaw,34,"Portland-Vancouver-Hillsboro, OR-WA MSA",2018-04-04,surf,,2018-12-01,702.0,62.0,16760.65,17.0,0,50,15360,500,20,10,0.03,0.03,surf,202.0,12.0,2.0,6.06,0.36,20.0,46.42
1337,Lucius,Arnold,31,"Riverside-San Bernardino-Ontario, CA MSA",2018-03-11,surf,,2018-11-01,370.0,46.0,13300.93,13.0,0,50,15360,500,20,10,0.03,0.03,surf,0.0,0.0,0.0,0.0,0.0,0.0,20.0
1337,Lucius,Arnold,31,"Riverside-San Bernardino-Ontario, CA MSA",2018-03-11,surf,,2018-12-01,700.0,64.0,16976.91,17.0,0,50,15360,500,20,10,0.03,0.03,surf,200.0,14.0,2.0,6.0,0.42,20.0,46.42
1338,Janise,Bowman,21,"Minneapolis-St. Paul-Bloomington, MN-WI MSA",2018-08-09,surf,,2018-08-01,379.0,0.0,14470.47,15.0,0,50,15360,500,20,10,0.03,0.03,surf,0.0,0.0,0.0,0.0,0.0,0.0,20.0
1338,Janise,Bowman,21,"Minneapolis-St. Paul-Bloomington, MN-WI MSA",2018-08-09,surf,,2018-09-01,599.0,0.0,17778.67,18.0,0,50,15360,500,20,10,0.03,0.03,surf,99.0,0.0,3.0,2.9699999999999998,0.0,30.0,52.97
1338,Janise,Bowman,21,"Minneapolis-St. Paul-Bloomington, MN-WI MSA",2018-08-09,surf,,2018-10-01,645.0,0.0,15471.34,16.0,0,50,15360,500,20,10,0.03,0.03,surf,145.0,0.0,1.0,4.35,0.0,10.0,34.35
1338,Janise,Bowman,21,"Minneapolis-St. Paul-Bloomington, MN-WI MSA",2018-08-09,surf,,2018-11-01,786.0,0.0,11790.83,12.0,0,50,15360,500,20,10,0.03,0.03,surf,286.0,0.0,0.0,8.58,0.0,0.0,28.58
1338,Janise,Bowman,21,"Minneapolis-St. Paul-Bloomington, MN-WI MSA",2018-08-09,surf,,2018-12-01,471.0,0.0,22838.11,23.0,0,50,15360,500,20,10,0.03,0.03,surf,0.0,0.0,8.0,0.0,0.0,80.0,100.0
1339,Mariette,Mclean,27,"Charlotte-Concord-Gastonia, NC-SC MSA",2018-03-03,surf,,2018-05-01,25.0,59.0,3306.5800000000004,4.0,0,50,15360,500,20,10,0.03,0.03,surf,0.0,9.0,0.0,0.0,0.27,0.0,20.27
1339,Mariette,Mclean,27,"Charlotte-Concord-Gastonia, NC-SC MSA",2018-03-03,surf,,2018-06-01,30.0,71.0,4385.16,5.0,0,50,15360,500,20,10,0.03,0.03,surf,0.0,21.0,0.0,0.0,0.63,0.0,20.63
1339,Mariette,Mclean,27,"Charlotte-Concord-Gastonia, NC-SC MSA",2018-03-03,surf,,2018-07-01,31.0,78.0,3718.19,4.0,0,50,15360,500,20,10,0.03,0.03,surf,0.0,28.0,0.0,0.0,0.84,0.0,20.84
1339,Mariette,Mclean,27,"Charlotte-Concord-Gastonia, NC-SC MSA",2018-03-03,surf,,2018-08-01,41.0,76.0,3202.36,4.0,0,50,15360,500,20,10,0.03,0.03,surf,0.0,26.0,0.0,0.0,0.78,0.0,20.78
1339,Mariette,Mclean,27,"Charlotte-Concord-Gastonia, NC-SC MSA",2018-03-03,surf,,2018-09-01,2.0,90.0,3912.87,4.0,0,50,15360,500,20,10,0.03,0.03,surf,0.0,40.0,0.0,0.0,1.2,0.0,21.2
1339,Mariette,Mclean,27,"Charlotte-Concord-Gastonia, NC-SC MSA",2018-03-03,surf,,2018-10-01,34.0,74.0,2621.5,3.0,0,50,15360,500,20,10,0.03,0.03,surf,0.0,24.0,0.0,0.0,0.72,0.0,20.72
1339,Mariette,Mclean,27,"Charlotte-Concord-Gastonia, NC-SC MSA",2018-03-03,surf,,2018-11-01,10.0,74.0,3762.38,4.0,0,50,15360,500,20,10,0.03,0.03,surf,0.0,24.0,0.0,0.0,0.72,0.0,20.72
1339,Mariette,Mclean,27,"Charlotte-Concord-Gastonia, NC-SC MSA",2018-03-03,surf,,2018-12-01,17.0,86.0,3244.71,4.0,0,50,15360,500,20,10,0.03,0.03,surf,0.0,36.0,0.0,0.0,1.08,0.0,21.08
1340,Vanna,Stanton,65,"Dallas-Fort Worth-Arlington, TX MSA",2018-07-05,surf,,2018-08-01,46.0,8.0,0.0,0.0,0,50,15360,500,20,10,0.03,0.03,surf,0.0,0.0,0.0,0.0,0.0,0.0,20.0
1340,Vanna,Stanton,65,"Dallas-Fort Worth-Arlington, TX MSA",2018-07-05,surf,,2018-09-01,522.0,65.0,1206.47,2.0,0,50,15360,500,20,10,0.03,0.03,surf,22.0,15.0,0.0,0.6599999999999999,0.44999999999999996,0.0,21.11
1340,Vanna,Stanton,65,"Dallas-Fort Worth-Arlington, TX MSA",2018-07-05,surf,,2018-10-01,441.0,62.0,0.0,0.0,0,50,15360,500,20,10,0.03,0.03,surf,0.0,12.0,0.0,0.0,0.36,0.0,20.36
1340,Vanna,Stanton,65,"Dallas-Fort Worth-Arlington, TX MSA",2018-07-05,surf,,2018-11-01,655.0,49.0,951.91,1.0,0,50,15360,500,20,10,0.03,0.03,surf,155.0,0.0,0.0,4.6499999999999995,0.0,0.0,24.65
1340,Vanna,Stanton,65,"Dallas-Fort Worth-Arlington, TX MSA",2018-07-05,surf,,2018-12-01,526.0,66.0,1698.18,2.0,0,50,15360,500,20,10,0.03,0.03,surf,26.0,16.0,0.0,0.78,0.48,0.0,21.26
1341,Kaila,Andrews,28,"Chicago-Naperville-Elgin, IL-IN-WI MSA",2018-06-17,surf,,2018-10-01,488.0,44.0,10692.23,11.0,0,50,15360,500,20,10,0.03,0.03,surf,0.0,0.0,0.0,0.0,0.0,0.0,20.0
1341,Kaila,Andrews,28,"Chicago-Naperville-Elgin, IL-IN-WI MSA",2018-06-17,surf,,2018-11-01,690.0,75.0,22828.85,23.0,0,50,15360,500,20,10,0.03,0.03,surf,190.0,25.0,8.0,5.7,0.75,80.0,106.45
1341,Kaila,Andrews,28,"Chicago-Naperville-Elgin, IL-IN-WI MSA",2018-06-17,surf,,2018-12-01,674.0,70.0,24142.4,24.0,0,50,15360,500,20,10,0.03,0.03,surf,174.0,20.0,9.0,5.22,0.6,90.0,115.82
1342,Eugene,Patton,65,"Indianapolis-Carmel-Anderson, IN MSA",2018-10-21,surf,,2018-12-01,519.0,7.0,10998.39,11.0,0,50,15360,500,20,10,0.03,0.03,surf,19.0,0.0,0.0,0.57,0.0,0.0,20.57
1343,Teresia,Ewing,43,"Miami-Fort Lauderdale-West Palm Beach, FL MSA",2018-08-23,surf,,2018-08-01,115.0,38.0,6755.25,7.0,0,50,15360,500,20,10,0.03,0.03,surf,0.0,0.0,0.0,0.0,0.0,0.0,20.0
1343,Teresia,Ewing,43,"Miami-Fort Lauderdale-West Palm Beach, FL MSA",2018-08-23,surf,,2018-09-01,439.0,104.0,15977.470000000001,16.0,0,50,15360,500,20,10,0.03,0.03,surf,0.0,54.0,1.0,0.0,1.6199999999999999,10.0,31.62
1343,Teresia,Ewing,43,"Miami-Fort Lauderdale-West Palm Beach, FL MSA",2018-08-23,surf,,2018-10-01,450.0,137.0,25146.93,25.0,0,50,15360,500,20,10,0.03,0.03,surf,0.0,87.0,10.0,0.0,2.61,100.0,122.61
1343,Teresia,Ewing,43,"Miami-Fort Lauderdale-West Palm Beach, FL MSA",2018-08-23,surf,,2018-11-01,424.0,134.0,16400.25,17.0,0,50,15360,500,20,10,0.03,0.03,surf,0.0,84.0,2.0,0.0,2.52,20.0,42.519999999999996
1343,Teresia,Ewing,43,"Miami-Fort Lauderdale-West Palm Beach, FL MSA",2018-08-23,surf,,2018-12-01,476.0,115.0,20502.94,21.0,0,50,15360,500,20,10,0.03,0.03,surf,0.0,65.0,6.0,0.0,1.95,60.0,81.95
1344,Hugo,Daugherty,70,"New York-Newark-Jersey City, NY-NJ-PA MSA",2018-12-25,surf,,2018-12-01,42.0,14.0,4054.01,4.0,0,50,15360,500,20,10,0.03,0.03,surf,0.0,0.0,0.0,0.0,0.0,0.0,20.0
1345,Pasquale,Caldwell,26,"Los Angeles-Long Beach-Anaheim, CA MSA",2018-07-12,surf,,2018-10-01,200.0,3.0,7134.83,7.0,0,50,15360,500,20,10,0.03,0.03,surf,0.0,0.0,0.0,0.0,0.0,0.0,20.0
1345,Pasquale,Caldwell,26,"Los Angeles-Long Beach-Anaheim, CA MSA",2018-07-12,surf,,2018-11-01,483.0,13.0,8975.99,9.0,0,50,15360,500,20,10,0.03,0.03,surf,0.0,0.0,0.0,0.0,0.0,0.0,20.0
1345,Pasquale,Caldwell,26,"Los Angeles-Long Beach-Anaheim, CA MSA",2018-07-12,surf,,2018-12-01,594.0,20.0,10821.75,11.0,0,50,15360,500,20,10,0.03,0.03,surf,94.0,0.0,0.0,2.82,0.0,0.0,22.82
1346,Emmie,Gonzalez,59,"Tucson, AZ MSA",2018-04-26,ultimate,,2018-04-01,66.0,9.0,3755.7200000000003,4.0,1,1000,30720,3000,70,7,0.01,0.01,ultimate,0.0,0.0,0.0,0.0,0.0,0.0,70.0
1346,Emmie,Gonzalez,59,"Tucson, AZ MSA",2018-04-26,ultimate,,2018-05-01,250.0,53.0,17788.61,18.0,1,1000,30720,3000,70,7,0.01,0.01,ultimate,0.0,0.0,0.0,0.0,0.0,0.0,70.0
1346,Emmie,Gonzalez,59,"Tucson, AZ MSA",2018-04-26,ultimate,,2018-06-01,306.0,54.0,19357.52,19.0,1,1000,30720,3000,70,7,0.01,0.01,ultimate,0.0,0.0,0.0,0.0,0.0,0.0,70.0
1346,Emmie,Gonzalez,59,"Tucson, AZ MSA",2018-04-26,ultimate,,2018-07-01,436.0,44.0,18018.92,18.0,1,1000,30720,3000,70,7,0.01,0.01,ultimate,0.0,0.0,0.0,0.0,0.0,0.0,70.0
1346,Emmie,Gonzalez,59,"Tucson, AZ MSA",2018-04-26,ultimate,,2018-08-01,363.0,60.0,18292.01,18.0,1,1000,30720,3000,70,7,0.01,0.01,ultimate,0.0,0.0,0.0,0.0,0.0,0.0,70.0
1346,Emmie,Gonzalez,59,"Tucson, AZ MSA",2018-04-26,ultimate,,2018-09-01,416.0,61.0,18006.84,18.0,1,1000,30720,3000,70,7,0.01,0.01,ultimate,0.0,0.0,0.0,0.0,0.0,0.0,70.0
1346,Emmie,Gonzalez,59,"Tucson, AZ MSA",2018-04-26,ultimate,,2018-10-01,461.0,57.0,18522.15,19.0,1,1000,30720,3000,70,7,0.01,0.01,ultimate,0.0,0.0,0.0,0.0,0.0,0.0,70.0
1346,Emmie,Gonzalez,59,"Tucson, AZ MSA",2018-04-26,ultimate,,2018-11-01,249.0,61.0,19625.68,20.0,1,1000,30720,3000,70,7,0.01,0.01,ultimate,0.0,0.0,0.0,0.0,0.0,0.0,70.0
1346,Emmie,Gonzalez,59,"Tucson, AZ MSA",2018-04-26,ultimate,,2018-12-01,345.0,66.0,19142.64,19.0,1,1000,30720,3000,70,7,0.01,0.01,ultimate,0.0,0.0,0.0,0.0,0.0,0.0,70.0
1347,Trey,Lynch,65,"Charleston-North Charleston, SC MSA",2018-06-17,ultimate,,2018-07-01,24.0,3.0,522.18,1.0,1,1000,30720,3000,70,7,0.01,0.01,ultimate,0.0,0.0,0.0,0.0,0.0,0.0,70.0
1347,Trey,Lynch,65,"Charleston-North Charleston, SC MSA",2018-06-17,ultimate,,2018-08-01,526.0,85.0,20203.260000000002,20.0,1,1000,30720,3000,70,7,0.01,0.01,ultimate,0.0,0.0,0.0,0.0,0.0,0.0,70.0
1347,Trey,Lynch,65,"Charleston-North Charleston, SC MSA",2018-06-17,ultimate,,2018-09-01,490.0,69.0,13229.05,13.0,1,1000,30720,3000,70,7,0.01,0.01,ultimate,0.0,0.0,0.0,0.0,0.0,0.0,70.0
1347,Trey,Lynch,65,"Charleston-North Charleston, SC MSA",2018-06-17,ultimate,,2018-10-01,420.0,73.0,21673.95,22.0,1,1000,30720,3000,70,7,0.01,0.01,ultimate,0.0,0.0,0.0,0.0,0.0,0.0,70.0
1347,Trey,Lynch,65,"Charleston-North Charleston, SC MSA",2018-06-17,ultimate,,2018-11-01,425.0,71.0,23007.19,23.0,1,1000,30720,3000,70,7,0.01,0.01,ultimate,0.0,0.0,0.0,0.0,0.0,0.0,70.0
1347,Trey,Lynch,65,"Charleston-North Charleston, SC MSA",2018-06-17,ultimate,,2018-12-01,412.0,71.0,19117.2,19.0,1,1000,30720,3000,70,7,0.01,0.01,ultimate,0.0,0.0,0.0,0.0,0.0,0.0,70.0
1348,Carl,Rutledge,60,"Detroit-Warren-Dearborn, MI MSA",2018-10-05,surf,,2018-10-01,530.0,47.0,14708.01,15.0,0,50,15360,500,20,10,0.03,0.03,surf,30.0,0.0,0.0,0.8999999999999999,0.0,0.0,20.9
1348,Carl,Rutledge,60,"Detroit-Warren-Dearborn, MI MSA",2018-10-05,surf,,2018-11-01,757.0,39.0,13081.88,13.0,0,50,15360,500,20,10,0.03,0.03,surf,257.0,0.0,0.0,7.71,0.0,0.0,27.71
1348,Carl,Rutledge,60,"Detroit-Warren-Dearborn, MI MSA",2018-10-05,surf,,2018-12-01,779.0,56.0,13790.03,14.0,0,50,15360,500,20,10,0.03,0.03,surf,279.0,6.0,0.0,8.37,0.18,0.0,28.549999999999997
1349,Florentina,Diaz,69,"Boston-Cambridge-Newton, MA-NH MSA",2018-10-01,surf,,,0.0,0.0,0.0,0.0,0,50,15360,500,20,10,0.03,0.03,surf,0.0,0.0,0.0,0.0,0.0,0.0,20.0
1350,Al,Rasmussen,29,"Atlanta-Sandy Springs-Roswell, GA MSA",2018-03-09,surf,,2018-11-01,179.0,3.0,4673.01,5.0,0,50,15360,500,20,10,0.03,0.03,surf,0.0,0.0,0.0,0.0,0.0,0.0,20.0
1350,Al,Rasmussen,29,"Atlanta-Sandy Springs-Roswell, GA MSA",2018-03-09,surf,,2018-12-01,703.0,7.0,23837.95,24.0,0,50,15360,500,20,10,0.03,0.03,surf,203.0,0.0,9.0,6.09,0.0,90.0,116.09
1351,Kyle,Grimes,47,"San Antonio-New Braunfels, TX MSA",2018-09-05,ultimate,,2018-10-01,51.0,2.0,4823.99,5.0,1,1000,30720,3000,70,7,0.01,0.01,ultimate,0.0,0.0,0.0,0.0,0.0,0.0,70.0
1351,Kyle,Grimes,47,"San Antonio-New Braunfels, TX MSA",2018-09-05,ultimate,,2018-11-01,135.0,18.0,23475.94,23.0,1,1000,30720,3000,70,7,0.01,0.01,ultimate,0.0,0.0,0.0,0.0,0.0,0.0,70.0
1351,Kyle,Grimes,47,"San Antonio-New Braunfels, TX MSA",2018-09-05,ultimate,,2018-12-01,121.0,19.0,25367.78,25.0,1,1000,30720,3000,70,7,0.01,0.01,ultimate,0.0,0.0,0.0,0.0,0.0,0.0,70.0
1352,Gavin,Galloway,48,"Seattle-Tacoma-Bellevue, WA MSA",2018-09-08,ultimate,,2018-09-01,602.0,29.0,13135.2,13.0,1,1000,30720,3000,70,7,0.01,0.01,ultimate,0.0,0.0,0.0,0.0,0.0,0.0,70.0
1352,Gavin,Galloway,48,"Seattle-Tacoma-Bellevue, WA MSA",2018-09-08,ultimate,,2018-10-01,618.0,42.0,16150.11,16.0,1,1000,30720,3000,70,7,0.01,0.01,ultimate,0.0,0.0,0.0,0.0,0.0,0.0,70.0
1352,Gavin,Galloway,48,"Seattle-Tacoma-Bellevue, WA MSA",2018-09-08,ultimate,,2018-11-01,692.0,49.0,11790.11,12.0,1,1000,30720,3000,70,7,0.01,0.01,ultimate,0.0,0.0,0.0,0.0,0.0,0.0,70.0
1352,Gavin,Galloway,48,"Seattle-Tacoma-Bellevue, WA MSA",2018-09-08,ultimate,,2018-12-01,679.0,37.0,17506.18,18.0,1,1000,30720,3000,70,7,0.01,0.01,ultimate,0.0,0.0,0.0,0.0,0.0,0.0,70.0
1353,Emerson,Whitfield,56,"North Port-Sarasota-Bradenton, FL MSA",2018-03-27,surf,,2018-05-01,97.0,0.0,4799.35,5.0,0,50,15360,500,20,10,0.03,0.03,surf,0.0,0.0,0.0,0.0,0.0,0.0,20.0
1353,Emerson,Whitfield,56,"North Port-Sarasota-Bradenton, FL MSA",2018-03-27,surf,,2018-06-01,419.0,0.0,11831.38,12.0,0,50,15360,500,20,10,0.03,0.03,surf,0.0,0.0,0.0,0.0,0.0,0.0,20.0
1353,Emerson,Whitfield,56,"North Port-Sarasota-Bradenton, FL MSA",2018-03-27,surf,,2018-07-01,389.0,0.0,18882.97,19.0,0,50,15360,500,20,10,0.03,0.03,surf,0.0,0.0,4.0,0.0,0.0,40.0,60.0
1353,Emerson,Whitfield,56,"North Port-Sarasota-Bradenton, FL MSA",2018-03-27,surf,,2018-08-01,341.0,0.0,22103.11,22.0,0,50,15360,500,20,10,0.03,0.03,surf,0.0,0.0,7.0,0.0,0.0,70.0,90.0
1353,Emerson,Whitfield,56,"North Port-Sarasota-Bradenton, FL MSA",2018-03-27,surf,,2018-09-01,444.0,0.0,12464.66,13.0,0,50,15360,500,20,10,0.03,0.03,surf,0.0,0.0,0.0,0.0,0.0,0.0,20.0
1353,Emerson,Whitfield,56,"North Port-Sarasota-Bradenton, FL MSA",2018-03-27,surf,,2018-10-01,497.0,0.0,17800.2,18.0,0,50,15360,500,20,10,0.03,0.03,surf,0.0,0.0,3.0,0.0,0.0,30.0,50.0
1353,Emerson,Whitfield,56,"North Port-Sarasota-Bradenton, FL MSA",2018-03-27,surf,,2018-11-01,309.0,0.0,17435.7,18.0,0,50,15360,500,20,10,0.03,0.03,surf,0.0,0.0,3.0,0.0,0.0,30.0,50.0
1353,Emerson,Whitfield,56,"North Port-Sarasota-Bradenton, FL MSA",2018-03-27,surf,,2018-12-01,364.0,0.0,11757.24,12.0,0,50,15360,500,20,10,0.03,0.03,surf,0.0,0.0,0.0,0.0,0.0,0.0,20.0
1354,Leonel,Dyer,41,"New York-Newark-Jersey City, NY-NJ-PA MSA",2018-08-24,ultimate,,2018-08-01,182.0,8.0,4191.78,5.0,1,1000,30720,3000,70,7,0.01,0.01,ultimate,0.0,0.0,0.0,0.0,0.0,0.0,70.0
1354,Leonel,Dyer,41,"New York-Newark-Jersey City, NY-NJ-PA MSA",2018-08-24,ultimate,,2018-09-01,462.0,39.0,16230.36,16.0,1,1000,30720,3000,70,7,0.01,0.01,ultimate,0.0,0.0,0.0,0.0,0.0,0.0,70.0
1354,Leonel,Dyer,41,"New York-Newark-Jersey City, NY-NJ-PA MSA",2018-08-24,ultimate,,2018-10-01,499.0,35.0,17329.45,17.0,1,1000,30720,3000,70,7,0.01,0.01,ultimate,0.0,0.0,0.0,0.0,0.0,0.0,70.0
1354,Leonel,Dyer,41,"New York-Newark-Jersey City, NY-NJ-PA MSA",2018-08-24,ultimate,,2018-11-01,511.0,29.0,14823.28,15.0,1,1000,30720,3000,70,7,0.01,0.01,ultimate,0.0,0.0,0.0,0.0,0.0,0.0,70.0
1354,Leonel,Dyer,41,"New York-Newark-Jersey City, NY-NJ-PA MSA",2018-08-24,ultimate,,2018-12-01,544.0,44.0,18576.39,19.0,1,1000,30720,3000,70,7,0.01,0.01,ultimate,0.0,0.0,0.0,0.0,0.0,0.0,70.0
1355,Digna,Tyson,57,"Los Angeles-Long Beach-Anaheim, CA MSA",2018-10-07,surf,,2018-10-01,474.0,91.0,14624.16,15.0,0,50,15360,500,20,10,0.03,0.03,surf,0.0,41.0,0.0,0.0,1.23,0.0,21.23
1355,Digna,Tyson,57,"Los Angeles-Long Beach-Anaheim, CA MSA",2018-10-07,surf,,2018-11-01,612.0,100.0,14055.3,14.0,0,50,15360,500,20,10,0.03,0.03,surf,112.0,50.0,0.0,3.36,1.5,0.0,24.86
1355,Digna,Tyson,57,"Los Angeles-Long Beach-Anaheim, CA MSA",2018-10-07,surf,,2018-12-01,582.0,91.0,20128.09,20.0,0,50,15360,500,20,10,0.03,0.03,surf,82.0,41.0,5.0,2.46,1.23,50.0,73.69
1356,Hae,Ryan,46,"Milwaukee-Waukesha, WI MSA",2018-05-16,surf,,2018-09-01,45.0,13.0,8430.54,9.0,0,50,15360,500,20,10,0.03,0.03,surf,0.0,0.0,0.0,0.0,0.0,0.0,20.0
1356,Hae,Ryan,46,"Milwaukee-Waukesha, WI MSA",2018-05-16,surf,,2018-10-01,201.0,37.0,21034.88,21.0,0,50,15360,500,20,10,0.03,0.03,surf,0.0,0.0,6.0,0.0,0.0,60.0,80.0
1356,Hae,Ryan,46,"Milwaukee-Waukesha, WI MSA",2018-05-16,surf,,2018-11-01,184.0,25.0,16053.37,16.0,0,50,15360,500,20,10,0.03,0.03,surf,0.0,0.0,1.0,0.0,0.0,10.0,30.0
1356,Hae,Ryan,46,"Milwaukee-Waukesha, WI MSA",2018-05-16,surf,,2018-12-01,226.0,37.0,20225.01,20.0,0,50,15360,500,20,10,0.03,0.03,surf,0.0,0.0,5.0,0.0,0.0,50.0,70.0
1357,Ria,Beach,61,"Baton Rouge, LA MSA",2018-05-30,surf,,2018-05-01,16.0,1.0,1099.78,2.0,0,50,15360,500,20,10,0.03,0.03,surf,0.0,0.0,0.0,0.0,0.0,0.0,20.0
1357,Ria,Beach,61,"Baton Rouge, LA MSA",2018-05-30,surf,,2018-06-01,545.0,35.0,7956.58,8.0,0,50,15360,500,20,10,0.03,0.03,surf,45.0,0.0,0.0,1.3499999999999999,0.0,0.0,21.35
1357,Ria,Beach,61,"Baton Rouge, LA MSA",2018-05-30,surf,,2018-07-01,660.0,36.0,13514.5,14.0,0,50,15360,500,20,10,0.03,0.03,surf,160.0,0.0,0.0,4.8,0.0,0.0,24.8
1357,Ria,Beach,61,"Baton Rouge, LA MSA",2018-05-30,surf,,2018-08-01,556.0,50.0,19805.69,20.0,0,50,15360,500,20,10,0.03,0.03,surf,56.0,0.0,5.0,1.68,0.0,50.0,71.68
1357,Ria,Beach,61,"Baton Rouge, LA MSA",2018-05-30,surf,,2018-09-01,483.0,51.0,10072.15,10.0,0,50,15360,500,20,10,0.03,0.03,surf,0.0,1.0,0.0,0.0,0.03,0.0,20.03
1357,Ria,Beach,61,"Baton Rouge, LA MSA",2018-05-30,surf,,2018-10-01,52.0,4.0,1994.02,2.0,0,50,15360,500,20,10,0.03,0.03,surf,0.0,0.0,0.0,0.0,0.0,0.0,20.0
1358,Vaughn,Maldonado,20,"New York-Newark-Jersey City, NY-NJ-PA MSA",2018-04-26,surf,2018-10-22,2018-04-01,58.0,1.0,1689.01,2.0,0,50,15360,500,20,10,0.03,0.03,surf,0.0,0.0,0.0,0.0,0.0,0.0,20.0
1358,Vaughn,Maldonado,20,"New York-Newark-Jersey City, NY-NJ-PA MSA",2018-04-26,surf,2018-10-22,2018-05-01,539.0,6.0,18434.99,19.0,0,50,15360,500,20,10,0.03,0.03,surf,39.0,0.0,4.0,1.17,0.0,40.0,61.17
1358,Vaughn,Maldonado,20,"New York-Newark-Jersey City, NY-NJ-PA MSA",2018-04-26,surf,2018-10-22,2018-06-01,488.0,3.0,16931.05,17.0,0,50,15360,500,20,10,0.03,0.03,surf,0.0,0.0,2.0,0.0,0.0,20.0,40.0
1358,Vaughn,Maldonado,20,"New York-Newark-Jersey City, NY-NJ-PA MSA",2018-04-26,surf,2018-10-22,2018-07-01,369.0,3.0,18422.079999999998,18.0,0,50,15360,500,20,10,0.03,0.03,surf,0.0,0.0,3.0,0.0,0.0,30.0,50.0
1358,Vaughn,Maldonado,20,"New York-Newark-Jersey City, NY-NJ-PA MSA",2018-04-26,surf,2018-10-22,2018-08-01,528.0,4.0,17708.56,18.0,0,50,15360,500,20,10,0.03,0.03,surf,28.0,0.0,3.0,0.84,0.0,30.0,50.84
1358,Vaughn,Maldonado,20,"New York-Newark-Jersey City, NY-NJ-PA MSA",2018-04-26,surf,2018-10-22,2018-09-01,337.0,6.0,18290.43,18.0,0,50,15360,500,20,10,0.03,0.03,surf,0.0,0.0,3.0,0.0,0.0,30.0,50.0
1358,Vaughn,Maldonado,20,"New York-Newark-Jersey City, NY-NJ-PA MSA",2018-04-26,surf,2018-10-22,2018-10-01,339.0,2.0,11281.86,12.0,0,50,15360,500,20,10,0.03,0.03,surf,0.0,0.0,0.0,0.0,0.0,0.0,20.0
1359,Sherley,Norris,33,"Colorado Springs, CO MSA",2018-02-08,surf,,2018-02-01,266.0,0.0,20389.87,20.0,0,50,15360,500,20,10,0.03,0.03,surf,0.0,0.0,5.0,0.0,0.0,50.0,70.0
1359,Sherley,Norris,33,"Colorado Springs, CO MSA",2018-02-08,surf,,2018-03-01,480.0,0.0,30347.760000000002,30.0,0,50,15360,500,20,10,0.03,0.03,surf,0.0,0.0,15.0,0.0,0.0,150.0,170.0
1359,Sherley,Norris,33,"Colorado Springs, CO MSA",2018-02-08,surf,,2018-04-01,505.0,0.0,26441.94,26.0,0,50,15360,500,20,10,0.03,0.03,surf,5.0,0.0,11.0,0.15,0.0,110.0,130.15
1359,Sherley,Norris,33,"Colorado Springs, CO MSA",2018-02-08,surf,,2018-05-01,532.0,0.0,25211.489999999998,25.0,0,50,15360,500,20,10,0.03,0.03,surf,32.0,0.0,10.0,0.96,0.0,100.0,120.96000000000001
1359,Sherley,Norris,33,"Colorado Springs, CO MSA",2018-02-08,surf,,2018-06-01,498.0,0.0,22923.94,23.0,0,50,15360,500,20,10,0.03,0.03,surf,0.0,0.0,8.0,0.0,0.0,80.0,100.0
1359,Sherley,Norris,33,"Colorado Springs, CO MSA",2018-02-08,surf,,2018-07-01,478.0,0.0,29317.51,29.0,0,50,15360,500,20,10,0.03,0.03,surf,0.0,0.0,14.0,0.0,0.0,140.0,160.0
1359,Sherley,Norris,33,"Colorado Springs, CO MSA",2018-02-08,surf,,2018-08-01,443.0,0.0,34256.42,34.0,0,50,15360,500,20,10,0.03,0.03,surf,0.0,0.0,19.0,0.0,0.0,190.0,210.0
1359,Sherley,Norris,33,"Colorado Springs, CO MSA",2018-02-08,surf,,2018-09-01,347.0,0.0,30392.5,30.0,0,50,15360,500,20,10,0.03,0.03,surf,0.0,0.0,15.0,0.0,0.0,150.0,170.0
1359,Sherley,Norris,33,"Colorado Springs, CO MSA",2018-02-08,surf,,2018-10-01,433.0,0.0,27359.73,27.0,0,50,15360,500,20,10,0.03,0.03,surf,0.0,0.0,12.0,0.0,0.0,120.0,140.0
1359,Sherley,Norris,33,"Colorado Springs, CO MSA",2018-02-08,surf,,2018-11-01,389.0,0.0,27295.55,27.0,0,50,15360,500,20,10,0.03,0.03,surf,0.0,0.0,12.0,0.0,0.0,120.0,140.0
1359,Sherley,Norris,33,"Colorado Springs, CO MSA",2018-02-08,surf,,2018-12-01,449.0,0.0,32567.14,32.0,0,50,15360,500,20,10,0.03,0.03,surf,0.0,0.0,17.0,0.0,0.0,170.0,190.0
1360,Arturo,Mullins,75,"Charlotte-Concord-Gastonia, NC-SC MSA",2018-09-20,surf,,2018-12-01,814.0,0.0,24053.57,24.0,0,50,15360,500,20,10,0.03,0.03,surf,314.0,0.0,9.0,9.42,0.0,90.0,119.42
1361,Jacelyn,Hoffman,45,"Birmingham-Hoover, AL MSA",2018-04-14,surf,,2018-06-01,410.0,42.0,14532.0,15.0,0,50,15360,500,20,10,0.03,0.03,surf,0.0,0.0,0.0,0.0,0.0,0.0,20.0
1361,Jacelyn,Hoffman,45,"Birmingham-Hoover, AL MSA",2018-04-14,surf,,2018-07-01,378.0,41.0,10531.35,11.0,0,50,15360,500,20,10,0.03,0.03,surf,0.0,0.0,0.0,0.0,0.0,0.0,20.0
1361,Jacelyn,Hoffman,45,"Birmingham-Hoover, AL MSA",2018-04-14,surf,,2018-08-01,354.0,40.0,20762.43,21.0,0,50,15360,500,20,10,0.03,0.03,surf,0.0,0.0,6.0,0.0,0.0,60.0,80.0
1361,Jacelyn,Hoffman,45,"Birmingham-Hoover, AL MSA",2018-04-14,surf,,2018-09-01,345.0,36.0,16787.77,17.0,0,50,15360,500,20,10,0.03,0.03,surf,0.0,0.0,2.0,0.0,0.0,20.0,40.0
1361,Jacelyn,Hoffman,45,"Birmingham-Hoover, AL MSA",2018-04-14,surf,,2018-10-01,418.0,41.0,15002.949999999999,15.0,0,50,15360,500,20,10,0.03,0.03,surf,0.0,0.0,0.0,0.0,0.0,0.0,20.0
1361,Jacelyn,Hoffman,45,"Birmingham-Hoover, AL MSA",2018-04-14,surf,,2018-11-01,379.0,37.0,20289.99,20.0,0,50,15360,500,20,10,0.03,0.03,surf,0.0,0.0,5.0,0.0,0.0,50.0,70.0
1361,Jacelyn,Hoffman,45,"Birmingham-Hoover, AL MSA",2018-04-14,surf,,2018-12-01,505.0,49.0,17396.73,17.0,0,50,15360,500,20,10,0.03,0.03,surf,5.0,0.0,2.0,0.15,0.0,20.0,40.15
1362,Kenyetta,Mcknight,65,"Denver-Aurora-Lakewood, CO MSA",2018-01-18,surf,,2018-01-01,292.0,21.0,7894.79,8.0,0,50,15360,500,20,10,0.03,0.03,surf,0.0,0.0,0.0,0.0,0.0,0.0,20.0
1362,Kenyetta,Mcknight,65,"Denver-Aurora-Lakewood, CO MSA",2018-01-18,surf,,2018-02-01,811.0,58.0,10761.2,11.0,0,50,15360,500,20,10,0.03,0.03,surf,311.0,8.0,0.0,9.33,0.24,0.0,29.569999999999997
1362,Kenyetta,Mcknight,65,"Denver-Aurora-Lakewood, CO MSA",2018-01-18,surf,,2018-03-01,788.0,59.0,17327.65,17.0,0,50,15360,500,20,10,0.03,0.03,surf,288.0,9.0,2.0,8.64,0.27,20.0,48.91
1362,Kenyetta,Mcknight,65,"Denver-Aurora-Lakewood, CO MSA",2018-01-18,surf,,2018-04-01,643.0,42.0,12415.189999999999,13.0,0,50,15360,500,20,10,0.03,0.03,surf,143.0,0.0,0.0,4.29,0.0,0.0,24.29
1362,Kenyetta,Mcknight,65,"Denver-Aurora-Lakewood, CO MSA",2018-01-18,surf,,2018-05-01,594.0,65.0,13929.710000000001,14.0,0,50,15360,500,20,10,0.03,0.03,surf,94.0,15.0,0.0,2.82,0.44999999999999996,0.0,23.27
1362,Kenyetta,Mcknight,65,"Denver-Aurora-Lakewood, CO MSA",2018-01-18,surf,,2018-06-01,503.0,62.0,18594.87,19.0,0,50,15360,500,20,10,0.03,0.03,surf,3.0,12.0,4.0,0.09,0.36,40.0,60.45
1362,Kenyetta,Mcknight,65,"Denver-Aurora-Lakewood, CO MSA",2018-01-18,surf,,2018-07-01,955.0,55.0,15172.02,15.0,0,50,15360,500,20,10,0.03,0.03,surf,455.0,5.0,0.0,13.65,0.15,0.0,33.8
1362,Kenyetta,Mcknight,65,"Denver-Aurora-Lakewood, CO MSA",2018-01-18,surf,,2018-08-01,660.0,71.0,14741.83,15.0,0,50,15360,500,20,10,0.03,0.03,surf,160.0,21.0,0.0,4.8,0.63,0.0,25.43
1362,Kenyetta,Mcknight,65,"Denver-Aurora-Lakewood, CO MSA",2018-01-18,surf,,2018-09-01,620.0,53.0,12764.24,13.0,0,50,15360,500,20,10,0.03,0.03,surf,120.0,3.0,0.0,3.5999999999999996,0.09,0.0,23.69
1362,Kenyetta,Mcknight,65,"Denver-Aurora-Lakewood, CO MSA",2018-01-18,surf,,2018-10-01,659.0,69.0,14891.599999999999,15.0,0,50,15360,500,20,10,0.03,0.03,surf,159.0,19.0,0.0,4.77,0.57,0.0,25.34
1362,Kenyetta,Mcknight,65,"Denver-Aurora-Lakewood, CO MSA",2018-01-18,surf,,2018-11-01,721.0,55.0,13289.27,13.0,0,50,15360,500,20,10,0.03,0.03,surf,221.0,5.0,0.0,6.63,0.15,0.0,26.779999999999998
1362,Kenyetta,Mcknight,65,"Denver-Aurora-Lakewood, CO MSA",2018-01-18,surf,,2018-12-01,653.0,62.0,13833.4,14.0,0,50,15360,500,20,10,0.03,0.03,surf,153.0,12.0,0.0,4.59,0.36,0.0,24.95
1363,Sandee,Lott,33,"Seattle-Tacoma-Bellevue, WA MSA",2018-01-05,ultimate,2018-08-16,,0.0,0.0,0.0,0.0,1,1000,30720,3000,70,7,0.01,0.01,ultimate,0.0,0.0,0.0,0.0,0.0,0.0,70.0
1364,Clarine,Bonner,75,"San Diego-Chula Vista-Carlsbad, CA MSA",2018-08-09,surf,,2018-08-01,198.0,12.0,9403.85,10.0,0,50,15360,500,20,10,0.03,0.03,surf,0.0,0.0,0.0,0.0,0.0,0.0,20.0
1364,Clarine,Bonner,75,"San Diego-Chula Vista-Carlsbad, CA MSA",2018-08-09,surf,,2018-09-01,446.0,22.0,14818.32,15.0,0,50,15360,500,20,10,0.03,0.03,surf,0.0,0.0,0.0,0.0,0.0,0.0,20.0
1364,Clarine,Bonner,75,"San Diego-Chula Vista-Carlsbad, CA MSA",2018-08-09,surf,,2018-10-01,332.0,14.0,16001.05,16.0,0,50,15360,500,20,10,0.03,0.03,surf,0.0,0.0,1.0,0.0,0.0,10.0,30.0
1364,Clarine,Bonner,75,"San Diego-Chula Vista-Carlsbad, CA MSA",2018-08-09,surf,,2018-11-01,413.0,24.0,15198.470000000001,15.0,0,50,15360,500,20,10,0.03,0.03,surf,0.0,0.0,0.0,0.0,0.0,0.0,20.0
1364,Clarine,Bonner,75,"San Diego-Chula Vista-Carlsbad, CA MSA",2018-08-09,surf,,2018-12-01,354.0,20.0,18299.85,18.0,0,50,15360,500,20,10,0.03,0.03,surf,0.0,0.0,3.0,0.0,0.0,30.0,50.0
1365,Milford,Rush,19,"Grand Rapids-Kentwood, MI MSA",2018-02-09,surf,,2018-06-01,285.0,8.0,1021.3299999999999,1.0,0,50,15360,500,20,10,0.03,0.03,surf,0.0,0.0,0.0,0.0,0.0,0.0,20.0
1365,Milford,Rush,19,"Grand Rapids-Kentwood, MI MSA",2018-02-09,surf,,2018-07-01,1082.0,52.0,5979.39,6.0,0,50,15360,500,20,10,0.03,0.03,surf,582.0,2.0,0.0,17.46,0.06,0.0,37.52
1365,Milford,Rush,19,"Grand Rapids-Kentwood, MI MSA",2018-02-09,surf,,2018-08-01,1102.0,53.0,6337.42,7.0,0,50,15360,500,20,10,0.03,0.03,surf,602.0,3.0,0.0,18.06,0.09,0.0,38.150000000000006
1365,Milford,Rush,19,"Grand Rapids-Kentwood, MI MSA",2018-02-09,surf,,2018-09-01,1131.0,48.0,6785.66,7.0,0,50,15360,500,20,10,0.03,0.03,surf,631.0,0.0,0.0,18.93,0.0,0.0,38.93
1365,Milford,Rush,19,"Grand Rapids-Kentwood, MI MSA",2018-02-09,surf,,2018-10-01,1227.0,36.0,9291.87,10.0,0,50,15360,500,20,10,0.03,0.03,surf,727.0,0.0,0.0,21.81,0.0,0.0,41.81
1365,Milford,Rush,19,"Grand Rapids-Kentwood, MI MSA",2018-02-09,surf,,2018-11-01,1099.0,38.0,5833.38,6.0,0,50,15360,500,20,10,0.03,0.03,surf,599.0,0.0,0.0,17.97,0.0,0.0,37.97
1365,Milford,Rush,19,"Grand Rapids-Kentwood, MI MSA",2018-02-09,surf,,2018-12-01,1357.0,45.0,8219.25,9.0,0,50,15360,500,20,10,0.03,0.03,surf,857.0,0.0,0.0,25.709999999999997,0.0,0.0,45.709999999999994
1366,Rod,Huff,62,"Cincinnati, OH-KY-IN MSA",2018-07-30,surf,,2018-08-01,273.0,7.0,7086.05,7.0,0,50,15360,500,20,10,0.03,0.03,surf,0.0,0.0,0.0,0.0,0.0,0.0,20.0
1366,Rod,Huff,62,"Cincinnati, OH-KY-IN MSA",2018-07-30,surf,,2018-09-01,608.0,18.0,18379.32,18.0,0,50,15360,500,20,10,0.03,0.03,surf,108.0,0.0,3.0,3.2399999999999998,0.0,30.0,53.239999999999995
1366,Rod,Huff,62,"Cincinnati, OH-KY-IN MSA",2018-07-30,surf,,2018-10-01,651.0,12.0,20094.09,20.0,0,50,15360,500,20,10,0.03,0.03,surf,151.0,0.0,5.0,4.53,0.0,50.0,74.53
1366,Rod,Huff,62,"Cincinnati, OH-KY-IN MSA",2018-07-30,surf,,2018-11-01,656.0,19.0,18935.67,19.0,0,50,15360,500,20,10,0.03,0.03,surf,156.0,0.0,4.0,4.68,0.0,40.0,64.68
1366,Rod,Huff,62,"Cincinnati, OH-KY-IN MSA",2018-07-30,surf,,2018-12-01,685.0,19.0,19840.1,20.0,0,50,15360,500,20,10,0.03,0.03,surf,185.0,0.0,5.0,5.55,0.0,50.0,75.55
1367,Minh,Fischer,18,"Baltimore-Columbia-Towson, MD MSA",2018-07-23,surf,,2018-07-01,30.0,0.0,4797.96,5.0,0,50,15360,500,20,10,0.03,0.03,surf,0.0,0.0,0.0,0.0,0.0,0.0,20.0
1367,Minh,Fischer,18,"Baltimore-Columbia-Towson, MD MSA",2018-07-23,surf,,2018-08-01,158.0,0.0,19263.99,19.0,0,50,15360,500,20,10,0.03,0.03,surf,0.0,0.0,4.0,0.0,0.0,40.0,60.0
1367,Minh,Fischer,18,"Baltimore-Columbia-Towson, MD MSA",2018-07-23,surf,,2018-09-01,104.0,0.0,17124.37,17.0,0,50,15360,500,20,10,0.03,0.03,surf,0.0,0.0,2.0,0.0,0.0,20.0,40.0
1367,Minh,Fischer,18,"Baltimore-Columbia-Towson, MD MSA",2018-07-23,surf,,2018-10-01,195.0,0.0,19212.84,19.0,0,50,15360,500,20,10,0.03,0.03,surf,0.0,0.0,4.0,0.0,0.0,40.0,60.0
1367,Minh,Fischer,18,"Baltimore-Columbia-Towson, MD MSA",2018-07-23,surf,,2018-11-01,105.0,0.0,17176.25,17.0,0,50,15360,500,20,10,0.03,0.03,surf,0.0,0.0,2.0,0.0,0.0,20.0,40.0
1367,Minh,Fischer,18,"Baltimore-Columbia-Towson, MD MSA",2018-07-23,surf,,2018-12-01,195.0,0.0,18311.65,18.0,0,50,15360,500,20,10,0.03,0.03,surf,0.0,0.0,3.0,0.0,0.0,30.0,50.0
1368,Enola,Ray,60,"Pittsburgh, PA MSA",2018-05-20,ultimate,,2018-05-01,291.0,0.0,8049.06,8.0,1,1000,30720,3000,70,7,0.01,0.01,ultimate,0.0,0.0,0.0,0.0,0.0,0.0,70.0
1368,Enola,Ray,60,"Pittsburgh, PA MSA",2018-05-20,ultimate,,2018-06-01,719.0,0.0,18506.739999999998,19.0,1,1000,30720,3000,70,7,0.01,0.01,ultimate,0.0,0.0,0.0,0.0,0.0,0.0,70.0
1368,Enola,Ray,60,"Pittsburgh, PA MSA",2018-05-20,ultimate,,2018-07-01,426.0,0.0,15608.75,16.0,1,1000,30720,3000,70,7,0.01,0.01,ultimate,0.0,0.0,0.0,0.0,0.0,0.0,70.0
1368,Enola,Ray,60,"Pittsburgh, PA MSA",2018-05-20,ultimate,,2018-08-01,545.0,0.0,15974.84,16.0,1,1000,30720,3000,70,7,0.01,0.01,ultimate,0.0,0.0,0.0,0.0,0.0,0.0,70.0
1368,Enola,Ray,60,"Pittsburgh, PA MSA",2018-05-20,ultimate,,2018-09-01,520.0,0.0,16097.130000000001,16.0,1,1000,30720,3000,70,7,0.01,0.01,ultimate,0.0,0.0,0.0,0.0,0.0,0.0,70.0
1368,Enola,Ray,60,"Pittsburgh, PA MSA",2018-05-20,ultimate,,2018-10-01,501.0,0.0,15748.130000000001,16.0,1,1000,30720,3000,70,7,0.01,0.01,ultimate,0.0,0.0,0.0,0.0,0.0,0.0,70.0
1368,Enola,Ray,60,"Pittsburgh, PA MSA",2018-05-20,ultimate,,2018-11-01,533.0,0.0,20009.53,20.0,1,1000,30720,3000,70,7,0.01,0.01,ultimate,0.0,0.0,0.0,0.0,0.0,0.0,70.0
1368,Enola,Ray,60,"Pittsburgh, PA MSA",2018-05-20,ultimate,,2018-12-01,557.0,0.0,19930.15,20.0,1,1000,30720,3000,70,7,0.01,0.01,ultimate,0.0,0.0,0.0,0.0,0.0,0.0,70.0
1369,Bernard,Mckee,69,"Milwaukee-Waukesha, WI MSA",2018-10-06,surf,,2018-11-01,156.0,40.0,14111.37,14.0,0,50,15360,500,20,10,0.03,0.03,surf,0.0,0.0,0.0,0.0,0.0,0.0,20.0
1369,Bernard,Mckee,69,"Milwaukee-Waukesha, WI MSA",2018-10-06,surf,,2018-12-01,386.0,112.0,36721.64,36.0,0,50,15360,500,20,10,0.03,0.03,surf,0.0,62.0,21.0,0.0,1.8599999999999999,210.0,231.86
1370,Nenita,Vasquez,49,"San Diego-Chula Vista-Carlsbad, CA MSA",2018-09-12,ultimate,,2018-09-01,450.0,15.0,9120.39,9.0,1,1000,30720,3000,70,7,0.01,0.01,ultimate,0.0,0.0,0.0,0.0,0.0,0.0,70.0
1370,Nenita,Vasquez,49,"San Diego-Chula Vista-Carlsbad, CA MSA",2018-09-12,ultimate,,2018-10-01,638.0,28.0,17783.65,18.0,1,1000,30720,3000,70,7,0.01,0.01,ultimate,0.0,0.0,0.0,0.0,0.0,0.0,70.0
1370,Nenita,Vasquez,49,"San Diego-Chula Vista-Carlsbad, CA MSA",2018-09-12,ultimate,,2018-11-01,575.0,20.0,13425.23,14.0,1,1000,30720,3000,70,7,0.01,0.01,ultimate,0.0,0.0,0.0,0.0,0.0,0.0,70.0
1370,Nenita,Vasquez,49,"San Diego-Chula Vista-Carlsbad, CA MSA",2018-09-12,ultimate,,2018-12-01,712.0,30.0,14854.91,15.0,1,1000,30720,3000,70,7,0.01,0.01,ultimate,0.0,0.0,0.0,0.0,0.0,0.0,70.0
1371,Roderick,Slater,27,"Portland-Vancouver-Hillsboro, OR-WA MSA",2018-10-27,surf,,2018-10-01,6.0,5.0,2798.14,3.0,0,50,15360,500,20,10,0.03,0.03,surf,0.0,0.0,0.0,0.0,0.0,0.0,20.0
1371,Roderick,Slater,27,"Portland-Vancouver-Hillsboro, OR-WA MSA",2018-10-27,surf,,2018-11-01,444.0,49.0,17404.33,17.0,0,50,15360,500,20,10,0.03,0.03,surf,0.0,0.0,2.0,0.0,0.0,20.0,40.0
1371,Roderick,Slater,27,"Portland-Vancouver-Hillsboro, OR-WA MSA",2018-10-27,surf,,2018-12-01,439.0,30.0,22576.56,23.0,0,50,15360,500,20,10,0.03,0.03,surf,0.0,0.0,8.0,0.0,0.0,80.0,100.0
1372,Patria,Kim,26,"New York-Newark-Jersey City, NY-NJ-PA MSA",2018-10-08,surf,,2018-12-01,405.0,54.0,18896.61,19.0,0,50,15360,500,20,10,0.03,0.03,surf,0.0,4.0,4.0,0.0,0.12,40.0,60.120000000000005
1373,Lindsey,Dickerson,21,"Minneapolis-St. Paul-Bloomington, MN-WI MSA",2018-08-30,ultimate,,2018-09-01,397.0,27.0,9103.43,9.0,1,1000,30720,3000,70,7,0.01,0.01,ultimate,0.0,0.0,0.0,0.0,0.0,0.0,70.0
1373,Lindsey,Dickerson,21,"Minneapolis-St. Paul-Bloomington, MN-WI MSA",2018-08-30,ultimate,,2018-10-01,785.0,75.0,32574.06,32.0,1,1000,30720,3000,70,7,0.01,0.01,ultimate,0.0,0.0,2.0,0.0,0.0,14.0,84.0
1373,Lindsey,Dickerson,21,"Minneapolis-St. Paul-Bloomington, MN-WI MSA",2018-08-30,ultimate,,2018-11-01,827.0,66.0,27351.95,27.0,1,1000,30720,3000,70,7,0.01,0.01,ultimate,0.0,0.0,0.0,0.0,0.0,0.0,70.0
1373,Lindsey,Dickerson,21,"Minneapolis-St. Paul-Bloomington, MN-WI MSA",2018-08-30,ultimate,,2018-12-01,726.0,76.0,36757.9,36.0,1,1000,30720,3000,70,7,0.01,0.01,ultimate,0.0,0.0,6.0,0.0,0.0,42.0,112.0
1374,Ching,Watts,55,"Louisville/Jefferson County, KY-IN MSA",2018-02-14,surf,,2018-04-01,28.0,5.0,2383.4300000000003,3.0,0,50,15360,500,20,10,0.03,0.03,surf,0.0,0.0,0.0,0.0,0.0,0.0,20.0
1374,Ching,Watts,55,"Louisville/Jefferson County, KY-IN MSA",2018-02-14,surf,,2018-05-01,389.0,67.0,30137.06,30.0,0,50,15360,500,20,10,0.03,0.03,surf,0.0,17.0,15.0,0.0,0.51,150.0,170.51
1374,Ching,Watts,55,"Louisville/Jefferson County, KY-IN MSA",2018-02-14,surf,,2018-06-01,414.0,66.0,35662.92,35.0,0,50,15360,500,20,10,0.03,0.03,surf,0.0,16.0,20.0,0.0,0.48,200.0,220.48
1374,Ching,Watts,55,"Louisville/Jefferson County, KY-IN MSA",2018-02-14,surf,,2018-07-01,380.0,63.0,32782.54,33.0,0,50,15360,500,20,10,0.03,0.03,surf,0.0,13.0,18.0,0.0,0.39,180.0,200.39
1374,Ching,Watts,55,"Louisville/Jefferson County, KY-IN MSA",2018-02-14,surf,,2018-08-01,274.0,71.0,37771.04,37.0,0,50,15360,500,20,10,0.03,0.03,surf,0.0,21.0,22.0,0.0,0.63,220.0,240.63
1374,Ching,Watts,55,"Louisville/Jefferson County, KY-IN MSA",2018-02-14,surf,,2018-09-01,280.0,61.0,21867.59,22.0,0,50,15360,500,20,10,0.03,0.03,surf,0.0,11.0,7.0,0.0,0.32999999999999996,70.0,90.33
1374,Ching,Watts,55,"Louisville/Jefferson County, KY-IN MSA",2018-02-14,surf,,2018-10-01,255.0,80.0,30118.56,30.0,0,50,15360,500,20,10,0.03,0.03,surf,0.0,30.0,15.0,0.0,0.8999999999999999,150.0,170.9
1374,Ching,Watts,55,"Louisville/Jefferson County, KY-IN MSA",2018-02-14,surf,,2018-11-01,316.0,80.0,25042.12,25.0,0,50,15360,500,20,10,0.03,0.03,surf,0.0,30.0,10.0,0.0,0.8999999999999999,100.0,120.9
1374,Ching,Watts,55,"Louisville/Jefferson County, KY-IN MSA",2018-02-14,surf,,2018-12-01,272.0,83.0,29769.14,30.0,0,50,15360,500,20,10,0.03,0.03,surf,0.0,33.0,15.0,0.0,0.99,150.0,170.99
1375,Andy,Holden,69,"Philadelphia-Camden-Wilmington, PA-NJ-DE-MD MSA",2018-12-01,surf,,2018-12-01,276.0,81.0,13623.69,14.0,0,50,15360,500,20,10,0.03,0.03,surf,0.0,31.0,0.0,0.0,0.9299999999999999,0.0,20.93
1376,Mika,Williams,58,"Columbia, SC MSA",2018-04-16,ultimate,,2018-11-01,477.0,13.0,19320.3,19.0,1,1000,30720,3000,70,7,0.01,0.01,ultimate,0.0,0.0,0.0,0.0,0.0,0.0,70.0
1376,Mika,Williams,58,"Columbia, SC MSA",2018-04-16,ultimate,,2018-12-01,551.0,9.0,16708.54,17.0,1,1000,30720,3000,70,7,0.01,0.01,ultimate,0.0,0.0,0.0,0.0,0.0,0.0,70.0
1377,Vallie,Conway,18,"Rochester, NY MSA",2018-03-27,surf,,2018-07-01,156.0,3.0,7818.31,8.0,0,50,15360,500,20,10,0.03,0.03,surf,0.0,0.0,0.0,0.0,0.0,0.0,20.0
1377,Vallie,Conway,18,"Rochester, NY MSA",2018-03-27,surf,,2018-08-01,476.0,6.0,26388.18,26.0,0,50,15360,500,20,10,0.03,0.03,surf,0.0,0.0,11.0,0.0,0.0,110.0,130.0
1377,Vallie,Conway,18,"Rochester, NY MSA",2018-03-27,surf,,2018-09-01,454.0,0.0,21217.58,21.0,0,50,15360,500,20,10,0.03,0.03,surf,0.0,0.0,6.0,0.0,0.0,60.0,80.0
1377,Vallie,Conway,18,"Rochester, NY MSA",2018-03-27,surf,,2018-10-01,579.0,6.0,18502.16,19.0,0,50,15360,500,20,10,0.03,0.03,surf,79.0,0.0,4.0,2.37,0.0,40.0,62.370000000000005
1377,Vallie,Conway,18,"Rochester, NY MSA",2018-03-27,surf,,2018-11-01,336.0,2.0,21815.05,22.0,0,50,15360,500,20,10,0.03,0.03,surf,0.0,0.0,7.0,0.0,0.0,70.0,90.0
1377,Vallie,Conway,18,"Rochester, NY MSA",2018-03-27,surf,,2018-12-01,364.0,1.0,23570.07,24.0,0,50,15360,500,20,10,0.03,0.03,surf,0.0,0.0,9.0,0.0,0.0,90.0,110.0
1378,Mckinley,Clayton,22,"Denver-Aurora-Lakewood, CO MSA",2018-12-17,surf,,,0.0,0.0,0.0,0.0,0,50,15360,500,20,10,0.03,0.03,surf,0.0,0.0,0.0,0.0,0.0,0.0,20.0
1379,Jarrett,Spencer,34,"Grand Rapids-Kentwood, MI MSA",2018-10-18,surf,,2018-11-01,259.0,28.0,17772.3,18.0,0,50,15360,500,20,10,0.03,0.03,surf,0.0,0.0,3.0,0.0,0.0,30.0,50.0
1379,Jarrett,Spencer,34,"Grand Rapids-Kentwood, MI MSA",2018-10-18,surf,,2018-12-01,1103.0,126.0,70931.59,70.0,0,50,15360,500,20,10,0.03,0.03,surf,603.0,76.0,55.0,18.09,2.28,550.0,590.37
1380,Lajuana,Kelley,35,"San Jose-Sunnyvale-Santa Clara, CA MSA",2018-09-04,ultimate,,2018-09-01,402.0,48.0,15455.84,16.0,1,1000,30720,3000,70,7,0.01,0.01,ultimate,0.0,0.0,0.0,0.0,0.0,0.0,70.0
1380,Lajuana,Kelley,35,"San Jose-Sunnyvale-Santa Clara, CA MSA",2018-09-04,ultimate,,2018-10-01,535.0,53.0,19458.39,20.0,1,1000,30720,3000,70,7,0.01,0.01,ultimate,0.0,0.0,0.0,0.0,0.0,0.0,70.0
1380,Lajuana,Kelley,35,"San Jose-Sunnyvale-Santa Clara, CA MSA",2018-09-04,ultimate,,2018-11-01,421.0,67.0,18413.87,18.0,1,1000,30720,3000,70,7,0.01,0.01,ultimate,0.0,0.0,0.0,0.0,0.0,0.0,70.0
1380,Lajuana,Kelley,35,"San Jose-Sunnyvale-Santa Clara, CA MSA",2018-09-04,ultimate,,2018-12-01,573.0,42.0,23857.53,24.0,1,1000,30720,3000,70,7,0.01,0.01,ultimate,0.0,0.0,0.0,0.0,0.0,0.0,70.0
1381,German,Burris,44,"Austin-Round Rock-Georgetown, TX MSA",2018-08-30,surf,,2018-09-01,179.0,63.0,11830.35,12.0,0,50,15360,500,20,10,0.03,0.03,surf,0.0,13.0,0.0,0.0,0.39,0.0,20.39
1381,German,Burris,44,"Austin-Round Rock-Georgetown, TX MSA",2018-08-30,surf,,2018-10-01,502.0,224.0,25191.23,25.0,0,50,15360,500,20,10,0.03,0.03,surf,2.0,174.0,10.0,0.06,5.22,100.0,125.28
1381,German,Burris,44,"Austin-Round Rock-Georgetown, TX MSA",2018-08-30,surf,,2018-11-01,472.0,180.0,23676.260000000002,24.0,0,50,15360,500,20,10,0.03,0.03,surf,0.0,130.0,9.0,0.0,3.9,90.0,113.9
1381,German,Burris,44,"Austin-Round Rock-Georgetown, TX MSA",2018-08-30,surf,,2018-12-01,514.0,157.0,21430.02,21.0,0,50,15360,500,20,10,0.03,0.03,surf,14.0,107.0,6.0,0.42,3.21,60.0,83.63
1382,Luci,Kidd,49,"San Diego-Chula Vista-Carlsbad, CA MSA",2018-06-22,ultimate,,2018-06-01,343.0,14.0,2652.67,3.0,1,1000,30720,3000,70,7,0.01,0.01,ultimate,0.0,0.0,0.0,0.0,0.0,0.0,70.0
1382,Luci,Kidd,49,"San Diego-Chula Vista-Carlsbad, CA MSA",2018-06-22,ultimate,,2018-07-01,1095.0,52.0,13018.42,13.0,1,1000,30720,3000,70,7,0.01,0.01,ultimate,0.0,0.0,0.0,0.0,0.0,0.0,70.0
1382,Luci,Kidd,49,"San Diego-Chula Vista-Carlsbad, CA MSA",2018-06-22,ultimate,,2018-08-01,1292.0,53.0,12711.72,13.0,1,1000,30720,3000,70,7,0.01,0.01,ultimate,0.0,0.0,0.0,0.0,0.0,0.0,70.0
1382,Luci,Kidd,49,"San Diego-Chula Vista-Carlsbad, CA MSA",2018-06-22,ultimate,,2018-09-01,1232.0,49.0,17098.71,17.0,1,1000,30720,3000,70,7,0.01,0.01,ultimate,0.0,0.0,0.0,0.0,0.0,0.0,70.0
1382,Luci,Kidd,49,"San Diego-Chula Vista-Carlsbad, CA MSA",2018-06-22,ultimate,,2018-10-01,1014.0,50.0,13547.0,14.0,1,1000,30720,3000,70,7,0.01,0.01,ultimate,0.0,0.0,0.0,0.0,0.0,0.0,70.0
1382,Luci,Kidd,49,"San Diego-Chula Vista-Carlsbad, CA MSA",2018-06-22,ultimate,,2018-11-01,1111.0,66.0,10000.14,10.0,1,1000,30720,3000,70,7,0.01,0.01,ultimate,0.0,0.0,0.0,0.0,0.0,0.0,70.0
1382,Luci,Kidd,49,"San Diego-Chula Vista-Carlsbad, CA MSA",2018-06-22,ultimate,,2018-12-01,1295.0,52.0,10969.81,11.0,1,1000,30720,3000,70,7,0.01,0.01,ultimate,0.0,0.0,0.0,0.0,0.0,0.0,70.0
1383,Margarito,Mccoy,52,"Tampa-St. Petersburg-Clearwater, FL MSA",2018-10-10,ultimate,,2018-10-01,248.0,31.0,12730.13,13.0,1,1000,30720,3000,70,7,0.01,0.01,ultimate,0.0,0.0,0.0,0.0,0.0,0.0,70.0
1383,Margarito,Mccoy,52,"Tampa-St. Petersburg-Clearwater, FL MSA",2018-10-10,ultimate,,2018-11-01,534.0,40.0,19636.23,20.0,1,1000,30720,3000,70,7,0.01,0.01,ultimate,0.0,0.0,0.0,0.0,0.0,0.0,70.0
1383,Margarito,Mccoy,52,"Tampa-St. Petersburg-Clearwater, FL MSA",2018-10-10,ultimate,,2018-12-01,460.0,48.0,24238.73,24.0,1,1000,30720,3000,70,7,0.01,0.01,ultimate,0.0,0.0,0.0,0.0,0.0,0.0,70.0
1384,Dominique,Good,36,"Philadelphia-Camden-Wilmington, PA-NJ-DE-MD MSA",2018-06-09,ultimate,,2018-06-01,182.0,59.0,15320.45,15.0,1,1000,30720,3000,70,7,0.01,0.01,ultimate,0.0,0.0,0.0,0.0,0.0,0.0,70.0
1384,Dominique,Good,36,"Philadelphia-Camden-Wilmington, PA-NJ-DE-MD MSA",2018-06-09,ultimate,,2018-07-01,216.0,98.0,25450.13,25.0,1,1000,30720,3000,70,7,0.01,0.01,ultimate,0.0,0.0,0.0,0.0,0.0,0.0,70.0
1384,Dominique,Good,36,"Philadelphia-Camden-Wilmington, PA-NJ-DE-MD MSA",2018-06-09,ultimate,,2018-08-01,232.0,92.0,19284.27,19.0,1,1000,30720,3000,70,7,0.01,0.01,ultimate,0.0,0.0,0.0,0.0,0.0,0.0,70.0
1384,Dominique,Good,36,"Philadelphia-Camden-Wilmington, PA-NJ-DE-MD MSA",2018-06-09,ultimate,,2018-09-01,245.0,72.0,17950.09,18.0,1,1000,30720,3000,70,7,0.01,0.01,ultimate,0.0,0.0,0.0,0.0,0.0,0.0,70.0
1384,Dominique,Good,36,"Philadelphia-Camden-Wilmington, PA-NJ-DE-MD MSA",2018-06-09,ultimate,,2018-10-01,369.0,83.0,25108.7,25.0,1,1000,30720,3000,70,7,0.01,0.01,ultimate,0.0,0.0,0.0,0.0,0.0,0.0,70.0
1384,Dominique,Good,36,"Philadelphia-Camden-Wilmington, PA-NJ-DE-MD MSA",2018-06-09,ultimate,,2018-11-01,200.0,73.0,18786.93,19.0,1,1000,30720,3000,70,7,0.01,0.01,ultimate,0.0,0.0,0.0,0.0,0.0,0.0,70.0
1384,Dominique,Good,36,"Philadelphia-Camden-Wilmington, PA-NJ-DE-MD MSA",2018-06-09,ultimate,,2018-12-01,226.0,93.0,22372.07,22.0,1,1000,30720,3000,70,7,0.01,0.01,ultimate,0.0,0.0,0.0,0.0,0.0,0.0,70.0
1385,Nohemi,Erickson,52,"New York-Newark-Jersey City, NY-NJ-PA MSA",2018-01-19,surf,,2018-03-01,75.0,4.0,1995.3600000000001,2.0,0,50,15360,500,20,10,0.03,0.03,surf,0.0,0.0,0.0,0.0,0.0,0.0,20.0
1385,Nohemi,Erickson,52,"New York-Newark-Jersey City, NY-NJ-PA MSA",2018-01-19,surf,,2018-04-01,620.0,36.0,11963.56,12.0,0,50,15360,500,20,10,0.03,0.03,surf,120.0,0.0,0.0,3.5999999999999996,0.0,0.0,23.6
1385,Nohemi,Erickson,52,"New York-Newark-Jersey City, NY-NJ-PA MSA",2018-01-19,surf,,2018-05-01,547.0,38.0,15323.26,15.0,0,50,15360,500,20,10,0.03,0.03,surf,47.0,0.0,0.0,1.41,0.0,0.0,21.41
1385,Nohemi,Erickson,52,"New York-Newark-Jersey City, NY-NJ-PA MSA",2018-01-19,surf,,2018-06-01,546.0,28.0,12958.42,13.0,0,50,15360,500,20,10,0.03,0.03,surf,46.0,0.0,0.0,1.38,0.0,0.0,21.38
1385,Nohemi,Erickson,52,"New York-Newark-Jersey City, NY-NJ-PA MSA",2018-01-19,surf,,2018-07-01,494.0,55.0,17677.38,18.0,0,50,15360,500,20,10,0.03,0.03,surf,0.0,5.0,3.0,0.0,0.15,30.0,50.15
1385,Nohemi,Erickson,52,"New York-Newark-Jersey City, NY-NJ-PA MSA",2018-01-19,surf,,2018-08-01,298.0,36.0,15329.76,15.0,0,50,15360,500,20,10,0.03,0.03,surf,0.0,0.0,0.0,0.0,0.0,0.0,20.0
1385,Nohemi,Erickson,52,"New York-Newark-Jersey City, NY-NJ-PA MSA",2018-01-19,surf,,2018-09-01,416.0,29.0,17843.89,18.0,0,50,15360,500,20,10,0.03,0.03,surf,0.0,0.0,3.0,0.0,0.0,30.0,50.0
1385,Nohemi,Erickson,52,"New York-Newark-Jersey City, NY-NJ-PA MSA",2018-01-19,surf,,2018-10-01,481.0,43.0,16258.1,16.0,0,50,15360,500,20,10,0.03,0.03,surf,0.0,0.0,1.0,0.0,0.0,10.0,30.0
1385,Nohemi,Erickson,52,"New York-Newark-Jersey City, NY-NJ-PA MSA",2018-01-19,surf,,2018-11-01,347.0,38.0,20535.2,21.0,0,50,15360,500,20,10,0.03,0.03,surf,0.0,0.0,6.0,0.0,0.0,60.0,80.0
1385,Nohemi,Erickson,52,"New York-Newark-Jersey City, NY-NJ-PA MSA",2018-01-19,surf,,2018-12-01,563.0,43.0,16602.79,17.0,0,50,15360,500,20,10,0.03,0.03,surf,63.0,0.0,2.0,1.89,0.0,20.0,41.89
1386,Jeni,Gilbert,30,"Seattle-Tacoma-Bellevue, WA MSA",2018-04-11,surf,,2018-11-01,236.0,12.0,6493.4400000000005,7.0,0,50,15360,500,20,10,0.03,0.03,surf,0.0,0.0,0.0,0.0,0.0,0.0,20.0
1386,Jeni,Gilbert,30,"Seattle-Tacoma-Bellevue, WA MSA",2018-04-11,surf,,2018-12-01,271.0,28.0,21874.71,22.0,0,50,15360,500,20,10,0.03,0.03,surf,0.0,0.0,7.0,0.0,0.0,70.0,90.0
1387,Raymonde,Lowe,28,"Bridgeport-Stamford-Norwalk, CT MSA",2018-05-25,surf,,2018-08-01,383.0,15.0,15048.75,15.0,0,50,15360,500,20,10,0.03,0.03,surf,0.0,0.0,0.0,0.0,0.0,0.0,20.0
1387,Raymonde,Lowe,28,"Bridgeport-Stamford-Norwalk, CT MSA",2018-05-25,surf,,2018-09-01,513.0,18.0,22529.03,23.0,0,50,15360,500,20,10,0.03,0.03,surf,13.0,0.0,8.0,0.39,0.0,80.0,100.39
1387,Raymonde,Lowe,28,"Bridgeport-Stamford-Norwalk, CT MSA",2018-05-25,surf,,2018-10-01,510.0,17.0,20679.39,21.0,0,50,15360,500,20,10,0.03,0.03,surf,10.0,0.0,6.0,0.3,0.0,60.0,80.3
1387,Raymonde,Lowe,28,"Bridgeport-Stamford-Norwalk, CT MSA",2018-05-25,surf,,2018-11-01,654.0,13.0,18819.49,19.0,0,50,15360,500,20,10,0.03,0.03,surf,154.0,0.0,4.0,4.62,0.0,40.0,64.62
1387,Raymonde,Lowe,28,"Bridgeport-Stamford-Norwalk, CT MSA",2018-05-25,surf,,2018-12-01,466.0,17.0,20847.72,21.0,0,50,15360,500,20,10,0.03,0.03,surf,0.0,0.0,6.0,0.0,0.0,60.0,80.0
1388,Thu,Noel,75,"New York-Newark-Jersey City, NY-NJ-PA MSA",2018-03-28,ultimate,,2018-12-01,302.0,98.0,13262.79,13.0,1,1000,30720,3000,70,7,0.01,0.01,ultimate,0.0,0.0,0.0,0.0,0.0,0.0,70.0
1389,Earleen,Glass,18,"Miami-Fort Lauderdale-West Palm Beach, FL MSA",2018-05-06,ultimate,,2018-05-01,417.0,0.0,13713.87,14.0,1,1000,30720,3000,70,7,0.01,0.01,ultimate,0.0,0.0,0.0,0.0,0.0,0.0,70.0
1389,Earleen,Glass,18,"Miami-Fort Lauderdale-West Palm Beach, FL MSA",2018-05-06,ultimate,,2018-06-01,597.0,0.0,22296.51,22.0,1,1000,30720,3000,70,7,0.01,0.01,ultimate,0.0,0.0,0.0,0.0,0.0,0.0,70.0
1389,Earleen,Glass,18,"Miami-Fort Lauderdale-West Palm Beach, FL MSA",2018-05-06,ultimate,,2018-07-01,492.0,0.0,17489.45,18.0,1,1000,30720,3000,70,7,0.01,0.01,ultimate,0.0,0.0,0.0,0.0,0.0,0.0,70.0
1389,Earleen,Glass,18,"Miami-Fort Lauderdale-West Palm Beach, FL MSA",2018-05-06,ultimate,,2018-08-01,383.0,0.0,18462.47,19.0,1,1000,30720,3000,70,7,0.01,0.01,ultimate,0.0,0.0,0.0,0.0,0.0,0.0,70.0
1389,Earleen,Glass,18,"Miami-Fort Lauderdale-West Palm Beach, FL MSA",2018-05-06,ultimate,,2018-09-01,462.0,0.0,22814.89,23.0,1,1000,30720,3000,70,7,0.01,0.01,ultimate,0.0,0.0,0.0,0.0,0.0,0.0,70.0
1389,Earleen,Glass,18,"Miami-Fort Lauderdale-West Palm Beach, FL MSA",2018-05-06,ultimate,,2018-10-01,511.0,0.0,20259.49,20.0,1,1000,30720,3000,70,7,0.01,0.01,ultimate,0.0,0.0,0.0,0.0,0.0,0.0,70.0
1389,Earleen,Glass,18,"Miami-Fort Lauderdale-West Palm Beach, FL MSA",2018-05-06,ultimate,,2018-11-01,396.0,0.0,20495.56,21.0,1,1000,30720,3000,70,7,0.01,0.01,ultimate,0.0,0.0,0.0,0.0,0.0,0.0,70.0
1389,Earleen,Glass,18,"Miami-Fort Lauderdale-West Palm Beach, FL MSA",2018-05-06,ultimate,,2018-12-01,564.0,0.0,16853.23,17.0,1,1000,30720,3000,70,7,0.01,0.01,ultimate,0.0,0.0,0.0,0.0,0.0,0.0,70.0
1390,Deloras,Strickland,61,"Chicago-Naperville-Elgin, IL-IN-WI MSA",2018-03-11,ultimate,,2018-04-01,365.0,0.0,13907.61,14.0,1,1000,30720,3000,70,7,0.01,0.01,ultimate,0.0,0.0,0.0,0.0,0.0,0.0,70.0
1390,Deloras,Strickland,61,"Chicago-Naperville-Elgin, IL-IN-WI MSA",2018-03-11,ultimate,,2018-05-01,652.0,0.0,16499.79,17.0,1,1000,30720,3000,70,7,0.01,0.01,ultimate,0.0,0.0,0.0,0.0,0.0,0.0,70.0
1390,Deloras,Strickland,61,"Chicago-Naperville-Elgin, IL-IN-WI MSA",2018-03-11,ultimate,,2018-06-01,553.0,0.0,12529.76,13.0,1,1000,30720,3000,70,7,0.01,0.01,ultimate,0.0,0.0,0.0,0.0,0.0,0.0,70.0
1390,Deloras,Strickland,61,"Chicago-Naperville-Elgin, IL-IN-WI MSA",2018-03-11,ultimate,,2018-07-01,726.0,0.0,11529.56,12.0,1,1000,30720,3000,70,7,0.01,0.01,ultimate,0.0,0.0,0.0,0.0,0.0,0.0,70.0
1390,Deloras,Strickland,61,"Chicago-Naperville-Elgin, IL-IN-WI MSA",2018-03-11,ultimate,,2018-08-01,504.0,0.0,17407.84,17.0,1,1000,30720,3000,70,7,0.01,0.01,ultimate,0.0,0.0,0.0,0.0,0.0,0.0,70.0
1390,Deloras,Strickland,61,"Chicago-Naperville-Elgin, IL-IN-WI MSA",2018-03-11,ultimate,,2018-09-01,692.0,0.0,11261.67,11.0,1,1000,30720,3000,70,7,0.01,0.01,ultimate,0.0,0.0,0.0,0.0,0.0,0.0,70.0
1390,Deloras,Strickland,61,"Chicago-Naperville-Elgin, IL-IN-WI MSA",2018-03-11,ultimate,,2018-10-01,669.0,0.0,13239.18,13.0,1,1000,30720,3000,70,7,0.01,0.01,ultimate,0.0,0.0,0.0,0.0,0.0,0.0,70.0
1390,Deloras,Strickland,61,"Chicago-Naperville-Elgin, IL-IN-WI MSA",2018-03-11,ultimate,,2018-11-01,609.0,0.0,12933.06,13.0,1,1000,30720,3000,70,7,0.01,0.01,ultimate,0.0,0.0,0.0,0.0,0.0,0.0,70.0
1390,Deloras,Strickland,61,"Chicago-Naperville-Elgin, IL-IN-WI MSA",2018-03-11,ultimate,,2018-12-01,649.0,0.0,15801.78,16.0,1,1000,30720,3000,70,7,0.01,0.01,ultimate,0.0,0.0,0.0,0.0,0.0,0.0,70.0
1391,Errol,Cooke,52,"New York-Newark-Jersey City, NY-NJ-PA MSA",2018-09-11,ultimate,,2018-09-01,392.0,24.0,9530.32,10.0,1,1000,30720,3000,70,7,0.01,0.01,ultimate,0.0,0.0,0.0,0.0,0.0,0.0,70.0
1391,Errol,Cooke,52,"New York-Newark-Jersey City, NY-NJ-PA MSA",2018-09-11,ultimate,,2018-10-01,666.0,31.0,16096.48,16.0,1,1000,30720,3000,70,7,0.01,0.01,ultimate,0.0,0.0,0.0,0.0,0.0,0.0,70.0
1391,Errol,Cooke,52,"New York-Newark-Jersey City, NY-NJ-PA MSA",2018-09-11,ultimate,,2018-11-01,619.0,34.0,17904.5,18.0,1,1000,30720,3000,70,7,0.01,0.01,ultimate,0.0,0.0,0.0,0.0,0.0,0.0,70.0
1391,Errol,Cooke,52,"New York-Newark-Jersey City, NY-NJ-PA MSA",2018-09-11,ultimate,,2018-12-01,431.0,32.0,17510.47,18.0,1,1000,30720,3000,70,7,0.01,0.01,ultimate,0.0,0.0,0.0,0.0,0.0,0.0,70.0
1392,Gale,Mcfadden,34,"Seattle-Tacoma-Bellevue, WA MSA",2018-05-24,surf,,2018-07-01,203.0,31.0,9697.18,10.0,0,50,15360,500,20,10,0.03,0.03,surf,0.0,0.0,0.0,0.0,0.0,0.0,20.0
1392,Gale,Mcfadden,34,"Seattle-Tacoma-Bellevue, WA MSA",2018-05-24,surf,,2018-08-01,341.0,62.0,22008.12,22.0,0,50,15360,500,20,10,0.03,0.03,surf,0.0,12.0,7.0,0.0,0.36,70.0,90.36
1392,Gale,Mcfadden,34,"Seattle-Tacoma-Bellevue, WA MSA",2018-05-24,surf,,2018-09-01,191.0,50.0,24137.69,24.0,0,50,15360,500,20,10,0.03,0.03,surf,0.0,0.0,9.0,0.0,0.0,90.0,110.0
1392,Gale,Mcfadden,34,"Seattle-Tacoma-Bellevue, WA MSA",2018-05-24,surf,,2018-10-01,326.0,53.0,25307.31,25.0,0,50,15360,500,20,10,0.03,0.03,surf,0.0,3.0,10.0,0.0,0.09,100.0,120.09
1392,Gale,Mcfadden,34,"Seattle-Tacoma-Bellevue, WA MSA",2018-05-24,surf,,2018-11-01,362.0,60.0,19132.04,19.0,0,50,15360,500,20,10,0.03,0.03,surf,0.0,10.0,4.0,0.0,0.3,40.0,60.3
1392,Gale,Mcfadden,34,"Seattle-Tacoma-Bellevue, WA MSA",2018-05-24,surf,,2018-12-01,323.0,62.0,16661.75,17.0,0,50,15360,500,20,10,0.03,0.03,surf,0.0,12.0,2.0,0.0,0.36,20.0,40.36
1393,Wilfredo,Rosa,44,"Knoxville, TN MSA",2018-10-29,surf,,2018-10-01,71.0,4.0,0.0,0.0,0,50,15360,500,20,10,0.03,0.03,surf,0.0,0.0,0.0,0.0,0.0,0.0,20.0
1393,Wilfredo,Rosa,44,"Knoxville, TN MSA",2018-10-29,surf,,2018-11-01,860.0,32.0,10050.31,10.0,0,50,15360,500,20,10,0.03,0.03,surf,360.0,0.0,0.0,10.799999999999999,0.0,0.0,30.799999999999997
1393,Wilfredo,Rosa,44,"Knoxville, TN MSA",2018-10-29,surf,,2018-12-01,888.0,32.0,14164.82,14.0,0,50,15360,500,20,10,0.03,0.03,surf,388.0,0.0,0.0,11.639999999999999,0.0,0.0,31.64
1394,Alejandro,Carver,28,"Stockton, CA MSA",2018-01-16,surf,,2018-09-01,110.0,5.0,4360.68,5.0,0,50,15360,500,20,10,0.03,0.03,surf,0.0,0.0,0.0,0.0,0.0,0.0,20.0
1394,Alejandro,Carver,28,"Stockton, CA MSA",2018-01-16,surf,,2018-10-01,367.0,20.0,18905.48,19.0,0,50,15360,500,20,10,0.03,0.03,surf,0.0,0.0,4.0,0.0,0.0,40.0,60.0
1394,Alejandro,Carver,28,"Stockton, CA MSA",2018-01-16,surf,,2018-11-01,239.0,32.0,12997.539999999999,13.0,0,50,15360,500,20,10,0.03,0.03,surf,0.0,0.0,0.0,0.0,0.0,0.0,20.0
1394,Alejandro,Carver,28,"Stockton, CA MSA",2018-01-16,surf,,2018-12-01,449.0,23.0,16636.93,17.0,0,50,15360,500,20,10,0.03,0.03,surf,0.0,0.0,2.0,0.0,0.0,20.0,40.0
1395,Leonard,Wooten,24,"New York-Newark-Jersey City, NY-NJ-PA MSA",2018-06-19,ultimate,,2018-12-01,263.0,25.0,11144.27,11.0,1,1000,30720,3000,70,7,0.01,0.01,ultimate,0.0,0.0,0.0,0.0,0.0,0.0,70.0
1396,Ardelia,Benton,65,"Salt Lake City, UT MSA",2018-06-01,surf,,2018-08-01,252.0,18.0,13025.09,13.0,0,50,15360,500,20,10,0.03,0.03,surf,0.0,0.0,0.0,0.0,0.0,0.0,20.0
1396,Ardelia,Benton,65,"Salt Lake City, UT MSA",2018-06-01,surf,,2018-09-01,307.0,39.0,24897.17,25.0,0,50,15360,500,20,10,0.03,0.03,surf,0.0,0.0,10.0,0.0,0.0,100.0,120.0
1396,Ardelia,Benton,65,"Salt Lake City, UT MSA",2018-06-01,surf,,2018-10-01,299.0,39.0,18479.3,19.0,0,50,15360,500,20,10,0.03,0.03,surf,0.0,0.0,4.0,0.0,0.0,40.0,60.0
1396,Ardelia,Benton,65,"Salt Lake City, UT MSA",2018-06-01,surf,,2018-11-01,279.0,27.0,15794.75,16.0,0,50,15360,500,20,10,0.03,0.03,surf,0.0,0.0,1.0,0.0,0.0,10.0,30.0
1397,Willow,Steele,70,"Oklahoma City, OK MSA",2018-06-01,surf,,2018-06-01,802.0,0.0,17000.579999999998,17.0,0,50,15360,500,20,10,0.03,0.03,surf,302.0,0.0,2.0,9.06,0.0,20.0,49.06
1397,Willow,Steele,70,"Oklahoma City, OK MSA",2018-06-01,surf,,2018-07-01,945.0,0.0,24072.19,24.0,0,50,15360,500,20,10,0.03,0.03,surf,445.0,0.0,9.0,13.35,0.0,90.0,123.35
1397,Willow,Steele,70,"Oklahoma City, OK MSA",2018-06-01,surf,,2018-08-01,800.0,0.0,21243.82,21.0,0,50,15360,500,20,10,0.03,0.03,surf,300.0,0.0,6.0,9.0,0.0,60.0,89.0
1397,Willow,Steele,70,"Oklahoma City, OK MSA",2018-06-01,surf,,2018-09-01,830.0,0.0,21465.829999999998,21.0,0,50,15360,500,20,10,0.03,0.03,surf,330.0,0.0,6.0,9.9,0.0,60.0,89.9
1397,Willow,Steele,70,"Oklahoma City, OK MSA",2018-06-01,surf,,2018-10-01,808.0,0.0,24908.54,25.0,0,50,15360,500,20,10,0.03,0.03,surf,308.0,0.0,10.0,9.24,0.0,100.0,129.24
1397,Willow,Steele,70,"Oklahoma City, OK MSA",2018-06-01,surf,,2018-11-01,623.0,0.0,17428.53,18.0,0,50,15360,500,20,10,0.03,0.03,surf,123.0,0.0,3.0,3.69,0.0,30.0,53.69
1397,Willow,Steele,70,"Oklahoma City, OK MSA",2018-06-01,surf,,2018-12-01,945.0,0.0,23848.13,24.0,0,50,15360,500,20,10,0.03,0.03,surf,445.0,0.0,9.0,13.35,0.0,90.0,123.35
1398,German,Thompson,30,"Denver-Aurora-Lakewood, CO MSA",2018-10-22,surf,,2018-10-01,58.0,17.0,4998.26,5.0,0,50,15360,500,20,10,0.03,0.03,surf,0.0,0.0,0.0,0.0,0.0,0.0,20.0
1398,German,Thompson,30,"Denver-Aurora-Lakewood, CO MSA",2018-10-22,surf,,2018-11-01,348.0,37.0,13481.02,14.0,0,50,15360,500,20,10,0.03,0.03,surf,0.0,0.0,0.0,0.0,0.0,0.0,20.0
1398,German,Thompson,30,"Denver-Aurora-Lakewood, CO MSA",2018-10-22,surf,,2018-12-01,444.0,42.0,16227.8,16.0,0,50,15360,500,20,10,0.03,0.03,surf,0.0,0.0,1.0,0.0,0.0,10.0,30.0
1399,Leonila,Baird,24,"San Antonio-New Braunfels, TX MSA",2018-06-06,surf,,2018-06-01,253.0,10.0,15479.970000000001,16.0,0,50,15360,500,20,10,0.03,0.03,surf,0.0,0.0,1.0,0.0,0.0,10.0,30.0
1399,Leonila,Baird,24,"San Antonio-New Braunfels, TX MSA",2018-06-06,surf,,2018-07-01,300.0,25.0,22739.04,23.0,0,50,15360,500,20,10,0.03,0.03,surf,0.0,0.0,8.0,0.0,0.0,80.0,100.0
1399,Leonila,Baird,24,"San Antonio-New Braunfels, TX MSA",2018-06-06,surf,,2018-08-01,363.0,27.0,22919.13,23.0,0,50,15360,500,20,10,0.03,0.03,surf,0.0,0.0,8.0,0.0,0.0,80.0,100.0
1399,Leonila,Baird,24,"San Antonio-New Braunfels, TX MSA",2018-06-06,surf,,2018-09-01,303.0,23.0,20994.26,21.0,0,50,15360,500,20,10,0.03,0.03,surf,0.0,0.0,6.0,0.0,0.0,60.0,80.0
1399,Leonila,Baird,24,"San Antonio-New Braunfels, TX MSA",2018-06-06,surf,,2018-10-01,290.0,23.0,24639.04,25.0,0,50,15360,500,20,10,0.03,0.03,surf,0.0,0.0,10.0,0.0,0.0,100.0,120.0
1399,Leonila,Baird,24,"San Antonio-New Braunfels, TX MSA",2018-06-06,surf,,2018-11-01,294.0,29.0,18687.88,19.0,0,50,15360,500,20,10,0.03,0.03,surf,0.0,0.0,4.0,0.0,0.0,40.0,60.0
1399,Leonila,Baird,24,"San Antonio-New Braunfels, TX MSA",2018-06-06,surf,,2018-12-01,267.0,24.0,28885.11,29.0,0,50,15360,500,20,10,0.03,0.03,surf,0.0,0.0,14.0,0.0,0.0,140.0,160.0
1400,Kenton,Hickman,72,"Riverside-San Bernardino-Ontario, CA MSA",2018-03-08,surf,,2018-03-01,347.0,0.0,13665.49,14.0,0,50,15360,500,20,10,0.03,0.03,surf,0.0,0.0,0.0,0.0,0.0,0.0,20.0
1400,Kenton,Hickman,72,"Riverside-San Bernardino-Ontario, CA MSA",2018-03-08,surf,,2018-04-01,484.0,0.0,14425.98,15.0,0,50,15360,500,20,10,0.03,0.03,surf,0.0,0.0,0.0,0.0,0.0,0.0,20.0
1400,Kenton,Hickman,72,"Riverside-San Bernardino-Ontario, CA MSA",2018-03-08,surf,,2018-05-01,506.0,0.0,16761.24,17.0,0,50,15360,500,20,10,0.03,0.03,surf,6.0,0.0,2.0,0.18,0.0,20.0,40.18
1400,Kenton,Hickman,72,"Riverside-San Bernardino-Ontario, CA MSA",2018-03-08,surf,,2018-06-01,472.0,0.0,14502.51,15.0,0,50,15360,500,20,10,0.03,0.03,surf,0.0,0.0,0.0,0.0,0.0,0.0,20.0
1400,Kenton,Hickman,72,"Riverside-San Bernardino-Ontario, CA MSA",2018-03-08,surf,,2018-07-01,388.0,0.0,20903.97,21.0,0,50,15360,500,20,10,0.03,0.03,surf,0.0,0.0,6.0,0.0,0.0,60.0,80.0
1400,Kenton,Hickman,72,"Riverside-San Bernardino-Ontario, CA MSA",2018-03-08,surf,,2018-08-01,529.0,0.0,10996.3,11.0,0,50,15360,500,20,10,0.03,0.03,surf,29.0,0.0,0.0,0.87,0.0,0.0,20.87
1400,Kenton,Hickman,72,"Riverside-San Bernardino-Ontario, CA MSA",2018-03-08,surf,,2018-09-01,601.0,0.0,14336.67,15.0,0,50,15360,500,20,10,0.03,0.03,surf,101.0,0.0,0.0,3.03,0.0,0.0,23.03
1400,Kenton,Hickman,72,"Riverside-San Bernardino-Ontario, CA MSA",2018-03-08,surf,,2018-10-01,576.0,0.0,17794.55,18.0,0,50,15360,500,20,10,0.03,0.03,surf,76.0,0.0,3.0,2.28,0.0,30.0,52.28
1400,Kenton,Hickman,72,"Riverside-San Bernardino-Ontario, CA MSA",2018-03-08,surf,,2018-11-01,581.0,0.0,11720.51,12.0,0,50,15360,500,20,10,0.03,0.03,surf,81.0,0.0,0.0,2.4299999999999997,0.0,0.0,22.43
1400,Kenton,Hickman,72,"Riverside-San Bernardino-Ontario, CA MSA",2018-03-08,surf,,2018-12-01,528.0,0.0,21871.59,22.0,0,50,15360,500,20,10,0.03,0.03,surf,28.0,0.0,7.0,0.84,0.0,70.0,90.84
1401,Charmain,Bryant,67,"Richmond, VA MSA",2018-08-24,ultimate,,2018-08-01,77.0,13.0,630.23,1.0,1,1000,30720,3000,70,7,0.01,0.01,ultimate,0.0,0.0,0.0,0.0,0.0,0.0,70.0
1401,Charmain,Bryant,67,"Richmond, VA MSA",2018-08-24,ultimate,,2018-09-01,647.0,55.0,6082.25,6.0,1,1000,30720,3000,70,7,0.01,0.01,ultimate,0.0,0.0,0.0,0.0,0.0,0.0,70.0
1401,Charmain,Bryant,67,"Richmond, VA MSA",2018-08-24,ultimate,,2018-10-01,466.0,43.0,13073.550000000001,13.0,1,1000,30720,3000,70,7,0.01,0.01,ultimate,0.0,0.0,0.0,0.0,0.0,0.0,70.0
1401,Charmain,Bryant,67,"Richmond, VA MSA",2018-08-24,ultimate,,2018-11-01,685.0,53.0,8047.61,8.0,1,1000,30720,3000,70,7,0.01,0.01,ultimate,0.0,0.0,0.0,0.0,0.0,0.0,70.0
1401,Charmain,Bryant,67,"Richmond, VA MSA",2018-08-24,ultimate,,2018-12-01,635.0,69.0,8407.64,9.0,1,1000,30720,3000,70,7,0.01,0.01,ultimate,0.0,0.0,0.0,0.0,0.0,0.0,70.0
1402,Jesus,Berry,25,"New York-Newark-Jersey City, NY-NJ-PA MSA",2018-06-11,surf,2018-12-26,2018-09-01,156.0,0.0,8980.36,9.0,0,50,15360,500,20,10,0.03,0.03,surf,0.0,0.0,0.0,0.0,0.0,0.0,20.0
1402,Jesus,Berry,25,"New York-Newark-Jersey City, NY-NJ-PA MSA",2018-06-11,surf,2018-12-26,2018-10-01,314.0,0.0,17302.54,17.0,0,50,15360,500,20,10,0.03,0.03,surf,0.0,0.0,2.0,0.0,0.0,20.0,40.0
1402,Jesus,Berry,25,"New York-Newark-Jersey City, NY-NJ-PA MSA",2018-06-11,surf,2018-12-26,2018-11-01,314.0,0.0,13822.9,14.0,0,50,15360,500,20,10,0.03,0.03,surf,0.0,0.0,0.0,0.0,0.0,0.0,20.0
1402,Jesus,Berry,25,"New York-Newark-Jersey City, NY-NJ-PA MSA",2018-06-11,surf,2018-12-26,2018-12-01,317.0,0.0,13839.08,14.0,0,50,15360,500,20,10,0.03,0.03,surf,0.0,0.0,0.0,0.0,0.0,0.0,20.0
1403,Jae,Gardner,27,"Washington-Arlington-Alexandria, DC-VA-MD-WV MSA",2018-02-06,ultimate,,2018-03-01,69.0,0.0,9018.12,9.0,1,1000,30720,3000,70,7,0.01,0.01,ultimate,0.0,0.0,0.0,0.0,0.0,0.0,70.0
1403,Jae,Gardner,27,"Washington-Arlington-Alexandria, DC-VA-MD-WV MSA",2018-02-06,ultimate,,2018-04-01,189.0,0.0,25723.23,26.0,1,1000,30720,3000,70,7,0.01,0.01,ultimate,0.0,0.0,0.0,0.0,0.0,0.0,70.0
1403,Jae,Gardner,27,"Washington-Arlington-Alexandria, DC-VA-MD-WV MSA",2018-02-06,ultimate,,2018-05-01,240.0,0.0,27824.84,28.0,1,1000,30720,3000,70,7,0.01,0.01,ultimate,0.0,0.0,0.0,0.0,0.0,0.0,70.0
1403,Jae,Gardner,27,"Washington-Arlington-Alexandria, DC-VA-MD-WV MSA",2018-02-06,ultimate,,2018-06-01,260.0,0.0,19777.2,20.0,1,1000,30720,3000,70,7,0.01,0.01,ultimate,0.0,0.0,0.0,0.0,0.0,0.0,70.0
1403,Jae,Gardner,27,"Washington-Arlington-Alexandria, DC-VA-MD-WV MSA",2018-02-06,ultimate,,2018-07-01,134.0,0.0,18276.48,18.0,1,1000,30720,3000,70,7,0.01,0.01,ultimate,0.0,0.0,0.0,0.0,0.0,0.0,70.0
1403,Jae,Gardner,27,"Washington-Arlington-Alexandria, DC-VA-MD-WV MSA",2018-02-06,ultimate,,2018-08-01,251.0,0.0,22856.59,23.0,1,1000,30720,3000,70,7,0.01,0.01,ultimate,0.0,0.0,0.0,0.0,0.0,0.0,70.0
1403,Jae,Gardner,27,"Washington-Arlington-Alexandria, DC-VA-MD-WV MSA",2018-02-06,ultimate,,2018-09-01,216.0,0.0,35206.68,35.0,1,1000,30720,3000,70,7,0.01,0.01,ultimate,0.0,0.0,5.0,0.0,0.0,35.0,105.0
1403,Jae,Gardner,27,"Washington-Arlington-Alexandria, DC-VA-MD-WV MSA",2018-02-06,ultimate,,2018-10-01,208.0,0.0,31103.88,31.0,1,1000,30720,3000,70,7,0.01,0.01,ultimate,0.0,0.0,1.0,0.0,0.0,7.0,77.0
1403,Jae,Gardner,27,"Washington-Arlington-Alexandria, DC-VA-MD-WV MSA",2018-02-06,ultimate,,2018-11-01,220.0,0.0,25027.78,25.0,1,1000,30720,3000,70,7,0.01,0.01,ultimate,0.0,0.0,0.0,0.0,0.0,0.0,70.0
1403,Jae,Gardner,27,"Washington-Arlington-Alexandria, DC-VA-MD-WV MSA",2018-02-06,ultimate,,2018-12-01,231.0,0.0,23064.46,23.0,1,1000,30720,3000,70,7,0.01,0.01,ultimate,0.0,0.0,0.0,0.0,0.0,0.0,70.0
1404,Paulita,Conley,33,"New York-Newark-Jersey City, NY-NJ-PA MSA",2018-04-16,surf,,2018-08-01,473.0,8.0,21217.65,21.0,0,50,15360,500,20,10,0.03,0.03,surf,0.0,0.0,6.0,0.0,0.0,60.0,80.0
1404,Paulita,Conley,33,"New York-Newark-Jersey City, NY-NJ-PA MSA",2018-04-16,surf,,2018-09-01,626.0,11.0,17431.96,18.0,0,50,15360,500,20,10,0.03,0.03,surf,126.0,0.0,3.0,3.78,0.0,30.0,53.78
1404,Paulita,Conley,33,"New York-Newark-Jersey City, NY-NJ-PA MSA",2018-04-16,surf,,2018-10-01,668.0,16.0,23884.22,24.0,0,50,15360,500,20,10,0.03,0.03,surf,168.0,0.0,9.0,5.04,0.0,90.0,115.03999999999999
1404,Paulita,Conley,33,"New York-Newark-Jersey City, NY-NJ-PA MSA",2018-04-16,surf,,2018-11-01,590.0,12.0,13897.07,14.0,0,50,15360,500,20,10,0.03,0.03,surf,90.0,0.0,0.0,2.6999999999999997,0.0,0.0,22.7
1404,Paulita,Conley,33,"New York-Newark-Jersey City, NY-NJ-PA MSA",2018-04-16,surf,,2018-12-01,553.0,13.0,21426.67,21.0,0,50,15360,500,20,10,0.03,0.03,surf,53.0,0.0,6.0,1.5899999999999999,0.0,60.0,81.59
1405,Shella,Hunter,34,"Indianapolis-Carmel-Anderson, IN MSA",2018-06-22,ultimate,,2018-06-01,101.0,24.0,5066.43,5.0,1,1000,30720,3000,70,7,0.01,0.01,ultimate,0.0,0.0,0.0,0.0,0.0,0.0,70.0
1405,Shella,Hunter,34,"Indianapolis-Carmel-Anderson, IN MSA",2018-06-22,ultimate,,2018-07-01,185.0,59.0,15911.35,16.0,1,1000,30720,3000,70,7,0.01,0.01,ultimate,0.0,0.0,0.0,0.0,0.0,0.0,70.0
1405,Shella,Hunter,34,"Indianapolis-Carmel-Anderson, IN MSA",2018-06-22,ultimate,,2018-08-01,119.0,68.0,22922.89,23.0,1,1000,30720,3000,70,7,0.01,0.01,ultimate,0.0,0.0,0.0,0.0,0.0,0.0,70.0
1405,Shella,Hunter,34,"Indianapolis-Carmel-Anderson, IN MSA",2018-06-22,ultimate,,2018-09-01,166.0,61.0,17472.55,18.0,1,1000,30720,3000,70,7,0.01,0.01,ultimate,0.0,0.0,0.0,0.0,0.0,0.0,70.0
1405,Shella,Hunter,34,"Indianapolis-Carmel-Anderson, IN MSA",2018-06-22,ultimate,,2018-10-01,185.0,78.0,18971.88,19.0,1,1000,30720,3000,70,7,0.01,0.01,ultimate,0.0,0.0,0.0,0.0,0.0,0.0,70.0
1405,Shella,Hunter,34,"Indianapolis-Carmel-Anderson, IN MSA",2018-06-22,ultimate,,2018-11-01,165.0,76.0,20133.35,20.0,1,1000,30720,3000,70,7,0.01,0.01,ultimate,0.0,0.0,0.0,0.0,0.0,0.0,70.0
1405,Shella,Hunter,34,"Indianapolis-Carmel-Anderson, IN MSA",2018-06-22,ultimate,,2018-12-01,143.0,68.0,13959.07,14.0,1,1000,30720,3000,70,7,0.01,0.01,ultimate,0.0,0.0,0.0,0.0,0.0,0.0,70.0
1406,Noble,Jefferson,54,"San Diego-Chula Vista-Carlsbad, CA MSA",2018-03-04,surf,,2018-03-01,35.0,0.0,1287.32,2.0,0,50,15360,500,20,10,0.03,0.03,surf,0.0,0.0,0.0,0.0,0.0,0.0,20.0
1406,Noble,Jefferson,54,"San Diego-Chula Vista-Carlsbad, CA MSA",2018-03-04,surf,,2018-04-01,358.0,0.0,19192.36,19.0,0,50,15360,500,20,10,0.03,0.03,surf,0.0,0.0,4.0,0.0,0.0,40.0,60.0
1406,Noble,Jefferson,54,"San Diego-Chula Vista-Carlsbad, CA MSA",2018-03-04,surf,,2018-05-01,333.0,0.0,13835.11,14.0,0,50,15360,500,20,10,0.03,0.03,surf,0.0,0.0,0.0,0.0,0.0,0.0,20.0
1406,Noble,Jefferson,54,"San Diego-Chula Vista-Carlsbad, CA MSA",2018-03-04,surf,,2018-06-01,404.0,0.0,17191.12,17.0,0,50,15360,500,20,10,0.03,0.03,surf,0.0,0.0,2.0,0.0,0.0,20.0,40.0
1406,Noble,Jefferson,54,"San Diego-Chula Vista-Carlsbad, CA MSA",2018-03-04,surf,,2018-07-01,428.0,0.0,18499.22,19.0,0,50,15360,500,20,10,0.03,0.03,surf,0.0,0.0,4.0,0.0,0.0,40.0,60.0
1406,Noble,Jefferson,54,"San Diego-Chula Vista-Carlsbad, CA MSA",2018-03-04,surf,,2018-08-01,425.0,0.0,25606.58,26.0,0,50,15360,500,20,10,0.03,0.03,surf,0.0,0.0,11.0,0.0,0.0,110.0,130.0
1406,Noble,Jefferson,54,"San Diego-Chula Vista-Carlsbad, CA MSA",2018-03-04,surf,,2018-09-01,470.0,0.0,19152.72,19.0,0,50,15360,500,20,10,0.03,0.03,surf,0.0,0.0,4.0,0.0,0.0,40.0,60.0
1406,Noble,Jefferson,54,"San Diego-Chula Vista-Carlsbad, CA MSA",2018-03-04,surf,,2018-10-01,453.0,0.0,17894.79,18.0,0,50,15360,500,20,10,0.03,0.03,surf,0.0,0.0,3.0,0.0,0.0,30.0,50.0
1406,Noble,Jefferson,54,"San Diego-Chula Vista-Carlsbad, CA MSA",2018-03-04,surf,,2018-11-01,449.0,0.0,22737.98,23.0,0,50,15360,500,20,10,0.03,0.03,surf,0.0,0.0,8.0,0.0,0.0,80.0,100.0
1406,Noble,Jefferson,54,"San Diego-Chula Vista-Carlsbad, CA MSA",2018-03-04,surf,,2018-12-01,396.0,0.0,23704.96,24.0,0,50,15360,500,20,10,0.03,0.03,surf,0.0,0.0,9.0,0.0,0.0,90.0,110.0
1407,Tristan,Daugherty,27,"New York-Newark-Jersey City, NY-NJ-PA MSA",2018-11-29,ultimate,,2018-11-01,0.0,1.0,290.06,1.0,1,1000,30720,3000,70,7,0.01,0.01,ultimate,0.0,0.0,0.0,0.0,0.0,0.0,70.0
1407,Tristan,Daugherty,27,"New York-Newark-Jersey City, NY-NJ-PA MSA",2018-11-29,ultimate,,2018-12-01,200.0,51.0,19168.69,19.0,1,1000,30720,3000,70,7,0.01,0.01,ultimate,0.0,0.0,0.0,0.0,0.0,0.0,70.0
1408,Alaine,Robertson,40,"Baltimore-Columbia-Towson, MD MSA",2018-01-11,surf,,2018-02-01,443.0,29.0,11828.25,12.0,0,50,15360,500,20,10,0.03,0.03,surf,0.0,0.0,0.0,0.0,0.0,0.0,20.0
1408,Alaine,Robertson,40,"Baltimore-Columbia-Towson, MD MSA",2018-01-11,surf,,2018-03-01,526.0,36.0,17239.51,17.0,0,50,15360,500,20,10,0.03,0.03,surf,26.0,0.0,2.0,0.78,0.0,20.0,40.78
1408,Alaine,Robertson,40,"Baltimore-Columbia-Towson, MD MSA",2018-01-11,surf,,2018-04-01,424.0,34.0,13563.2,14.0,0,50,15360,500,20,10,0.03,0.03,surf,0.0,0.0,0.0,0.0,0.0,0.0,20.0
1408,Alaine,Robertson,40,"Baltimore-Columbia-Towson, MD MSA",2018-01-11,surf,,2018-05-01,453.0,32.0,12856.42,13.0,0,50,15360,500,20,10,0.03,0.03,surf,0.0,0.0,0.0,0.0,0.0,0.0,20.0
1408,Alaine,Robertson,40,"Baltimore-Columbia-Towson, MD MSA",2018-01-11,surf,,2018-06-01,402.0,49.0,17065.78,17.0,0,50,15360,500,20,10,0.03,0.03,surf,0.0,0.0,2.0,0.0,0.0,20.0,40.0
1408,Alaine,Robertson,40,"Baltimore-Columbia-Towson, MD MSA",2018-01-11,surf,,2018-07-01,522.0,44.0,13941.88,14.0,0,50,15360,500,20,10,0.03,0.03,surf,22.0,0.0,0.0,0.6599999999999999,0.0,0.0,20.66
1408,Alaine,Robertson,40,"Baltimore-Columbia-Towson, MD MSA",2018-01-11,surf,,2018-08-01,386.0,49.0,17535.93,18.0,0,50,15360,500,20,10,0.03,0.03,surf,0.0,0.0,3.0,0.0,0.0,30.0,50.0
1408,Alaine,Robertson,40,"Baltimore-Columbia-Towson, MD MSA",2018-01-11,surf,,2018-09-01,434.0,45.0,16432.86,17.0,0,50,15360,500,20,10,0.03,0.03,surf,0.0,0.0,2.0,0.0,0.0,20.0,40.0
1408,Alaine,Robertson,40,"Baltimore-Columbia-Towson, MD MSA",2018-01-11,surf,,2018-10-01,558.0,42.0,14609.46,15.0,0,50,15360,500,20,10,0.03,0.03,surf,58.0,0.0,0.0,1.74,0.0,0.0,21.74
1408,Alaine,Robertson,40,"Baltimore-Columbia-Towson, MD MSA",2018-01-11,surf,,2018-11-01,401.0,37.0,14361.37,15.0,0,50,15360,500,20,10,0.03,0.03,surf,0.0,0.0,0.0,0.0,0.0,0.0,20.0
1408,Alaine,Robertson,40,"Baltimore-Columbia-Towson, MD MSA",2018-01-11,surf,,2018-12-01,486.0,32.0,14509.98,15.0,0,50,15360,500,20,10,0.03,0.03,surf,0.0,0.0,0.0,0.0,0.0,0.0,20.0
1409,Elvis,Vargas,38,"Charlotte-Concord-Gastonia, NC-SC MSA",2018-10-04,ultimate,,2018-10-01,301.0,27.0,11856.73,12.0,1,1000,30720,3000,70,7,0.01,0.01,ultimate,0.0,0.0,0.0,0.0,0.0,0.0,70.0
1409,Elvis,Vargas,38,"Charlotte-Concord-Gastonia, NC-SC MSA",2018-10-04,ultimate,,2018-11-01,269.0,29.0,23534.62,23.0,1,1000,30720,3000,70,7,0.01,0.01,ultimate,0.0,0.0,0.0,0.0,0.0,0.0,70.0
1409,Elvis,Vargas,38,"Charlotte-Concord-Gastonia, NC-SC MSA",2018-10-04,ultimate,,2018-12-01,327.0,21.0,17510.94,18.0,1,1000,30720,3000,70,7,0.01,0.01,ultimate,0.0,0.0,0.0,0.0,0.0,0.0,70.0
1410,Wendell,Lloyd,46,"Los Angeles-Long Beach-Anaheim, CA MSA",2018-10-06,surf,,2018-10-01,446.0,10.0,17462.01,18.0,0,50,15360,500,20,10,0.03,0.03,surf,0.0,0.0,3.0,0.0,0.0,30.0,50.0
1410,Wendell,Lloyd,46,"Los Angeles-Long Beach-Anaheim, CA MSA",2018-10-06,surf,,2018-11-01,408.0,11.0,20312.23,20.0,0,50,15360,500,20,10,0.03,0.03,surf,0.0,0.0,5.0,0.0,0.0,50.0,70.0
1410,Wendell,Lloyd,46,"Los Angeles-Long Beach-Anaheim, CA MSA",2018-10-06,surf,,2018-12-01,591.0,16.0,16557.76,17.0,0,50,15360,500,20,10,0.03,0.03,surf,91.0,0.0,2.0,2.73,0.0,20.0,42.730000000000004
1411,Man,Fleming,64,"Rochester, NY MSA",2018-08-10,surf,,2018-08-01,255.0,0.0,8987.55,9.0,0,50,15360,500,20,10,0.03,0.03,surf,0.0,0.0,0.0,0.0,0.0,0.0,20.0
1411,Man,Fleming,64,"Rochester, NY MSA",2018-08-10,surf,,2018-09-01,415.0,0.0,14876.91,15.0,0,50,15360,500,20,10,0.03,0.03,surf,0.0,0.0,0.0,0.0,0.0,0.0,20.0
1411,Man,Fleming,64,"Rochester, NY MSA",2018-08-10,surf,,2018-10-01,502.0,0.0,10207.16,10.0,0,50,15360,500,20,10,0.03,0.03,surf,2.0,0.0,0.0,0.06,0.0,0.0,20.06
1411,Man,Fleming,64,"Rochester, NY MSA",2018-08-10,surf,,2018-11-01,414.0,0.0,11204.05,11.0,0,50,15360,500,20,10,0.03,0.03,surf,0.0,0.0,0.0,0.0,0.0,0.0,20.0
1411,Man,Fleming,64,"Rochester, NY MSA",2018-08-10,surf,,2018-12-01,554.0,0.0,9805.6,10.0,0,50,15360,500,20,10,0.03,0.03,surf,54.0,0.0,0.0,1.6199999999999999,0.0,0.0,21.62
1412,Cortez,Reese,61,"Detroit-Warren-Dearborn, MI MSA",2018-04-08,ultimate,,2018-06-01,399.0,19.0,7606.55,8.0,1,1000,30720,3000,70,7,0.01,0.01,ultimate,0.0,0.0,0.0,0.0,0.0,0.0,70.0
1412,Cortez,Reese,61,"Detroit-Warren-Dearborn, MI MSA",2018-04-08,ultimate,,2018-07-01,1188.0,52.0,21997.13,22.0,1,1000,30720,3000,70,7,0.01,0.01,ultimate,0.0,0.0,0.0,0.0,0.0,0.0,70.0
1412,Cortez,Reese,61,"Detroit-Warren-Dearborn, MI MSA",2018-04-08,ultimate,,2018-08-01,922.0,54.0,14893.45,15.0,1,1000,30720,3000,70,7,0.01,0.01,ultimate,0.0,0.0,0.0,0.0,0.0,0.0,70.0
1412,Cortez,Reese,61,"Detroit-Warren-Dearborn, MI MSA",2018-04-08,ultimate,,2018-09-01,1173.0,48.0,15484.96,16.0,1,1000,30720,3000,70,7,0.01,0.01,ultimate,0.0,0.0,0.0,0.0,0.0,0.0,70.0
1412,Cortez,Reese,61,"Detroit-Warren-Dearborn, MI MSA",2018-04-08,ultimate,,2018-10-01,1020.0,47.0,17355.5,17.0,1,1000,30720,3000,70,7,0.01,0.01,ultimate,0.0,0.0,0.0,0.0,0.0,0.0,70.0
1412,Cortez,Reese,61,"Detroit-Warren-Dearborn, MI MSA",2018-04-08,ultimate,,2018-11-01,955.0,57.0,12671.77,13.0,1,1000,30720,3000,70,7,0.01,0.01,ultimate,0.0,0.0,0.0,0.0,0.0,0.0,70.0
1412,Cortez,Reese,61,"Detroit-Warren-Dearborn, MI MSA",2018-04-08,ultimate,,2018-12-01,972.0,59.0,14528.81,15.0,1,1000,30720,3000,70,7,0.01,0.01,ultimate,0.0,0.0,0.0,0.0,0.0,0.0,70.0
1413,Andre,Hensley,38,"Bakersfield, CA MSA",2018-07-12,surf,,2018-12-01,335.0,30.0,14370.95,15.0,0,50,15360,500,20,10,0.03,0.03,surf,0.0,0.0,0.0,0.0,0.0,0.0,20.0
1414,Georgianne,Herring,30,"Urban Honolulu, HI MSA",2018-03-03,surf,2018-09-01,2018-08-01,4.0,0.0,962.46,1.0,0,50,15360,500,20,10,0.03,0.03,surf,0.0,0.0,0.0,0.0,0.0,0.0,20.0
1414,Georgianne,Herring,30,"Urban Honolulu, HI MSA",2018-03-03,surf,2018-09-01,2018-09-01,0.0,4.0,711.52,1.0,0,50,15360,500,20,10,0.03,0.03,surf,0.0,0.0,0.0,0.0,0.0,0.0,20.0
1415,Rosette,Mendez,56,"Boston-Cambridge-Newton, MA-NH MSA",2018-02-27,surf,,2018-07-01,587.0,0.0,17650.66,18.0,0,50,15360,500,20,10,0.03,0.03,surf,87.0,0.0,3.0,2.61,0.0,30.0,52.61
1415,Rosette,Mendez,56,"Boston-Cambridge-Newton, MA-NH MSA",2018-02-27,surf,,2018-08-01,443.0,0.0,20240.43,20.0,0,50,15360,500,20,10,0.03,0.03,surf,0.0,0.0,5.0,0.0,0.0,50.0,70.0
1415,Rosette,Mendez,56,"Boston-Cambridge-Newton, MA-NH MSA",2018-02-27,surf,,2018-09-01,415.0,0.0,20991.89,21.0,0,50,15360,500,20,10,0.03,0.03,surf,0.0,0.0,6.0,0.0,0.0,60.0,80.0
1415,Rosette,Mendez,56,"Boston-Cambridge-Newton, MA-NH MSA",2018-02-27,surf,,2018-10-01,549.0,0.0,17408.010000000002,18.0,0,50,15360,500,20,10,0.03,0.03,surf,49.0,0.0,3.0,1.47,0.0,30.0,51.47
1415,Rosette,Mendez,56,"Boston-Cambridge-Newton, MA-NH MSA",2018-02-27,surf,,2018-11-01,533.0,0.0,23371.04,23.0,0,50,15360,500,20,10,0.03,0.03,surf,33.0,0.0,8.0,0.99,0.0,80.0,100.99
1415,Rosette,Mendez,56,"Boston-Cambridge-Newton, MA-NH MSA",2018-02-27,surf,,2018-12-01,492.0,0.0,20537.11,21.0,0,50,15360,500,20,10,0.03,0.03,surf,0.0,0.0,6.0,0.0,0.0,60.0,80.0
1416,Deja,Moss,25,"Minneapolis-St. Paul-Bloomington, MN-WI MSA",2018-10-03,surf,2018-11-21,2018-10-01,362.0,33.0,16622.87,17.0,0,50,15360,500,20,10,0.03,0.03,surf,0.0,0.0,2.0,0.0,0.0,20.0,40.0
1416,Deja,Moss,25,"Minneapolis-St. Paul-Bloomington, MN-WI MSA",2018-10-03,surf,2018-11-21,2018-11-01,209.0,27.0,11116.380000000001,11.0,0,50,15360,500,20,10,0.03,0.03,surf,0.0,0.0,0.0,0.0,0.0,0.0,20.0
1417,Jorge,Madden,51,"Minneapolis-St. Paul-Bloomington, MN-WI MSA",2018-06-22,ultimate,,2018-06-01,213.0,4.0,3706.6899999999996,4.0,1,1000,30720,3000,70,7,0.01,0.01,ultimate,0.0,0.0,0.0,0.0,0.0,0.0,70.0
1417,Jorge,Madden,51,"Minneapolis-St. Paul-Bloomington, MN-WI MSA",2018-06-22,ultimate,,2018-07-01,647.0,9.0,26281.78,26.0,1,1000,30720,3000,70,7,0.01,0.01,ultimate,0.0,0.0,0.0,0.0,0.0,0.0,70.0
1417,Jorge,Madden,51,"Minneapolis-St. Paul-Bloomington, MN-WI MSA",2018-06-22,ultimate,,2018-08-01,713.0,12.0,18795.23,19.0,1,1000,30720,3000,70,7,0.01,0.01,ultimate,0.0,0.0,0.0,0.0,0.0,0.0,70.0
1417,Jorge,Madden,51,"Minneapolis-St. Paul-Bloomington, MN-WI MSA",2018-06-22,ultimate,,2018-09-01,573.0,7.0,14865.82,15.0,1,1000,30720,3000,70,7,0.01,0.01,ultimate,0.0,0.0,0.0,0.0,0.0,0.0,70.0
1417,Jorge,Madden,51,"Minneapolis-St. Paul-Bloomington, MN-WI MSA",2018-06-22,ultimate,,2018-10-01,673.0,11.0,24777.03,25.0,1,1000,30720,3000,70,7,0.01,0.01,ultimate,0.0,0.0,0.0,0.0,0.0,0.0,70.0
1417,Jorge,Madden,51,"Minneapolis-St. Paul-Bloomington, MN-WI MSA",2018-06-22,ultimate,,2018-11-01,788.0,5.0,21094.99,21.0,1,1000,30720,3000,70,7,0.01,0.01,ultimate,0.0,0.0,0.0,0.0,0.0,0.0,70.0
1417,Jorge,Madden,51,"Minneapolis-St. Paul-Bloomington, MN-WI MSA",2018-06-22,ultimate,,2018-12-01,627.0,10.0,21970.57,22.0,1,1000,30720,3000,70,7,0.01,0.01,ultimate,0.0,0.0,0.0,0.0,0.0,0.0,70.0
1418,Hal,Barnes,40,"New York-Newark-Jersey City, NY-NJ-PA MSA",2018-01-19,surf,,2018-08-01,95.0,0.0,9019.29,9.0,0,50,15360,500,20,10,0.03,0.03,surf,0.0,0.0,0.0,0.0,0.0,0.0,20.0
1418,Hal,Barnes,40,"New York-Newark-Jersey City, NY-NJ-PA MSA",2018-01-19,surf,,2018-09-01,241.0,0.0,33259.15,33.0,0,50,15360,500,20,10,0.03,0.03,surf,0.0,0.0,18.0,0.0,0.0,180.0,200.0
1418,Hal,Barnes,40,"New York-Newark-Jersey City, NY-NJ-PA MSA",2018-01-19,surf,,2018-10-01,237.0,0.0,33917.73,34.0,0,50,15360,500,20,10,0.03,0.03,surf,0.0,0.0,19.0,0.0,0.0,190.0,210.0
1418,Hal,Barnes,40,"New York-Newark-Jersey City, NY-NJ-PA MSA",2018-01-19,surf,,2018-11-01,233.0,0.0,36259.39,36.0,0,50,15360,500,20,10,0.03,0.03,surf,0.0,0.0,21.0,0.0,0.0,210.0,230.0
1418,Hal,Barnes,40,"New York-Newark-Jersey City, NY-NJ-PA MSA",2018-01-19,surf,,2018-12-01,327.0,0.0,41924.69,41.0,0,50,15360,500,20,10,0.03,0.03,surf,0.0,0.0,26.0,0.0,0.0,260.0,280.0
1419,Bryon,Gordon,45,"Phoenix-Mesa-Chandler, AZ MSA",2018-03-29,surf,,2018-11-01,204.0,68.0,5569.26,6.0,0,50,15360,500,20,10,0.03,0.03,surf,0.0,18.0,0.0,0.0,0.54,0.0,20.54
1419,Bryon,Gordon,45,"Phoenix-Mesa-Chandler, AZ MSA",2018-03-29,surf,,2018-12-01,835.0,144.0,19306.89,19.0,0,50,15360,500,20,10,0.03,0.03,surf,335.0,94.0,4.0,10.049999999999999,2.82,40.0,72.87
1420,Season,Hardy,27,"San Francisco-Oakland-Berkeley, CA MSA",2018-02-22,ultimate,,2018-07-01,44.0,0.0,1031.01,2.0,1,1000,30720,3000,70,7,0.01,0.01,ultimate,0.0,0.0,0.0,0.0,0.0,0.0,70.0
1420,Season,Hardy,27,"San Francisco-Oakland-Berkeley, CA MSA",2018-02-22,ultimate,,2018-08-01,424.0,2.0,18042.59,18.0,1,1000,30720,3000,70,7,0.01,0.01,ultimate,0.0,0.0,0.0,0.0,0.0,0.0,70.0
1420,Season,Hardy,27,"San Francisco-Oakland-Berkeley, CA MSA",2018-02-22,ultimate,,2018-09-01,328.0,3.0,14852.43,15.0,1,1000,30720,3000,70,7,0.01,0.01,ultimate,0.0,0.0,0.0,0.0,0.0,0.0,70.0
1420,Season,Hardy,27,"San Francisco-Oakland-Berkeley, CA MSA",2018-02-22,ultimate,,2018-10-01,326.0,2.0,15789.95,16.0,1,1000,30720,3000,70,7,0.01,0.01,ultimate,0.0,0.0,0.0,0.0,0.0,0.0,70.0
1420,Season,Hardy,27,"San Francisco-Oakland-Berkeley, CA MSA",2018-02-22,ultimate,,2018-11-01,291.0,2.0,17392.77,17.0,1,1000,30720,3000,70,7,0.01,0.01,ultimate,0.0,0.0,0.0,0.0,0.0,0.0,70.0
1420,Season,Hardy,27,"San Francisco-Oakland-Berkeley, CA MSA",2018-02-22,ultimate,,2018-12-01,321.0,3.0,20157.010000000002,20.0,1,1000,30720,3000,70,7,0.01,0.01,ultimate,0.0,0.0,0.0,0.0,0.0,0.0,70.0
1421,Zane,Hobbs,26,"Phoenix-Mesa-Chandler, AZ MSA",2018-05-18,surf,,2018-10-01,126.0,26.0,7633.58,8.0,0,50,15360,500,20,10,0.03,0.03,surf,0.0,0.0,0.0,0.0,0.0,0.0,20.0
1421,Zane,Hobbs,26,"Phoenix-Mesa-Chandler, AZ MSA",2018-05-18,surf,,2018-11-01,448.0,67.0,16629.12,17.0,0,50,15360,500,20,10,0.03,0.03,surf,0.0,17.0,2.0,0.0,0.51,20.0,40.510000000000005
1421,Zane,Hobbs,26,"Phoenix-Mesa-Chandler, AZ MSA",2018-05-18,surf,,2018-12-01,413.0,87.0,19285.77,19.0,0,50,15360,500,20,10,0.03,0.03,surf,0.0,37.0,4.0,0.0,1.1099999999999999,40.0,61.11
1422,Georgianne,Huff,41,"Los Angeles-Long Beach-Anaheim, CA MSA",2018-04-03,ultimate,,2018-10-01,164.0,8.0,8955.2,9.0,1,1000,30720,3000,70,7,0.01,0.01,ultimate,0.0,0.0,0.0,0.0,0.0,0.0,70.0
1422,Georgianne,Huff,41,"Los Angeles-Long Beach-Anaheim, CA MSA",2018-04-03,ultimate,,2018-11-01,383.0,28.0,14623.26,15.0,1,1000,30720,3000,70,7,0.01,0.01,ultimate,0.0,0.0,0.0,0.0,0.0,0.0,70.0
1422,Georgianne,Huff,41,"Los Angeles-Long Beach-Anaheim, CA MSA",2018-04-03,ultimate,,2018-12-01,329.0,30.0,12941.34,13.0,1,1000,30720,3000,70,7,0.01,0.01,ultimate,0.0,0.0,0.0,0.0,0.0,0.0,70.0
1423,Malcom,Neal,61,"Philadelphia-Camden-Wilmington, PA-NJ-DE-MD MSA",2018-10-16,surf,,2018-10-01,184.0,22.0,10311.59,11.0,0,50,15360,500,20,10,0.03,0.03,surf,0.0,0.0,0.0,0.0,0.0,0.0,20.0
1423,Malcom,Neal,61,"Philadelphia-Camden-Wilmington, PA-NJ-DE-MD MSA",2018-10-16,surf,,2018-11-01,56.0,4.0,1414.13,2.0,0,50,15360,500,20,10,0.03,0.03,surf,0.0,0.0,0.0,0.0,0.0,0.0,20.0
1424,Kasandra,Keith,51,"Virginia Beach-Norfolk-Newport News, VA-NC MSA",2018-07-24,ultimate,,2018-11-01,23.0,16.0,3940.5,4.0,1,1000,30720,3000,70,7,0.01,0.01,ultimate,0.0,0.0,0.0,0.0,0.0,0.0,70.0
1424,Kasandra,Keith,51,"Virginia Beach-Norfolk-Newport News, VA-NC MSA",2018-07-24,ultimate,,2018-12-01,789.0,88.0,30371.78,30.0,1,1000,30720,3000,70,7,0.01,0.01,ultimate,0.0,0.0,0.0,0.0,0.0,0.0,70.0
1425,Latrisha,Larsen,19,"Las Vegas-Henderson-Paradise, NV MSA",2018-09-20,surf,,2018-09-01,84.0,5.0,8236.64,9.0,0,50,15360,500,20,10,0.03,0.03,surf,0.0,0.0,0.0,0.0,0.0,0.0,20.0
1425,Latrisha,Larsen,19,"Las Vegas-Henderson-Paradise, NV MSA",2018-09-20,surf,,2018-10-01,257.0,11.0,18265.6,18.0,0,50,15360,500,20,10,0.03,0.03,surf,0.0,0.0,3.0,0.0,0.0,30.0,50.0
1425,Latrisha,Larsen,19,"Las Vegas-Henderson-Paradise, NV MSA",2018-09-20,surf,,2018-11-01,193.0,14.0,23576.4,24.0,0,50,15360,500,20,10,0.03,0.03,surf,0.0,0.0,9.0,0.0,0.0,90.0,110.0
1425,Latrisha,Larsen,19,"Las Vegas-Henderson-Paradise, NV MSA",2018-09-20,surf,,2018-12-01,246.0,28.0,18001.22,18.0,0,50,15360,500,20,10,0.03,0.03,surf,0.0,0.0,3.0,0.0,0.0,30.0,50.0
1426,Lamont,Conner,44,"San Francisco-Oakland-Berkeley, CA MSA",2018-07-09,ultimate,,2018-11-01,306.0,0.0,13282.26,13.0,1,1000,30720,3000,70,7,0.01,0.01,ultimate,0.0,0.0,0.0,0.0,0.0,0.0,70.0
1426,Lamont,Conner,44,"San Francisco-Oakland-Berkeley, CA MSA",2018-07-09,ultimate,,2018-12-01,614.0,0.0,28124.62,28.0,1,1000,30720,3000,70,7,0.01,0.01,ultimate,0.0,0.0,0.0,0.0,0.0,0.0,70.0
1427,Zofia,Brock,64,"Washington-Arlington-Alexandria, DC-VA-MD-WV MSA",2018-01-26,ultimate,,2018-05-01,262.0,0.0,3175.3,4.0,1,1000,30720,3000,70,7,0.01,0.01,ultimate,0.0,0.0,0.0,0.0,0.0,0.0,70.0
1427,Zofia,Brock,64,"Washington-Arlington-Alexandria, DC-VA-MD-WV MSA",2018-01-26,ultimate,,2018-06-01,303.0,0.0,12372.5,13.0,1,1000,30720,3000,70,7,0.01,0.01,ultimate,0.0,0.0,0.0,0.0,0.0,0.0,70.0
1427,Zofia,Brock,64,"Washington-Arlington-Alexandria, DC-VA-MD-WV MSA",2018-01-26,ultimate,,2018-07-01,311.0,0.0,10185.720000000001,10.0,1,1000,30720,3000,70,7,0.01,0.01,ultimate,0.0,0.0,0.0,0.0,0.0,0.0,70.0
1427,Zofia,Brock,64,"Washington-Arlington-Alexandria, DC-VA-MD-WV MSA",2018-01-26,ultimate,,2018-08-01,339.0,0.0,14158.550000000001,14.0,1,1000,30720,3000,70,7,0.01,0.01,ultimate,0.0,0.0,0.0,0.0,0.0,0.0,70.0
1427,Zofia,Brock,64,"Washington-Arlington-Alexandria, DC-VA-MD-WV MSA",2018-01-26,ultimate,,2018-09-01,341.0,0.0,6806.49,7.0,1,1000,30720,3000,70,7,0.01,0.01,ultimate,0.0,0.0,0.0,0.0,0.0,0.0,70.0
1427,Zofia,Brock,64,"Washington-Arlington-Alexandria, DC-VA-MD-WV MSA",2018-01-26,ultimate,,2018-10-01,229.0,0.0,12636.61,13.0,1,1000,30720,3000,70,7,0.01,0.01,ultimate,0.0,0.0,0.0,0.0,0.0,0.0,70.0
1427,Zofia,Brock,64,"Washington-Arlington-Alexandria, DC-VA-MD-WV MSA",2018-01-26,ultimate,,2018-11-01,378.0,0.0,5908.5,6.0,1,1000,30720,3000,70,7,0.01,0.01,ultimate,0.0,0.0,0.0,0.0,0.0,0.0,70.0
1427,Zofia,Brock,64,"Washington-Arlington-Alexandria, DC-VA-MD-WV MSA",2018-01-26,ultimate,,2018-12-01,385.0,0.0,7606.02,8.0,1,1000,30720,3000,70,7,0.01,0.01,ultimate,0.0,0.0,0.0,0.0,0.0,0.0,70.0
1428,Asuncion,Conrad,66,"Phoenix-Mesa-Chandler, AZ MSA",2018-10-23,surf,,2018-10-01,225.0,7.0,2875.72,3.0,0,50,15360,500,20,10,0.03,0.03,surf,0.0,0.0,0.0,0.0,0.0,0.0,20.0
1428,Asuncion,Conrad,66,"Phoenix-Mesa-Chandler, AZ MSA",2018-10-23,surf,,2018-11-01,620.0,28.0,17051.28,17.0,0,50,15360,500,20,10,0.03,0.03,surf,120.0,0.0,2.0,3.5999999999999996,0.0,20.0,43.6
1428,Asuncion,Conrad,66,"Phoenix-Mesa-Chandler, AZ MSA",2018-10-23,surf,,2018-12-01,650.0,28.0,20189.02,20.0,0,50,15360,500,20,10,0.03,0.03,surf,150.0,0.0,5.0,4.5,0.0,50.0,74.5
1429,Arianna,Rowe,36,"New York-Newark-Jersey City, NY-NJ-PA MSA",2018-12-22,surf,,2018-12-01,130.0,17.0,6770.01,7.0,0,50,15360,500,20,10,0.03,0.03,surf,0.0,0.0,0.0,0.0,0.0,0.0,20.0
1430,Myung,Pugh,63,"New York-Newark-Jersey City, NY-NJ-PA MSA",2018-12-07,surf,,2018-12-01,576.0,32.0,21955.85,22.0,0,50,15360,500,20,10,0.03,0.03,surf,76.0,0.0,7.0,2.28,0.0,70.0,92.28
1431,Napoleon,Burt,74,"Sacramento–Roseville–Folsom, CA MSA",2018-01-28,surf,,2018-10-01,19.0,2.0,1761.48,2.0,0,50,15360,500,20,10,0.03,0.03,surf,0.0,0.0,0.0,0.0,0.0,0.0,20.0
1431,Napoleon,Burt,74,"Sacramento–Roseville–Folsom, CA MSA",2018-01-28,surf,,2018-11-01,433.0,31.0,22610.4,23.0,0,50,15360,500,20,10,0.03,0.03,surf,0.0,0.0,8.0,0.0,0.0,80.0,100.0
1431,Napoleon,Burt,74,"Sacramento–Roseville–Folsom, CA MSA",2018-01-28,surf,,2018-12-01,670.0,39.0,23992.0,24.0,0,50,15360,500,20,10,0.03,0.03,surf,170.0,0.0,9.0,5.1,0.0,90.0,115.1
1432,Azucena,Goodwin,59,"Salt Lake City, UT MSA",2018-10-03,ultimate,,2018-10-01,655.0,8.0,8402.19,9.0,1,1000,30720,3000,70,7,0.01,0.01,ultimate,0.0,0.0,0.0,0.0,0.0,0.0,70.0
1432,Azucena,Goodwin,59,"Salt Lake City, UT MSA",2018-10-03,ultimate,,2018-11-01,718.0,13.0,18158.84,18.0,1,1000,30720,3000,70,7,0.01,0.01,ultimate,0.0,0.0,0.0,0.0,0.0,0.0,70.0
1432,Azucena,Goodwin,59,"Salt Lake City, UT MSA",2018-10-03,ultimate,,2018-12-01,510.0,6.0,17531.86,18.0,1,1000,30720,3000,70,7,0.01,0.01,ultimate,0.0,0.0,0.0,0.0,0.0,0.0,70.0
1433,Lyndon,Morrison,29,"Philadelphia-Camden-Wilmington, PA-NJ-DE-MD MSA",2018-08-29,ultimate,,2018-09-01,182.0,45.0,8261.57,9.0,1,1000,30720,3000,70,7,0.01,0.01,ultimate,0.0,0.0,0.0,0.0,0.0,0.0,70.0
1433,Lyndon,Morrison,29,"Philadelphia-Camden-Wilmington, PA-NJ-DE-MD MSA",2018-08-29,ultimate,,2018-10-01,556.0,127.0,29147.48,29.0,1,1000,30720,3000,70,7,0.01,0.01,ultimate,0.0,0.0,0.0,0.0,0.0,0.0,70.0
1433,Lyndon,Morrison,29,"Philadelphia-Camden-Wilmington, PA-NJ-DE-MD MSA",2018-08-29,ultimate,,2018-11-01,591.0,123.0,24238.68,24.0,1,1000,30720,3000,70,7,0.01,0.01,ultimate,0.0,0.0,0.0,0.0,0.0,0.0,70.0
1433,Lyndon,Morrison,29,"Philadelphia-Camden-Wilmington, PA-NJ-DE-MD MSA",2018-08-29,ultimate,,2018-12-01,706.0,125.0,26039.84,26.0,1,1000,30720,3000,70,7,0.01,0.01,ultimate,0.0,0.0,0.0,0.0,0.0,0.0,70.0
1434,Kai,Barr,18,"New York-Newark-Jersey City, NY-NJ-PA MSA",2018-03-06,surf,,2018-03-01,350.0,45.0,16012.38,16.0,0,50,15360,500,20,10,0.03,0.03,surf,0.0,0.0,1.0,0.0,0.0,10.0,30.0
1434,Kai,Barr,18,"New York-Newark-Jersey City, NY-NJ-PA MSA",2018-03-06,surf,,2018-04-01,386.0,46.0,11664.64,12.0,0,50,15360,500,20,10,0.03,0.03,surf,0.0,0.0,0.0,0.0,0.0,0.0,20.0
1434,Kai,Barr,18,"New York-Newark-Jersey City, NY-NJ-PA MSA",2018-03-06,surf,,2018-05-01,473.0,48.0,9306.31,10.0,0,50,15360,500,20,10,0.03,0.03,surf,0.0,0.0,0.0,0.0,0.0,0.0,20.0
1434,Kai,Barr,18,"New York-Newark-Jersey City, NY-NJ-PA MSA",2018-03-06,surf,,2018-06-01,498.0,49.0,14515.06,15.0,0,50,15360,500,20,10,0.03,0.03,surf,0.0,0.0,0.0,0.0,0.0,0.0,20.0
1434,Kai,Barr,18,"New York-Newark-Jersey City, NY-NJ-PA MSA",2018-03-06,surf,,2018-07-01,514.0,48.0,13130.24,13.0,0,50,15360,500,20,10,0.03,0.03,surf,14.0,0.0,0.0,0.42,0.0,0.0,20.42
1434,Kai,Barr,18,"New York-Newark-Jersey City, NY-NJ-PA MSA",2018-03-06,surf,,2018-08-01,369.0,48.0,15150.66,15.0,0,50,15360,500,20,10,0.03,0.03,surf,0.0,0.0,0.0,0.0,0.0,0.0,20.0
1434,Kai,Barr,18,"New York-Newark-Jersey City, NY-NJ-PA MSA",2018-03-06,surf,,2018-09-01,451.0,50.0,15125.96,15.0,0,50,15360,500,20,10,0.03,0.03,surf,0.0,0.0,0.0,0.0,0.0,0.0,20.0
1434,Kai,Barr,18,"New York-Newark-Jersey City, NY-NJ-PA MSA",2018-03-06,surf,,2018-10-01,466.0,46.0,12090.0,12.0,0,50,15360,500,20,10,0.03,0.03,surf,0.0,0.0,0.0,0.0,0.0,0.0,20.0
1434,Kai,Barr,18,"New York-Newark-Jersey City, NY-NJ-PA MSA",2018-03-06,surf,,2018-11-01,520.0,41.0,14944.82,15.0,0,50,15360,500,20,10,0.03,0.03,surf,20.0,0.0,0.0,0.6,0.0,0.0,20.6
1434,Kai,Barr,18,"New York-Newark-Jersey City, NY-NJ-PA MSA",2018-03-06,surf,,2018-12-01,410.0,61.0,17611.43,18.0,0,50,15360,500,20,10,0.03,0.03,surf,0.0,11.0,3.0,0.0,0.32999999999999996,30.0,50.33
1435,Darnell,Powell,23,"Washington-Arlington-Alexandria, DC-VA-MD-WV MSA",2018-07-24,ultimate,,2018-09-01,81.0,69.0,18291.43,18.0,1,1000,30720,3000,70,7,0.01,0.01,ultimate,0.0,0.0,0.0,0.0,0.0,0.0,70.0
1435,Darnell,Powell,23,"Washington-Arlington-Alexandria, DC-VA-MD-WV MSA",2018-07-24,ultimate,,2018-10-01,301.0,128.0,28334.27,28.0,1,1000,30720,3000,70,7,0.01,0.01,ultimate,0.0,0.0,0.0,0.0,0.0,0.0,70.0
1435,Darnell,Powell,23,"Washington-Arlington-Alexandria, DC-VA-MD-WV MSA",2018-07-24,ultimate,,2018-11-01,163.0,125.0,33786.71,33.0,1,1000,30720,3000,70,7,0.01,0.01,ultimate,0.0,0.0,3.0,0.0,0.0,21.0,91.0
1435,Darnell,Powell,23,"Washington-Arlington-Alexandria, DC-VA-MD-WV MSA",2018-07-24,ultimate,,2018-12-01,331.0,150.0,26193.97,26.0,1,1000,30720,3000,70,7,0.01,0.01,ultimate,0.0,0.0,0.0,0.0,0.0,0.0,70.0
1436,Jennine,Kinney,69,"Philadelphia-Camden-Wilmington, PA-NJ-DE-MD MSA",2018-08-26,ultimate,,2018-08-01,111.0,0.0,3598.71,4.0,1,1000,30720,3000,70,7,0.01,0.01,ultimate,0.0,0.0,0.0,0.0,0.0,0.0,70.0
1436,Jennine,Kinney,69,"Philadelphia-Camden-Wilmington, PA-NJ-DE-MD MSA",2018-08-26,ultimate,,2018-09-01,656.0,0.0,20272.2,20.0,1,1000,30720,3000,70,7,0.01,0.01,ultimate,0.0,0.0,0.0,0.0,0.0,0.0,70.0
1436,Jennine,Kinney,69,"Philadelphia-Camden-Wilmington, PA-NJ-DE-MD MSA",2018-08-26,ultimate,,2018-10-01,470.0,0.0,16018.68,16.0,1,1000,30720,3000,70,7,0.01,0.01,ultimate,0.0,0.0,0.0,0.0,0.0,0.0,70.0
1436,Jennine,Kinney,69,"Philadelphia-Camden-Wilmington, PA-NJ-DE-MD MSA",2018-08-26,ultimate,,2018-11-01,552.0,0.0,15578.380000000001,16.0,1,1000,30720,3000,70,7,0.01,0.01,ultimate,0.0,0.0,0.0,0.0,0.0,0.0,70.0
1436,Jennine,Kinney,69,"Philadelphia-Camden-Wilmington, PA-NJ-DE-MD MSA",2018-08-26,ultimate,,2018-12-01,478.0,0.0,16480.68,17.0,1,1000,30720,3000,70,7,0.01,0.01,ultimate,0.0,0.0,0.0,0.0,0.0,0.0,70.0
1437,Louis,Neal,42,"Dallas-Fort Worth-Arlington, TX MSA",2018-11-12,surf,,2018-11-01,467.0,0.0,15189.99,15.0,0,50,15360,500,20,10,0.03,0.03,surf,0.0,0.0,0.0,0.0,0.0,0.0,20.0
1437,Louis,Neal,42,"Dallas-Fort Worth-Arlington, TX MSA",2018-11-12,surf,,2018-12-01,744.0,0.0,19789.64,20.0,0,50,15360,500,20,10,0.03,0.03,surf,244.0,0.0,5.0,7.319999999999999,0.0,50.0,77.32
1438,Harvey,Brooks,36,"Orlando-Kissimmee-Sanford, FL MSA",2018-06-15,surf,,2018-09-01,76.0,20.0,6473.38,7.0,0,50,15360,500,20,10,0.03,0.03,surf,0.0,0.0,0.0,0.0,0.0,0.0,20.0
1438,Harvey,Brooks,36,"Orlando-Kissimmee-Sanford, FL MSA",2018-06-15,surf,,2018-10-01,485.0,53.0,17741.66,18.0,0,50,15360,500,20,10,0.03,0.03,surf,0.0,3.0,3.0,0.0,0.09,30.0,50.09
1438,Harvey,Brooks,36,"Orlando-Kissimmee-Sanford, FL MSA",2018-06-15,surf,,2018-11-01,279.0,44.0,18409.59,18.0,0,50,15360,500,20,10,0.03,0.03,surf,0.0,0.0,3.0,0.0,0.0,30.0,50.0
1438,Harvey,Brooks,36,"Orlando-Kissimmee-Sanford, FL MSA",2018-06-15,surf,,2018-12-01,370.0,55.0,21041.52,21.0,0,50,15360,500,20,10,0.03,0.03,surf,0.0,5.0,6.0,0.0,0.15,60.0,80.15
1439,Moses,Cabrera,28,"Riverside-San Bernardino-Ontario, CA MSA",2018-01-04,surf,,2018-05-01,295.0,55.0,13808.46,14.0,0,50,15360,500,20,10,0.03,0.03,surf,0.0,5.0,0.0,0.0,0.15,0.0,20.15
1439,Moses,Cabrera,28,"Riverside-San Bernardino-Ontario, CA MSA",2018-01-04,surf,,2018-06-01,399.0,69.0,17482.93,18.0,0,50,15360,500,20,10,0.03,0.03,surf,0.0,19.0,3.0,0.0,0.57,30.0,50.57
1439,Moses,Cabrera,28,"Riverside-San Bernardino-Ontario, CA MSA",2018-01-04,surf,,2018-07-01,309.0,59.0,20221.49,20.0,0,50,15360,500,20,10,0.03,0.03,surf,0.0,9.0,5.0,0.0,0.27,50.0,70.27
1439,Moses,Cabrera,28,"Riverside-San Bernardino-Ontario, CA MSA",2018-01-04,surf,,2018-08-01,351.0,70.0,12147.63,12.0,0,50,15360,500,20,10,0.03,0.03,surf,0.0,20.0,0.0,0.0,0.6,0.0,20.6
1439,Moses,Cabrera,28,"Riverside-San Bernardino-Ontario, CA MSA",2018-01-04,surf,,2018-09-01,300.0,67.0,12222.24,12.0,0,50,15360,500,20,10,0.03,0.03,surf,0.0,17.0,0.0,0.0,0.51,0.0,20.51
1439,Moses,Cabrera,28,"Riverside-San Bernardino-Ontario, CA MSA",2018-01-04,surf,,2018-10-01,312.0,77.0,17702.6,18.0,0,50,15360,500,20,10,0.03,0.03,surf,0.0,27.0,3.0,0.0,0.8099999999999999,30.0,50.81
1439,Moses,Cabrera,28,"Riverside-San Bernardino-Ontario, CA MSA",2018-01-04,surf,,2018-11-01,345.0,70.0,13855.92,14.0,0,50,15360,500,20,10,0.03,0.03,surf,0.0,20.0,0.0,0.0,0.6,0.0,20.6
1439,Moses,Cabrera,28,"Riverside-San Bernardino-Ontario, CA MSA",2018-01-04,surf,,2018-12-01,237.0,61.0,21830.62,22.0,0,50,15360,500,20,10,0.03,0.03,surf,0.0,11.0,7.0,0.0,0.32999999999999996,70.0,90.33
1440,France,Barrett,49,"Nashville-Davidson–Murfreesboro–Franklin, TN MSA",2018-04-16,surf,,2018-05-01,19.0,2.0,2310.58,3.0,0,50,15360,500,20,10,0.03,0.03,surf,0.0,0.0,0.0,0.0,0.0,0.0,20.0
1440,France,Barrett,49,"Nashville-Davidson–Murfreesboro–Franklin, TN MSA",2018-04-16,surf,,2018-06-01,714.0,38.0,18571.69,19.0,0,50,15360,500,20,10,0.03,0.03,surf,214.0,0.0,4.0,6.42,0.0,40.0,66.42
1440,France,Barrett,49,"Nashville-Davidson–Murfreesboro–Franklin, TN MSA",2018-04-16,surf,,2018-07-01,676.0,36.0,17157.739999999998,17.0,0,50,15360,500,20,10,0.03,0.03,surf,176.0,0.0,2.0,5.279999999999999,0.0,20.0,45.28
1440,France,Barrett,49,"Nashville-Davidson–Murfreesboro–Franklin, TN MSA",2018-04-16,surf,,2018-08-01,698.0,40.0,21716.59,22.0,0,50,15360,500,20,10,0.03,0.03,surf,198.0,0.0,7.0,5.9399999999999995,0.0,70.0,95.94
1440,France,Barrett,49,"Nashville-Davidson–Murfreesboro–Franklin, TN MSA",2018-04-16,surf,,2018-09-01,699.0,43.0,23276.3,23.0,0,50,15360,500,20,10,0.03,0.03,surf,199.0,0.0,8.0,5.97,0.0,80.0,105.97
1440,France,Barrett,49,"Nashville-Davidson–Murfreesboro–Franklin, TN MSA",2018-04-16,surf,,2018-10-01,562.0,39.0,19872.95,20.0,0,50,15360,500,20,10,0.03,0.03,surf,62.0,0.0,5.0,1.8599999999999999,0.0,50.0,71.86
1440,France,Barrett,49,"Nashville-Davidson–Murfreesboro–Franklin, TN MSA",2018-04-16,surf,,2018-11-01,787.0,36.0,15026.33,15.0,0,50,15360,500,20,10,0.03,0.03,surf,287.0,0.0,0.0,8.61,0.0,0.0,28.61
1440,France,Barrett,49,"Nashville-Davidson–Murfreesboro–Franklin, TN MSA",2018-04-16,surf,,2018-12-01,618.0,38.0,14961.93,15.0,0,50,15360,500,20,10,0.03,0.03,surf,118.0,0.0,0.0,3.54,0.0,0.0,23.54
1441,Piedad,Myers,23,"Atlanta-Sandy Springs-Roswell, GA MSA",2018-03-08,ultimate,2018-08-19,,0.0,0.0,0.0,0.0,1,1000,30720,3000,70,7,0.01,0.01,ultimate,0.0,0.0,0.0,0.0,0.0,0.0,70.0
1442,Terrell,Caldwell,66,"New York-Newark-Jersey City, NY-NJ-PA MSA",2018-05-25,ultimate,,2018-12-01,236.0,65.0,14448.26,15.0,1,1000,30720,3000,70,7,0.01,0.01,ultimate,0.0,0.0,0.0,0.0,0.0,0.0,70.0
1443,Genaro,Quinn,58,"Atlanta-Sandy Springs-Roswell, GA MSA",2018-03-11,surf,,2018-11-01,187.0,5.0,12661.380000000001,13.0,0,50,15360,500,20,10,0.03,0.03,surf,0.0,0.0,0.0,0.0,0.0,0.0,20.0
1443,Genaro,Quinn,58,"Atlanta-Sandy Springs-Roswell, GA MSA",2018-03-11,surf,,2018-12-01,772.0,19.0,27578.4,27.0,0,50,15360,500,20,10,0.03,0.03,surf,272.0,0.0,12.0,8.16,0.0,120.0,148.16
1444,Glinda,Dickerson,70,"New Haven-Milford, CT MSA",2018-06-20,surf,,2018-08-01,114.0,46.0,11984.29,12.0,0,50,15360,500,20,10,0.03,0.03,surf,0.0,0.0,0.0,0.0,0.0,0.0,20.0
1444,Glinda,Dickerson,70,"New Haven-Milford, CT MSA",2018-06-20,surf,,2018-09-01,177.0,53.0,16978.89,17.0,0,50,15360,500,20,10,0.03,0.03,surf,0.0,3.0,2.0,0.0,0.09,20.0,40.09
1444,Glinda,Dickerson,70,"New Haven-Milford, CT MSA",2018-06-20,surf,,2018-10-01,228.0,54.0,24813.96,25.0,0,50,15360,500,20,10,0.03,0.03,surf,0.0,4.0,10.0,0.0,0.12,100.0,120.12
1444,Glinda,Dickerson,70,"New Haven-Milford, CT MSA",2018-06-20,surf,,2018-11-01,163.0,49.0,22308.93,22.0,0,50,15360,500,20,10,0.03,0.03,surf,0.0,0.0,7.0,0.0,0.0,70.0,90.0
1444,Glinda,Dickerson,70,"New Haven-Milford, CT MSA",2018-06-20,surf,,2018-12-01,189.0,53.0,18972.2,19.0,0,50,15360,500,20,10,0.03,0.03,surf,0.0,3.0,4.0,0.0,0.09,40.0,60.09
1445,Elodia,Donovan,71,"Dallas-Fort Worth-Arlington, TX MSA",2018-01-27,ultimate,,2018-03-01,232.0,9.0,5096.67,5.0,1,1000,30720,3000,70,7,0.01,0.01,ultimate,0.0,0.0,0.0,0.0,0.0,0.0,70.0
1445,Elodia,Donovan,71,"Dallas-Fort Worth-Arlington, TX MSA",2018-01-27,ultimate,,2018-04-01,409.0,11.0,10811.11,11.0,1,1000,30720,3000,70,7,0.01,0.01,ultimate,0.0,0.0,0.0,0.0,0.0,0.0,70.0
1445,Elodia,Donovan,71,"Dallas-Fort Worth-Arlington, TX MSA",2018-01-27,ultimate,,2018-05-01,245.0,15.0,16434.59,17.0,1,1000,30720,3000,70,7,0.01,0.01,ultimate,0.0,0.0,0.0,0.0,0.0,0.0,70.0
1445,Elodia,Donovan,71,"Dallas-Fort Worth-Arlington, TX MSA",2018-01-27,ultimate,,2018-06-01,528.0,11.0,14805.7,15.0,1,1000,30720,3000,70,7,0.01,0.01,ultimate,0.0,0.0,0.0,0.0,0.0,0.0,70.0
1445,Elodia,Donovan,71,"Dallas-Fort Worth-Arlington, TX MSA",2018-01-27,ultimate,,2018-07-01,439.0,20.0,10826.2,11.0,1,1000,30720,3000,70,7,0.01,0.01,ultimate,0.0,0.0,0.0,0.0,0.0,0.0,70.0
1445,Elodia,Donovan,71,"Dallas-Fort Worth-Arlington, TX MSA",2018-01-27,ultimate,,2018-08-01,406.0,16.0,14180.12,14.0,1,1000,30720,3000,70,7,0.01,0.01,ultimate,0.0,0.0,0.0,0.0,0.0,0.0,70.0
1445,Elodia,Donovan,71,"Dallas-Fort Worth-Arlington, TX MSA",2018-01-27,ultimate,,2018-09-01,263.0,2.0,7597.99,8.0,1,1000,30720,3000,70,7,0.01,0.01,ultimate,0.0,0.0,0.0,0.0,0.0,0.0,70.0
1446,Pasquale,Ball,52,"Austin-Round Rock-Georgetown, TX MSA",2018-09-10,surf,,2018-09-01,231.0,12.0,12604.44,13.0,0,50,15360,500,20,10,0.03,0.03,surf,0.0,0.0,0.0,0.0,0.0,0.0,20.0
1446,Pasquale,Ball,52,"Austin-Round Rock-Georgetown, TX MSA",2018-09-10,surf,,2018-10-01,330.0,18.0,23951.43,24.0,0,50,15360,500,20,10,0.03,0.03,surf,0.0,0.0,9.0,0.0,0.0,90.0,110.0
1446,Pasquale,Ball,52,"Austin-Round Rock-Georgetown, TX MSA",2018-09-10,surf,,2018-11-01,413.0,21.0,19006.170000000002,19.0,0,50,15360,500,20,10,0.03,0.03,surf,0.0,0.0,4.0,0.0,0.0,40.0,60.0
1446,Pasquale,Ball,52,"Austin-Round Rock-Georgetown, TX MSA",2018-09-10,surf,,2018-12-01,448.0,25.0,19804.02,20.0,0,50,15360,500,20,10,0.03,0.03,surf,0.0,0.0,5.0,0.0,0.0,50.0,70.0
1447,Ramon,Hester,62,"Orlando-Kissimmee-Sanford, FL MSA",2018-05-01,surf,,2018-10-01,174.0,17.0,6043.8,6.0,0,50,15360,500,20,10,0.03,0.03,surf,0.0,0.0,0.0,0.0,0.0,0.0,20.0
1447,Ramon,Hester,62,"Orlando-Kissimmee-Sanford, FL MSA",2018-05-01,surf,,2018-11-01,482.0,68.0,40217.22,40.0,0,50,15360,500,20,10,0.03,0.03,surf,0.0,18.0,25.0,0.0,0.54,250.0,270.54
1447,Ramon,Hester,62,"Orlando-Kissimmee-Sanford, FL MSA",2018-05-01,surf,,2018-12-01,592.0,71.0,37464.81,37.0,0,50,15360,500,20,10,0.03,0.03,surf,92.0,21.0,22.0,2.76,0.63,220.0,243.39
1448,Elayne,Foley,33,"Urban Honolulu, HI MSA",2018-10-17,surf,,2018-10-01,141.0,19.0,7920.65,8.0,0,50,15360,500,20,10,0.03,0.03,surf,0.0,0.0,0.0,0.0,0.0,0.0,20.0
1448,Elayne,Foley,33,"Urban Honolulu, HI MSA",2018-10-17,surf,,2018-11-01,238.0,55.0,12481.52,13.0,0,50,15360,500,20,10,0.03,0.03,surf,0.0,5.0,0.0,0.0,0.15,0.0,20.15
1448,Elayne,Foley,33,"Urban Honolulu, HI MSA",2018-10-17,surf,,2018-12-01,228.0,59.0,12864.8,13.0,0,50,15360,500,20,10,0.03,0.03,surf,0.0,9.0,0.0,0.0,0.27,0.0,20.27
1449,Boyd,Kelley,39,"Seattle-Tacoma-Bellevue, WA MSA",2018-10-04,surf,,2018-10-01,368.0,0.0,19011.78,19.0,0,50,15360,500,20,10,0.03,0.03,surf,0.0,0.0,4.0,0.0,0.0,40.0,60.0
1449,Boyd,Kelley,39,"Seattle-Tacoma-Bellevue, WA MSA",2018-10-04,surf,,2018-11-01,291.0,0.0,15827.64,16.0,0,50,15360,500,20,10,0.03,0.03,surf,0.0,0.0,1.0,0.0,0.0,10.0,30.0
1449,Boyd,Kelley,39,"Seattle-Tacoma-Bellevue, WA MSA",2018-10-04,surf,,2018-12-01,210.0,0.0,24200.95,24.0,0,50,15360,500,20,10,0.03,0.03,surf,0.0,0.0,9.0,0.0,0.0,90.0,110.0
1450,Errol,Marquez,67,"Bakersfield, CA MSA",2018-06-16,ultimate,,2018-12-01,688.0,82.0,17492.24,18.0,1,1000,30720,3000,70,7,0.01,0.01,ultimate,0.0,0.0,0.0,0.0,0.0,0.0,70.0
1451,Lenard,Harding,53,"Charlotte-Concord-Gastonia, NC-SC MSA",2018-02-15,ultimate,2018-12-10,2018-08-01,262.0,33.0,6150.17,7.0,1,1000,30720,3000,70,7,0.01,0.01,ultimate,0.0,0.0,0.0,0.0,0.0,0.0,70.0
1451,Lenard,Harding,53,"Charlotte-Concord-Gastonia, NC-SC MSA",2018-02-15,ultimate,2018-12-10,2018-09-01,595.0,54.0,11951.66,12.0,1,1000,30720,3000,70,7,0.01,0.01,ultimate,0.0,0.0,0.0,0.0,0.0,0.0,70.0
1451,Lenard,Harding,53,"Charlotte-Concord-Gastonia, NC-SC MSA",2018-02-15,ultimate,2018-12-10,2018-10-01,518.0,49.0,13541.86,14.0,1,1000,30720,3000,70,7,0.01,0.01,ultimate,0.0,0.0,0.0,0.0,0.0,0.0,70.0
1451,Lenard,Harding,53,"Charlotte-Concord-Gastonia, NC-SC MSA",2018-02-15,ultimate,2018-12-10,2018-11-01,600.0,60.0,14708.82,15.0,1,1000,30720,3000,70,7,0.01,0.01,ultimate,0.0,0.0,0.0,0.0,0.0,0.0,70.0
1451,Lenard,Harding,53,"Charlotte-Concord-Gastonia, NC-SC MSA",2018-02-15,ultimate,2018-12-10,2018-12-01,116.0,14.0,2732.89,3.0,1,1000,30720,3000,70,7,0.01,0.01,ultimate,0.0,0.0,0.0,0.0,0.0,0.0,70.0
1452,Miguel,Sparks,32,"Tucson, AZ MSA",2018-12-29,surf,,2018-12-01,36.0,4.0,92.68,1.0,0,50,15360,500,20,10,0.03,0.03,surf,0.0,0.0,0.0,0.0,0.0,0.0,20.0
1453,Robt,Tyler,51,"Los Angeles-Long Beach-Anaheim, CA MSA",2018-07-09,ultimate,,2018-11-01,303.0,38.0,17263.27,17.0,1,1000,30720,3000,70,7,0.01,0.01,ultimate,0.0,0.0,0.0,0.0,0.0,0.0,70.0
1453,Robt,Tyler,51,"Los Angeles-Long Beach-Anaheim, CA MSA",2018-07-09,ultimate,,2018-12-01,265.0,48.0,16873.74,17.0,1,1000,30720,3000,70,7,0.01,0.01,ultimate,0.0,0.0,0.0,0.0,0.0,0.0,70.0
1454,Kymberly,Cohen,56,"San Antonio-New Braunfels, TX MSA",2018-05-30,ultimate,,2018-07-01,24.0,23.0,5262.1,6.0,1,1000,30720,3000,70,7,0.01,0.01,ultimate,0.0,0.0,0.0,0.0,0.0,0.0,70.0
1454,Kymberly,Cohen,56,"San Antonio-New Braunfels, TX MSA",2018-05-30,ultimate,,2018-08-01,305.0,78.0,23053.98,23.0,1,1000,30720,3000,70,7,0.01,0.01,ultimate,0.0,0.0,0.0,0.0,0.0,0.0,70.0
1454,Kymberly,Cohen,56,"San Antonio-New Braunfels, TX MSA",2018-05-30,ultimate,,2018-09-01,200.0,85.0,23703.57,24.0,1,1000,30720,3000,70,7,0.01,0.01,ultimate,0.0,0.0,0.0,0.0,0.0,0.0,70.0
1454,Kymberly,Cohen,56,"San Antonio-New Braunfels, TX MSA",2018-05-30,ultimate,,2018-10-01,260.0,80.0,23455.56,23.0,1,1000,30720,3000,70,7,0.01,0.01,ultimate,0.0,0.0,0.0,0.0,0.0,0.0,70.0
1454,Kymberly,Cohen,56,"San Antonio-New Braunfels, TX MSA",2018-05-30,ultimate,,2018-11-01,273.0,90.0,13340.98,14.0,1,1000,30720,3000,70,7,0.01,0.01,ultimate,0.0,0.0,0.0,0.0,0.0,0.0,70.0
1454,Kymberly,Cohen,56,"San Antonio-New Braunfels, TX MSA",2018-05-30,ultimate,,2018-12-01,259.0,70.0,22246.47,22.0,1,1000,30720,3000,70,7,0.01,0.01,ultimate,0.0,0.0,0.0,0.0,0.0,0.0,70.0
1455,Jude,Fischer,20,"Denver-Aurora-Lakewood, CO MSA",2018-08-13,surf,,2018-11-01,533.0,68.0,9030.27,9.0,0,50,15360,500,20,10,0.03,0.03,surf,33.0,18.0,0.0,0.99,0.54,0.0,21.529999999999998
1455,Jude,Fischer,20,"Denver-Aurora-Lakewood, CO MSA",2018-08-13,surf,,2018-12-01,61.0,9.0,626.94,1.0,0,50,15360,500,20,10,0.03,0.03,surf,0.0,0.0,0.0,0.0,0.0,0.0,20.0
1456,Seymour,Olsen,66,"Minneapolis-St. Paul-Bloomington, MN-WI MSA",2018-06-02,ultimate,,2018-06-01,412.0,33.0,12266.66,12.0,1,1000,30720,3000,70,7,0.01,0.01,ultimate,0.0,0.0,0.0,0.0,0.0,0.0,70.0
1456,Seymour,Olsen,66,"Minneapolis-St. Paul-Bloomington, MN-WI MSA",2018-06-02,ultimate,,2018-07-01,652.0,35.0,14010.35,14.0,1,1000,30720,3000,70,7,0.01,0.01,ultimate,0.0,0.0,0.0,0.0,0.0,0.0,70.0
1456,Seymour,Olsen,66,"Minneapolis-St. Paul-Bloomington, MN-WI MSA",2018-06-02,ultimate,,2018-08-01,464.0,38.0,11739.53,12.0,1,1000,30720,3000,70,7,0.01,0.01,ultimate,0.0,0.0,0.0,0.0,0.0,0.0,70.0
1456,Seymour,Olsen,66,"Minneapolis-St. Paul-Bloomington, MN-WI MSA",2018-06-02,ultimate,,2018-09-01,507.0,35.0,11535.48,12.0,1,1000,30720,3000,70,7,0.01,0.01,ultimate,0.0,0.0,0.0,0.0,0.0,0.0,70.0
1456,Seymour,Olsen,66,"Minneapolis-St. Paul-Bloomington, MN-WI MSA",2018-06-02,ultimate,,2018-10-01,303.0,27.0,7625.469999999999,8.0,1,1000,30720,3000,70,7,0.01,0.01,ultimate,0.0,0.0,0.0,0.0,0.0,0.0,70.0
1456,Seymour,Olsen,66,"Minneapolis-St. Paul-Bloomington, MN-WI MSA",2018-06-02,ultimate,,2018-11-01,432.0,23.0,12935.59,13.0,1,1000,30720,3000,70,7,0.01,0.01,ultimate,0.0,0.0,0.0,0.0,0.0,0.0,70.0
1456,Seymour,Olsen,66,"Minneapolis-St. Paul-Bloomington, MN-WI MSA",2018-06-02,ultimate,,2018-12-01,425.0,43.0,12405.6,13.0,1,1000,30720,3000,70,7,0.01,0.01,ultimate,0.0,0.0,0.0,0.0,0.0,0.0,70.0
1457,Janean,Lynch,47,"New York-Newark-Jersey City, NY-NJ-PA MSA",2018-02-17,surf,,2018-12-01,85.0,4.0,13148.93,13.0,0,50,15360,500,20,10,0.03,0.03,surf,0.0,0.0,0.0,0.0,0.0,0.0,20.0
1458,Joella,Munoz,32,"Detroit-Warren-Dearborn, MI MSA",2018-07-24,ultimate,,2018-07-01,16.0,6.0,4700.98,5.0,1,1000,30720,3000,70,7,0.01,0.01,ultimate,0.0,0.0,0.0,0.0,0.0,0.0,70.0
1458,Joella,Munoz,32,"Detroit-Warren-Dearborn, MI MSA",2018-07-24,ultimate,,2018-08-01,216.0,40.0,16003.72,16.0,1,1000,30720,3000,70,7,0.01,0.01,ultimate,0.0,0.0,0.0,0.0,0.0,0.0,70.0
1458,Joella,Munoz,32,"Detroit-Warren-Dearborn, MI MSA",2018-07-24,ultimate,,2018-09-01,158.0,33.0,21516.32,22.0,1,1000,30720,3000,70,7,0.01,0.01,ultimate,0.0,0.0,0.0,0.0,0.0,0.0,70.0
1458,Joella,Munoz,32,"Detroit-Warren-Dearborn, MI MSA",2018-07-24,ultimate,,2018-10-01,164.0,33.0,17622.3,18.0,1,1000,30720,3000,70,7,0.01,0.01,ultimate,0.0,0.0,0.0,0.0,0.0,0.0,70.0
1458,Joella,Munoz,32,"Detroit-Warren-Dearborn, MI MSA",2018-07-24,ultimate,,2018-11-01,244.0,30.0,16866.45,17.0,1,1000,30720,3000,70,7,0.01,0.01,ultimate,0.0,0.0,0.0,0.0,0.0,0.0,70.0
1458,Joella,Munoz,32,"Detroit-Warren-Dearborn, MI MSA",2018-07-24,ultimate,,2018-12-01,121.0,32.0,15377.64,16.0,1,1000,30720,3000,70,7,0.01,0.01,ultimate,0.0,0.0,0.0,0.0,0.0,0.0,70.0
1459,Santos,Head,40,"San Francisco-Oakland-Berkeley, CA MSA",2018-04-27,ultimate,,2018-11-01,468.0,0.0,21549.01,22.0,1,1000,30720,3000,70,7,0.01,0.01,ultimate,0.0,0.0,0.0,0.0,0.0,0.0,70.0
1459,Santos,Head,40,"San Francisco-Oakland-Berkeley, CA MSA",2018-04-27,ultimate,,2018-12-01,739.0,0.0,29330.38,29.0,1,1000,30720,3000,70,7,0.01,0.01,ultimate,0.0,0.0,0.0,0.0,0.0,0.0,70.0
1460,Winford,Underwood,46,"Fresno, CA MSA",2018-05-28,ultimate,,2018-05-01,52.0,5.0,2292.12,3.0,1,1000,30720,3000,70,7,0.01,0.01,ultimate,0.0,0.0,0.0,0.0,0.0,0.0,70.0
1460,Winford,Underwood,46,"Fresno, CA MSA",2018-05-28,ultimate,,2018-06-01,366.0,59.0,33687.73,33.0,1,1000,30720,3000,70,7,0.01,0.01,ultimate,0.0,0.0,3.0,0.0,0.0,21.0,91.0
1460,Winford,Underwood,46,"Fresno, CA MSA",2018-05-28,ultimate,,2018-07-01,400.0,44.0,29541.12,29.0,1,1000,30720,3000,70,7,0.01,0.01,ultimate,0.0,0.0,0.0,0.0,0.0,0.0,70.0
1460,Winford,Underwood,46,"Fresno, CA MSA",2018-05-28,ultimate,,2018-08-01,545.0,42.0,29968.06,30.0,1,1000,30720,3000,70,7,0.01,0.01,ultimate,0.0,0.0,0.0,0.0,0.0,0.0,70.0
1460,Winford,Underwood,46,"Fresno, CA MSA",2018-05-28,ultimate,,2018-09-01,370.0,45.0,34839.23,35.0,1,1000,30720,3000,70,7,0.01,0.01,ultimate,0.0,0.0,5.0,0.0,0.0,35.0,105.0
1460,Winford,Underwood,46,"Fresno, CA MSA",2018-05-28,ultimate,,2018-10-01,410.0,40.0,29750.14,30.0,1,1000,30720,3000,70,7,0.01,0.01,ultimate,0.0,0.0,0.0,0.0,0.0,0.0,70.0
1460,Winford,Underwood,46,"Fresno, CA MSA",2018-05-28,ultimate,,2018-11-01,307.0,54.0,24967.01,25.0,1,1000,30720,3000,70,7,0.01,0.01,ultimate,0.0,0.0,0.0,0.0,0.0,0.0,70.0
1460,Winford,Underwood,46,"Fresno, CA MSA",2018-05-28,ultimate,,2018-12-01,389.0,50.0,30836.809999999998,31.0,1,1000,30720,3000,70,7,0.01,0.01,ultimate,0.0,0.0,1.0,0.0,0.0,7.0,77.0
1461,Rupert,Santana,54,"Pittsburgh, PA MSA",2018-09-14,surf,,2018-09-01,139.0,0.0,5254.08,6.0,0,50,15360,500,20,10,0.03,0.03,surf,0.0,0.0,0.0,0.0,0.0,0.0,20.0
1461,Rupert,Santana,54,"Pittsburgh, PA MSA",2018-09-14,surf,,2018-10-01,424.0,0.0,13960.74,14.0,0,50,15360,500,20,10,0.03,0.03,surf,0.0,0.0,0.0,0.0,0.0,0.0,20.0
1461,Rupert,Santana,54,"Pittsburgh, PA MSA",2018-09-14,surf,,2018-11-01,308.0,0.0,12714.04,13.0,0,50,15360,500,20,10,0.03,0.03,surf,0.0,0.0,0.0,0.0,0.0,0.0,20.0
1461,Rupert,Santana,54,"Pittsburgh, PA MSA",2018-09-14,surf,,2018-12-01,293.0,0.0,11126.94,11.0,0,50,15360,500,20,10,0.03,0.03,surf,0.0,0.0,0.0,0.0,0.0,0.0,20.0
1462,Lesley,Workman,20,"Las Vegas-Henderson-Paradise, NV MSA",2018-09-05,ultimate,,2018-10-01,320.0,44.0,7522.16,8.0,1,1000,30720,3000,70,7,0.01,0.01,ultimate,0.0,0.0,0.0,0.0,0.0,0.0,70.0
1462,Lesley,Workman,20,"Las Vegas-Henderson-Paradise, NV MSA",2018-09-05,ultimate,,2018-11-01,340.0,73.0,8576.98,9.0,1,1000,30720,3000,70,7,0.01,0.01,ultimate,0.0,0.0,0.0,0.0,0.0,0.0,70.0
1462,Lesley,Workman,20,"Las Vegas-Henderson-Paradise, NV MSA",2018-09-05,ultimate,,2018-12-01,445.0,87.0,14831.44,15.0,1,1000,30720,3000,70,7,0.01,0.01,ultimate,0.0,0.0,0.0,0.0,0.0,0.0,70.0
1463,Dinorah,Simmons,30,"Atlanta-Sandy Springs-Roswell, GA MSA",2018-11-27,ultimate,,,0.0,0.0,0.0,0.0,1,1000,30720,3000,70,7,0.01,0.01,ultimate,0.0,0.0,0.0,0.0,0.0,0.0,70.0
1464,Burt,Burke,70,"Providence-Warwick, RI-MA MSA",2018-11-07,surf,,2018-11-01,531.0,31.0,13309.59,13.0,0,50,15360,500,20,10,0.03,0.03,surf,31.0,0.0,0.0,0.9299999999999999,0.0,0.0,20.93
1464,Burt,Burke,70,"Providence-Warwick, RI-MA MSA",2018-11-07,surf,,2018-12-01,629.0,27.0,18693.79,19.0,0,50,15360,500,20,10,0.03,0.03,surf,129.0,0.0,4.0,3.8699999999999997,0.0,40.0,63.870000000000005
1465,Arianna,Morrison,73,"Pittsburgh, PA MSA",2018-06-22,ultimate,,2018-06-01,189.0,16.0,1910.47,2.0,1,1000,30720,3000,70,7,0.01,0.01,ultimate,0.0,0.0,0.0,0.0,0.0,0.0,70.0
1465,Arianna,Morrison,73,"Pittsburgh, PA MSA",2018-06-22,ultimate,,2018-07-01,752.0,30.0,14887.48,15.0,1,1000,30720,3000,70,7,0.01,0.01,ultimate,0.0,0.0,0.0,0.0,0.0,0.0,70.0
1465,Arianna,Morrison,73,"Pittsburgh, PA MSA",2018-06-22,ultimate,,2018-08-01,682.0,27.0,19231.79,19.0,1,1000,30720,3000,70,7,0.01,0.01,ultimate,0.0,0.0,0.0,0.0,0.0,0.0,70.0
1465,Arianna,Morrison,73,"Pittsburgh, PA MSA",2018-06-22,ultimate,,2018-09-01,765.0,28.0,15782.97,16.0,1,1000,30720,3000,70,7,0.01,0.01,ultimate,0.0,0.0,0.0,0.0,0.0,0.0,70.0
1465,Arianna,Morrison,73,"Pittsburgh, PA MSA",2018-06-22,ultimate,,2018-10-01,663.0,35.0,20287.35,20.0,1,1000,30720,3000,70,7,0.01,0.01,ultimate,0.0,0.0,0.0,0.0,0.0,0.0,70.0
1465,Arianna,Morrison,73,"Pittsburgh, PA MSA",2018-06-22,ultimate,,2018-11-01,911.0,30.0,16075.27,16.0,1,1000,30720,3000,70,7,0.01,0.01,ultimate,0.0,0.0,0.0,0.0,0.0,0.0,70.0
1465,Arianna,Morrison,73,"Pittsburgh, PA MSA",2018-06-22,ultimate,,2018-12-01,757.0,28.0,15399.84,16.0,1,1000,30720,3000,70,7,0.01,0.01,ultimate,0.0,0.0,0.0,0.0,0.0,0.0,70.0
1466,Alphonse,Harmon,56,"Los Angeles-Long Beach-Anaheim, CA MSA",2018-01-26,surf,2018-09-17,2018-05-01,50.0,25.0,7127.48,7.0,0,50,15360,500,20,10,0.03,0.03,surf,0.0,0.0,0.0,0.0,0.0,0.0,20.0
1466,Alphonse,Harmon,56,"Los Angeles-Long Beach-Anaheim, CA MSA",2018-01-26,surf,2018-09-17,2018-06-01,206.0,29.0,12559.35,13.0,0,50,15360,500,20,10,0.03,0.03,surf,0.0,0.0,0.0,0.0,0.0,0.0,20.0
1466,Alphonse,Harmon,56,"Los Angeles-Long Beach-Anaheim, CA MSA",2018-01-26,surf,2018-09-17,2018-07-01,128.0,40.0,19761.29,20.0,0,50,15360,500,20,10,0.03,0.03,surf,0.0,0.0,5.0,0.0,0.0,50.0,70.0
1466,Alphonse,Harmon,56,"Los Angeles-Long Beach-Anaheim, CA MSA",2018-01-26,surf,2018-09-17,2018-08-01,171.0,46.0,14284.36,14.0,0,50,15360,500,20,10,0.03,0.03,surf,0.0,0.0,0.0,0.0,0.0,0.0,20.0
1466,Alphonse,Harmon,56,"Los Angeles-Long Beach-Anaheim, CA MSA",2018-01-26,surf,2018-09-17,2018-09-01,111.0,30.0,13075.03,13.0,0,50,15360,500,20,10,0.03,0.03,surf,0.0,0.0,0.0,0.0,0.0,0.0,20.0
1467,Nickolas,Deleon,64,"Atlanta-Sandy Springs-Roswell, GA MSA",2018-01-31,ultimate,2018-11-18,2018-04-01,239.0,26.0,7094.45,7.0,1,1000,30720,3000,70,7,0.01,0.01,ultimate,0.0,0.0,0.0,0.0,0.0,0.0,70.0
1467,Nickolas,Deleon,64,"Atlanta-Sandy Springs-Roswell, GA MSA",2018-01-31,ultimate,2018-11-18,2018-05-01,329.0,64.0,16708.5,17.0,1,1000,30720,3000,70,7,0.01,0.01,ultimate,0.0,0.0,0.0,0.0,0.0,0.0,70.0
1467,Nickolas,Deleon,64,"Atlanta-Sandy Springs-Roswell, GA MSA",2018-01-31,ultimate,2018-11-18,2018-06-01,405.0,58.0,23451.85,23.0,1,1000,30720,3000,70,7,0.01,0.01,ultimate,0.0,0.0,0.0,0.0,0.0,0.0,70.0
1467,Nickolas,Deleon,64,"Atlanta-Sandy Springs-Roswell, GA MSA",2018-01-31,ultimate,2018-11-18,2018-07-01,517.0,63.0,14754.23,15.0,1,1000,30720,3000,70,7,0.01,0.01,ultimate,0.0,0.0,0.0,0.0,0.0,0.0,70.0
1467,Nickolas,Deleon,64,"Atlanta-Sandy Springs-Roswell, GA MSA",2018-01-31,ultimate,2018-11-18,2018-08-01,417.0,52.0,20058.64,20.0,1,1000,30720,3000,70,7,0.01,0.01,ultimate,0.0,0.0,0.0,0.0,0.0,0.0,70.0
1467,Nickolas,Deleon,64,"Atlanta-Sandy Springs-Roswell, GA MSA",2018-01-31,ultimate,2018-11-18,2018-09-01,440.0,64.0,14323.21,14.0,1,1000,30720,3000,70,7,0.01,0.01,ultimate,0.0,0.0,0.0,0.0,0.0,0.0,70.0
1467,Nickolas,Deleon,64,"Atlanta-Sandy Springs-Roswell, GA MSA",2018-01-31,ultimate,2018-11-18,2018-10-01,409.0,54.0,21104.02,21.0,1,1000,30720,3000,70,7,0.01,0.01,ultimate,0.0,0.0,0.0,0.0,0.0,0.0,70.0
1467,Nickolas,Deleon,64,"Atlanta-Sandy Springs-Roswell, GA MSA",2018-01-31,ultimate,2018-11-18,2018-11-01,249.0,36.0,8840.35,9.0,1,1000,30720,3000,70,7,0.01,0.01,ultimate,0.0,0.0,0.0,0.0,0.0,0.0,70.0
1468,Johana,Kim,55,"Denver-Aurora-Lakewood, CO MSA",2018-09-08,surf,,2018-09-01,418.0,26.0,11179.41,11.0,0,50,15360,500,20,10,0.03,0.03,surf,0.0,0.0,0.0,0.0,0.0,0.0,20.0
1468,Johana,Kim,55,"Denver-Aurora-Lakewood, CO MSA",2018-09-08,surf,,2018-10-01,437.0,40.0,18878.46,19.0,0,50,15360,500,20,10,0.03,0.03,surf,0.0,0.0,4.0,0.0,0.0,40.0,60.0
1468,Johana,Kim,55,"Denver-Aurora-Lakewood, CO MSA",2018-09-08,surf,,2018-11-01,406.0,38.0,18506.9,19.0,0,50,15360,500,20,10,0.03,0.03,surf,0.0,0.0,4.0,0.0,0.0,40.0,60.0
1468,Johana,Kim,55,"Denver-Aurora-Lakewood, CO MSA",2018-09-08,surf,,2018-12-01,508.0,39.0,11986.52,12.0,0,50,15360,500,20,10,0.03,0.03,surf,8.0,0.0,0.0,0.24,0.0,0.0,20.24
1469,Rory,Nixon,75,"New York-Newark-Jersey City, NY-NJ-PA MSA",2018-06-04,surf,,2018-11-01,71.0,6.0,5281.19,6.0,0,50,15360,500,20,10,0.03,0.03,surf,0.0,0.0,0.0,0.0,0.0,0.0,20.0
1469,Rory,Nixon,75,"New York-Newark-Jersey City, NY-NJ-PA MSA",2018-06-04,surf,,2018-12-01,239.0,24.0,30828.829999999998,31.0,0,50,15360,500,20,10,0.03,0.03,surf,0.0,0.0,16.0,0.0,0.0,160.0,180.0
1470,Gerald,Reese,45,"Washington-Arlington-Alexandria, DC-VA-MD-WV MSA",2018-04-21,surf,,2018-05-01,240.0,51.0,0.0,0.0,0,50,15360,500,20,10,0.03,0.03,surf,0.0,1.0,0.0,0.0,0.03,0.0,20.03
1470,Gerald,Reese,45,"Washington-Arlington-Alexandria, DC-VA-MD-WV MSA",2018-04-21,surf,,2018-06-01,565.0,133.0,0.0,0.0,0,50,15360,500,20,10,0.03,0.03,surf,65.0,83.0,0.0,1.95,2.4899999999999998,0.0,24.439999999999998
1470,Gerald,Reese,45,"Washington-Arlington-Alexandria, DC-VA-MD-WV MSA",2018-04-21,surf,,2018-07-01,524.0,147.0,0.0,0.0,0,50,15360,500,20,10,0.03,0.03,surf,24.0,97.0,0.0,0.72,2.9099999999999997,0.0,23.63
1470,Gerald,Reese,45,"Washington-Arlington-Alexandria, DC-VA-MD-WV MSA",2018-04-21,surf,,2018-08-01,580.0,141.0,0.0,0.0,0,50,15360,500,20,10,0.03,0.03,surf,80.0,91.0,0.0,2.4,2.73,0.0,25.13
1470,Gerald,Reese,45,"Washington-Arlington-Alexandria, DC-VA-MD-WV MSA",2018-04-21,surf,,2018-09-01,471.0,130.0,0.0,0.0,0,50,15360,500,20,10,0.03,0.03,surf,0.0,80.0,0.0,0.0,2.4,0.0,22.4
1470,Gerald,Reese,45,"Washington-Arlington-Alexandria, DC-VA-MD-WV MSA",2018-04-21,surf,,2018-10-01,459.0,145.0,0.0,0.0,0,50,15360,500,20,10,0.03,0.03,surf,0.0,95.0,0.0,0.0,2.85,0.0,22.85
1470,Gerald,Reese,45,"Washington-Arlington-Alexandria, DC-VA-MD-WV MSA",2018-04-21,surf,,2018-11-01,632.0,156.0,0.0,0.0,0,50,15360,500,20,10,0.03,0.03,surf,132.0,106.0,0.0,3.96,3.1799999999999997,0.0,27.14
1470,Gerald,Reese,45,"Washington-Arlington-Alexandria, DC-VA-MD-WV MSA",2018-04-21,surf,,2018-12-01,592.0,153.0,0.0,0.0,0,50,15360,500,20,10,0.03,0.03,surf,92.0,103.0,0.0,2.76,3.09,0.0,25.849999999999998
1471,Britni,Mitchell,59,"Richmond, VA MSA",2018-10-13,surf,,2018-10-01,143.0,32.0,6633.16,7.0,0,50,15360,500,20,10,0.03,0.03,surf,0.0,0.0,0.0,0.0,0.0,0.0,20.0
1471,Britni,Mitchell,59,"Richmond, VA MSA",2018-10-13,surf,,2018-11-01,31.0,18.0,4882.48,5.0,0,50,15360,500,20,10,0.03,0.03,surf,0.0,0.0,0.0,0.0,0.0,0.0,20.0
1472,Maximo,Mendoza,51,"San Francisco-Oakland-Berkeley, CA MSA",2018-04-10,surf,,2018-04-01,477.0,27.0,9866.09,10.0,0,50,15360,500,20,10,0.03,0.03,surf,0.0,0.0,0.0,0.0,0.0,0.0,20.0
1472,Maximo,Mendoza,51,"San Francisco-Oakland-Berkeley, CA MSA",2018-04-10,surf,,2018-05-01,610.0,41.0,14846.87,15.0,0,50,15360,500,20,10,0.03,0.03,surf,110.0,0.0,0.0,3.3,0.0,0.0,23.3
1472,Maximo,Mendoza,51,"San Francisco-Oakland-Berkeley, CA MSA",2018-04-10,surf,,2018-06-01,661.0,36.0,18977.18,19.0,0,50,15360,500,20,10,0.03,0.03,surf,161.0,0.0,4.0,4.83,0.0,40.0,64.83
1472,Maximo,Mendoza,51,"San Francisco-Oakland-Berkeley, CA MSA",2018-04-10,surf,,2018-07-01,643.0,47.0,12512.91,13.0,0,50,15360,500,20,10,0.03,0.03,surf,143.0,0.0,0.0,4.29,0.0,0.0,24.29
1472,Maximo,Mendoza,51,"San Francisco-Oakland-Berkeley, CA MSA",2018-04-10,surf,,2018-08-01,572.0,40.0,15052.960000000001,15.0,0,50,15360,500,20,10,0.03,0.03,surf,72.0,0.0,0.0,2.16,0.0,0.0,22.16
1472,Maximo,Mendoza,51,"San Francisco-Oakland-Berkeley, CA MSA",2018-04-10,surf,,2018-09-01,497.0,40.0,16502.77,17.0,0,50,15360,500,20,10,0.03,0.03,surf,0.0,0.0,2.0,0.0,0.0,20.0,40.0
1472,Maximo,Mendoza,51,"San Francisco-Oakland-Berkeley, CA MSA",2018-04-10,surf,,2018-10-01,297.0,16.0,9412.11,10.0,0,50,15360,500,20,10,0.03,0.03,surf,0.0,0.0,0.0,0.0,0.0,0.0,20.0
1473,Kirk,Velez,61,"Louisville/Jefferson County, KY-IN MSA",2018-12-31,surf,,,0.0,0.0,0.0,0.0,0,50,15360,500,20,10,0.03,0.03,surf,0.0,0.0,0.0,0.0,0.0,0.0,20.0
1474,Randee,Carpenter,26,"Bakersfield, CA MSA",2018-08-26,surf,,2018-08-01,96.0,6.0,5336.52,6.0,0,50,15360,500,20,10,0.03,0.03,surf,0.0,0.0,0.0,0.0,0.0,0.0,20.0
1474,Randee,Carpenter,26,"Bakersfield, CA MSA",2018-08-26,surf,,2018-09-01,262.0,30.0,23424.65,23.0,0,50,15360,500,20,10,0.03,0.03,surf,0.0,0.0,8.0,0.0,0.0,80.0,100.0
1474,Randee,Carpenter,26,"Bakersfield, CA MSA",2018-08-26,surf,,2018-10-01,248.0,35.0,19399.81,19.0,0,50,15360,500,20,10,0.03,0.03,surf,0.0,0.0,4.0,0.0,0.0,40.0,60.0
1474,Randee,Carpenter,26,"Bakersfield, CA MSA",2018-08-26,surf,,2018-11-01,262.0,30.0,18222.36,18.0,0,50,15360,500,20,10,0.03,0.03,surf,0.0,0.0,3.0,0.0,0.0,30.0,50.0
1474,Randee,Carpenter,26,"Bakersfield, CA MSA",2018-08-26,surf,,2018-12-01,285.0,40.0,18386.64,18.0,0,50,15360,500,20,10,0.03,0.03,surf,0.0,0.0,3.0,0.0,0.0,30.0,50.0
1475,Arlen,Sutton,66,"Dallas-Fort Worth-Arlington, TX MSA",2018-05-28,ultimate,,2018-07-01,128.0,17.0,4130.99,5.0,1,1000,30720,3000,70,7,0.01,0.01,ultimate,0.0,0.0,0.0,0.0,0.0,0.0,70.0
1475,Arlen,Sutton,66,"Dallas-Fort Worth-Arlington, TX MSA",2018-05-28,ultimate,,2018-08-01,340.0,74.0,17303.72,17.0,1,1000,30720,3000,70,7,0.01,0.01,ultimate,0.0,0.0,0.0,0.0,0.0,0.0,70.0
1475,Arlen,Sutton,66,"Dallas-Fort Worth-Arlington, TX MSA",2018-05-28,ultimate,,2018-09-01,289.0,72.0,17234.78,17.0,1,1000,30720,3000,70,7,0.01,0.01,ultimate,0.0,0.0,0.0,0.0,0.0,0.0,70.0
1475,Arlen,Sutton,66,"Dallas-Fort Worth-Arlington, TX MSA",2018-05-28,ultimate,,2018-10-01,319.0,65.0,15670.57,16.0,1,1000,30720,3000,70,7,0.01,0.01,ultimate,0.0,0.0,0.0,0.0,0.0,0.0,70.0
1475,Arlen,Sutton,66,"Dallas-Fort Worth-Arlington, TX MSA",2018-05-28,ultimate,,2018-11-01,350.0,77.0,18927.32,19.0,1,1000,30720,3000,70,7,0.01,0.01,ultimate,0.0,0.0,0.0,0.0,0.0,0.0,70.0
1475,Arlen,Sutton,66,"Dallas-Fort Worth-Arlington, TX MSA",2018-05-28,ultimate,,2018-12-01,251.0,73.0,17627.66,18.0,1,1000,30720,3000,70,7,0.01,0.01,ultimate,0.0,0.0,0.0,0.0,0.0,0.0,70.0
1476,Tammara,Dorsey,24,"Los Angeles-Long Beach-Anaheim, CA MSA",2018-06-10,ultimate,,2018-06-01,224.0,21.0,5223.14,6.0,1,1000,30720,3000,70,7,0.01,0.01,ultimate,0.0,0.0,0.0,0.0,0.0,0.0,70.0
1476,Tammara,Dorsey,24,"Los Angeles-Long Beach-Anaheim, CA MSA",2018-06-10,ultimate,,2018-07-01,469.0,30.0,5481.2,6.0,1,1000,30720,3000,70,7,0.01,0.01,ultimate,0.0,0.0,0.0,0.0,0.0,0.0,70.0
1476,Tammara,Dorsey,24,"Los Angeles-Long Beach-Anaheim, CA MSA",2018-06-10,ultimate,,2018-08-01,293.0,41.0,10098.07,10.0,1,1000,30720,3000,70,7,0.01,0.01,ultimate,0.0,0.0,0.0,0.0,0.0,0.0,70.0
1476,Tammara,Dorsey,24,"Los Angeles-Long Beach-Anaheim, CA MSA",2018-06-10,ultimate,,2018-09-01,420.0,28.0,11263.34,11.0,1,1000,30720,3000,70,7,0.01,0.01,ultimate,0.0,0.0,0.0,0.0,0.0,0.0,70.0
1476,Tammara,Dorsey,24,"Los Angeles-Long Beach-Anaheim, CA MSA",2018-06-10,ultimate,,2018-10-01,432.0,29.0,8229.19,9.0,1,1000,30720,3000,70,7,0.01,0.01,ultimate,0.0,0.0,0.0,0.0,0.0,0.0,70.0
1476,Tammara,Dorsey,24,"Los Angeles-Long Beach-Anaheim, CA MSA",2018-06-10,ultimate,,2018-11-01,411.0,35.0,9388.94,10.0,1,1000,30720,3000,70,7,0.01,0.01,ultimate,0.0,0.0,0.0,0.0,0.0,0.0,70.0
1476,Tammara,Dorsey,24,"Los Angeles-Long Beach-Anaheim, CA MSA",2018-06-10,ultimate,,2018-12-01,432.0,41.0,12670.49,13.0,1,1000,30720,3000,70,7,0.01,0.01,ultimate,0.0,0.0,0.0,0.0,0.0,0.0,70.0
1477,Magaly,Rivas,52,"Riverside-San Bernardino-Ontario, CA MSA",2018-08-24,ultimate,,2018-10-01,49.0,0.0,9072.78,9.0,1,1000,30720,3000,70,7,0.01,0.01,ultimate,0.0,0.0,0.0,0.0,0.0,0.0,70.0
1477,Magaly,Rivas,52,"Riverside-San Bernardino-Ontario, CA MSA",2018-08-24,ultimate,,2018-11-01,339.0,1.0,18576.66,19.0,1,1000,30720,3000,70,7,0.01,0.01,ultimate,0.0,0.0,0.0,0.0,0.0,0.0,70.0
1477,Magaly,Rivas,52,"Riverside-San Bernardino-Ontario, CA MSA",2018-08-24,ultimate,,2018-12-01,289.0,2.0,27961.49,28.0,1,1000,30720,3000,70,7,0.01,0.01,ultimate,0.0,0.0,0.0,0.0,0.0,0.0,70.0
1478,Elane,David,51,"Portland-Vancouver-Hillsboro, OR-WA MSA",2018-06-28,ultimate,,2018-08-01,222.0,5.0,12170.58,12.0,1,1000,30720,3000,70,7,0.01,0.01,ultimate,0.0,0.0,0.0,0.0,0.0,0.0,70.0
1478,Elane,David,51,"Portland-Vancouver-Hillsboro, OR-WA MSA",2018-06-28,ultimate,,2018-09-01,445.0,17.0,19428.57,19.0,1,1000,30720,3000,70,7,0.01,0.01,ultimate,0.0,0.0,0.0,0.0,0.0,0.0,70.0
1478,Elane,David,51,"Portland-Vancouver-Hillsboro, OR-WA MSA",2018-06-28,ultimate,,2018-10-01,369.0,12.0,12314.99,13.0,1,1000,30720,3000,70,7,0.01,0.01,ultimate,0.0,0.0,0.0,0.0,0.0,0.0,70.0
1478,Elane,David,51,"Portland-Vancouver-Hillsboro, OR-WA MSA",2018-06-28,ultimate,,2018-11-01,389.0,12.0,16216.44,16.0,1,1000,30720,3000,70,7,0.01,0.01,ultimate,0.0,0.0,0.0,0.0,0.0,0.0,70.0
1478,Elane,David,51,"Portland-Vancouver-Hillsboro, OR-WA MSA",2018-06-28,ultimate,,2018-12-01,376.0,14.0,22560.06,23.0,1,1000,30720,3000,70,7,0.01,0.01,ultimate,0.0,0.0,0.0,0.0,0.0,0.0,70.0
1479,Keesha,Burnett,44,"Riverside-San Bernardino-Ontario, CA MSA",2018-11-12,surf,,2018-11-01,574.0,1.0,4123.18,5.0,0,50,15360,500,20,10,0.03,0.03,surf,74.0,0.0,0.0,2.2199999999999998,0.0,0.0,22.22
1479,Keesha,Burnett,44,"Riverside-San Bernardino-Ontario, CA MSA",2018-11-12,surf,,2018-12-01,1096.0,0.0,9779.48,10.0,0,50,15360,500,20,10,0.03,0.03,surf,596.0,0.0,0.0,17.88,0.0,0.0,37.879999999999995
1480,Jasper,Buchanan,46,"St. Louis, MO-IL MSA",2018-12-13,surf,,2018-12-01,541.0,51.0,8805.51,9.0,0,50,15360,500,20,10,0.03,0.03,surf,41.0,1.0,0.0,1.23,0.03,0.0,21.26
1481,Roni,Frye,32,"Urban Honolulu, HI MSA",2018-12-27,surf,,2018-12-01,36.0,3.0,1265.78,2.0,0,50,15360,500,20,10,0.03,0.03,surf,0.0,0.0,0.0,0.0,0.0,0.0,20.0
1482,Armand,Glenn,70,"New York-Newark-Jersey City, NY-NJ-PA MSA",2018-01-01,ultimate,,2018-11-01,785.0,87.0,20245.8,20.0,1,1000,30720,3000,70,7,0.01,0.01,ultimate,0.0,0.0,0.0,0.0,0.0,0.0,70.0
1482,Armand,Glenn,70,"New York-Newark-Jersey City, NY-NJ-PA MSA",2018-01-01,ultimate,,2018-12-01,56.0,5.0,560.33,1.0,1,1000,30720,3000,70,7,0.01,0.01,ultimate,0.0,0.0,0.0,0.0,0.0,0.0,70.0
1483,Miguel,Farrell,35,"Chicago-Naperville-Elgin, IL-IN-WI MSA",2018-04-25,surf,,2018-04-01,112.0,0.0,316.56,1.0,0,50,15360,500,20,10,0.03,0.03,surf,0.0,0.0,0.0,0.0,0.0,0.0,20.0
1483,Miguel,Farrell,35,"Chicago-Naperville-Elgin, IL-IN-WI MSA",2018-04-25,surf,,2018-05-01,415.0,15.0,14546.51,15.0,0,50,15360,500,20,10,0.03,0.03,surf,0.0,0.0,0.0,0.0,0.0,0.0,20.0
1483,Miguel,Farrell,35,"Chicago-Naperville-Elgin, IL-IN-WI MSA",2018-04-25,surf,,2018-06-01,491.0,5.0,12991.18,13.0,0,50,15360,500,20,10,0.03,0.03,surf,0.0,0.0,0.0,0.0,0.0,0.0,20.0
1483,Miguel,Farrell,35,"Chicago-Naperville-Elgin, IL-IN-WI MSA",2018-04-25,surf,,2018-07-01,679.0,10.0,13573.8,14.0,0,50,15360,500,20,10,0.03,0.03,surf,179.0,0.0,0.0,5.37,0.0,0.0,25.37
1483,Miguel,Farrell,35,"Chicago-Naperville-Elgin, IL-IN-WI MSA",2018-04-25,surf,,2018-08-01,424.0,6.0,10954.0,11.0,0,50,15360,500,20,10,0.03,0.03,surf,0.0,0.0,0.0,0.0,0.0,0.0,20.0
1483,Miguel,Farrell,35,"Chicago-Naperville-Elgin, IL-IN-WI MSA",2018-04-25,surf,,2018-09-01,477.0,14.0,12195.88,12.0,0,50,15360,500,20,10,0.03,0.03,surf,0.0,0.0,0.0,0.0,0.0,0.0,20.0
1483,Miguel,Farrell,35,"Chicago-Naperville-Elgin, IL-IN-WI MSA",2018-04-25,surf,,2018-10-01,490.0,6.0,14056.45,14.0,0,50,15360,500,20,10,0.03,0.03,surf,0.0,0.0,0.0,0.0,0.0,0.0,20.0
1483,Miguel,Farrell,35,"Chicago-Naperville-Elgin, IL-IN-WI MSA",2018-04-25,surf,,2018-11-01,410.0,4.0,9338.99,10.0,0,50,15360,500,20,10,0.03,0.03,surf,0.0,0.0,0.0,0.0,0.0,0.0,20.0
1484,Delpha,Baldwin,46,"Dallas-Fort Worth-Arlington, TX MSA",2018-11-29,surf,,2018-11-01,38.0,1.0,0.0,0.0,0,50,15360,500,20,10,0.03,0.03,surf,0.0,0.0,0.0,0.0,0.0,0.0,20.0
1484,Delpha,Baldwin,46,"Dallas-Fort Worth-Arlington, TX MSA",2018-11-29,surf,,2018-12-01,384.0,83.0,7294.5199999999995,8.0,0,50,15360,500,20,10,0.03,0.03,surf,0.0,33.0,0.0,0.0,0.99,0.0,20.99
1485,Damion,Woodard,67,"Nashville-Davidson–Murfreesboro–Franklin, TN MSA",2018-08-21,surf,,2018-12-01,329.0,24.0,19484.73,20.0,0,50,15360,500,20,10,0.03,0.03,surf,0.0,0.0,5.0,0.0,0.0,50.0,70.0
1486,Sang,Solis,29,"Orlando-Kissimmee-Sanford, FL MSA",2018-12-05,surf,,2018-12-01,347.0,10.0,20312.83,20.0,0,50,15360,500,20,10,0.03,0.03,surf,0.0,0.0,5.0,0.0,0.0,50.0,70.0
1487,Elton,Simpson,18,"Cape Coral-Fort Myers, FL MSA",2018-08-16,ultimate,,2018-12-01,416.0,66.0,13992.39,14.0,1,1000,30720,3000,70,7,0.01,0.01,ultimate,0.0,0.0,0.0,0.0,0.0,0.0,70.0
1488,Shirley,Jones,29,"Baton Rouge, LA MSA",2018-05-15,surf,,2018-05-01,299.0,0.0,13767.4,14.0,0,50,15360,500,20,10,0.03,0.03,surf,0.0,0.0,0.0,0.0,0.0,0.0,20.0
1488,Shirley,Jones,29,"Baton Rouge, LA MSA",2018-05-15,surf,,2018-06-01,710.0,0.0,20108.83,20.0,0,50,15360,500,20,10,0.03,0.03,surf,210.0,0.0,5.0,6.3,0.0,50.0,76.3
1488,Shirley,Jones,29,"Baton Rouge, LA MSA",2018-05-15,surf,,2018-07-01,626.0,0.0,27500.4,27.0,0,50,15360,500,20,10,0.03,0.03,surf,126.0,0.0,12.0,3.78,0.0,120.0,143.78
1488,Shirley,Jones,29,"Baton Rouge, LA MSA",2018-05-15,surf,,2018-08-01,688.0,0.0,23148.89,23.0,0,50,15360,500,20,10,0.03,0.03,surf,188.0,0.0,8.0,5.64,0.0,80.0,105.64
1488,Shirley,Jones,29,"Baton Rouge, LA MSA",2018-05-15,surf,,2018-09-01,639.0,0.0,19296.51,19.0,0,50,15360,500,20,10,0.03,0.03,surf,139.0,0.0,4.0,4.17,0.0,40.0,64.17
1488,Shirley,Jones,29,"Baton Rouge, LA MSA",2018-05-15,surf,,2018-10-01,740.0,0.0,22980.46,23.0,0,50,15360,500,20,10,0.03,0.03,surf,240.0,0.0,8.0,7.199999999999999,0.0,80.0,107.2
1488,Shirley,Jones,29,"Baton Rouge, LA MSA",2018-05-15,surf,,2018-11-01,795.0,0.0,19159.52,19.0,0,50,15360,500,20,10,0.03,0.03,surf,295.0,0.0,4.0,8.85,0.0,40.0,68.85
1488,Shirley,Jones,29,"Baton Rouge, LA MSA",2018-05-15,surf,,2018-12-01,721.0,0.0,19805.73,20.0,0,50,15360,500,20,10,0.03,0.03,surf,221.0,0.0,5.0,6.63,0.0,50.0,76.63
1489,Londa,Jenkins,72,"Detroit-Warren-Dearborn, MI MSA",2018-05-24,surf,,2018-09-01,318.0,59.0,12713.35,13.0,0,50,15360,500,20,10,0.03,0.03,surf,0.0,9.0,0.0,0.0,0.27,0.0,20.27
1489,Londa,Jenkins,72,"Detroit-Warren-Dearborn, MI MSA",2018-05-24,surf,,2018-10-01,518.0,84.0,14695.08,15.0,0,50,15360,500,20,10,0.03,0.03,surf,18.0,34.0,0.0,0.54,1.02,0.0,21.56
1489,Londa,Jenkins,72,"Detroit-Warren-Dearborn, MI MSA",2018-05-24,surf,,2018-11-01,429.0,91.0,18266.25,18.0,0,50,15360,500,20,10,0.03,0.03,surf,0.0,41.0,3.0,0.0,1.23,30.0,51.230000000000004
1489,Londa,Jenkins,72,"Detroit-Warren-Dearborn, MI MSA",2018-05-24,surf,,2018-12-01,394.0,86.0,15321.07,15.0,0,50,15360,500,20,10,0.03,0.03,surf,0.0,36.0,0.0,0.0,1.08,0.0,21.08
1490,Shane,Cortez,42,"Sacramento–Roseville–Folsom, CA MSA",2018-01-20,ultimate,,2018-07-01,126.0,0.0,6411.5199999999995,7.0,1,1000,30720,3000,70,7,0.01,0.01,ultimate,0.0,0.0,0.0,0.0,0.0,0.0,70.0
1490,Shane,Cortez,42,"Sacramento–Roseville–Folsom, CA MSA",2018-01-20,ultimate,,2018-08-01,517.0,0.0,39316.23,39.0,1,1000,30720,3000,70,7,0.01,0.01,ultimate,0.0,0.0,9.0,0.0,0.0,63.0,133.0
1490,Shane,Cortez,42,"Sacramento–Roseville–Folsom, CA MSA",2018-01-20,ultimate,,2018-09-01,526.0,0.0,36147.19,36.0,1,1000,30720,3000,70,7,0.01,0.01,ultimate,0.0,0.0,6.0,0.0,0.0,42.0,112.0
1490,Shane,Cortez,42,"Sacramento–Roseville–Folsom, CA MSA",2018-01-20,ultimate,,2018-10-01,253.0,0.0,36997.03,37.0,1,1000,30720,3000,70,7,0.01,0.01,ultimate,0.0,0.0,7.0,0.0,0.0,49.0,119.0
1490,Shane,Cortez,42,"Sacramento–Roseville–Folsom, CA MSA",2018-01-20,ultimate,,2018-11-01,448.0,0.0,25817.03,26.0,1,1000,30720,3000,70,7,0.01,0.01,ultimate,0.0,0.0,0.0,0.0,0.0,0.0,70.0
1490,Shane,Cortez,42,"Sacramento–Roseville–Folsom, CA MSA",2018-01-20,ultimate,,2018-12-01,368.0,0.0,46215.51,46.0,1,1000,30720,3000,70,7,0.01,0.01,ultimate,0.0,0.0,16.0,0.0,0.0,112.0,182.0
1491,Terina,Jensen,22,"Grand Rapids-Kentwood, MI MSA",2018-04-27,surf,2018-09-18,2018-04-01,44.0,6.0,0.0,0.0,0,50,15360,500,20,10,0.03,0.03,surf,0.0,0.0,0.0,0.0,0.0,0.0,20.0
1491,Terina,Jensen,22,"Grand Rapids-Kentwood, MI MSA",2018-04-27,surf,2018-09-18,2018-05-01,429.0,45.0,6464.49,7.0,0,50,15360,500,20,10,0.03,0.03,surf,0.0,0.0,0.0,0.0,0.0,0.0,20.0
1491,Terina,Jensen,22,"Grand Rapids-Kentwood, MI MSA",2018-04-27,surf,2018-09-18,2018-06-01,394.0,54.0,11034.31,11.0,0,50,15360,500,20,10,0.03,0.03,surf,0.0,4.0,0.0,0.0,0.12,0.0,20.12
1491,Terina,Jensen,22,"Grand Rapids-Kentwood, MI MSA",2018-04-27,surf,2018-09-18,2018-07-01,463.0,64.0,7833.29,8.0,0,50,15360,500,20,10,0.03,0.03,surf,0.0,14.0,0.0,0.0,0.42,0.0,20.42
1491,Terina,Jensen,22,"Grand Rapids-Kentwood, MI MSA",2018-04-27,surf,2018-09-18,2018-08-01,382.0,50.0,10245.84,11.0,0,50,15360,500,20,10,0.03,0.03,surf,0.0,0.0,0.0,0.0,0.0,0.0,20.0
1491,Terina,Jensen,22,"Grand Rapids-Kentwood, MI MSA",2018-04-27,surf,2018-09-18,2018-09-01,262.0,32.0,3372.11,4.0,0,50,15360,500,20,10,0.03,0.03,surf,0.0,0.0,0.0,0.0,0.0,0.0,20.0
1492,Elvie,Jones,63,"Portland-Vancouver-Hillsboro, OR-WA MSA",2018-03-07,surf,,2018-09-01,33.0,11.0,3173.95,4.0,0,50,15360,500,20,10,0.03,0.03,surf,0.0,0.0,0.0,0.0,0.0,0.0,20.0
1492,Elvie,Jones,63,"Portland-Vancouver-Hillsboro, OR-WA MSA",2018-03-07,surf,,2018-10-01,329.0,29.0,11826.22,12.0,0,50,15360,500,20,10,0.03,0.03,surf,0.0,0.0,0.0,0.0,0.0,0.0,20.0
1492,Elvie,Jones,63,"Portland-Vancouver-Hillsboro, OR-WA MSA",2018-03-07,surf,,2018-11-01,417.0,31.0,16969.08,17.0,0,50,15360,500,20,10,0.03,0.03,surf,0.0,0.0,2.0,0.0,0.0,20.0,40.0
1492,Elvie,Jones,63,"Portland-Vancouver-Hillsboro, OR-WA MSA",2018-03-07,surf,,2018-12-01,295.0,37.0,8854.71,9.0,0,50,15360,500,20,10,0.03,0.03,surf,0.0,0.0,0.0,0.0,0.0,0.0,20.0
1493,Cicely,Wynn,18,"Boston-Cambridge-Newton, MA-NH MSA",2018-03-06,ultimate,,2018-08-01,373.0,0.0,14137.82,14.0,1,1000,30720,3000,70,7,0.01,0.01,ultimate,0.0,0.0,0.0,0.0,0.0,0.0,70.0
1493,Cicely,Wynn,18,"Boston-Cambridge-Newton, MA-NH MSA",2018-03-06,ultimate,,2018-09-01,529.0,0.0,14991.17,15.0,1,1000,30720,3000,70,7,0.01,0.01,ultimate,0.0,0.0,0.0,0.0,0.0,0.0,70.0
1493,Cicely,Wynn,18,"Boston-Cambridge-Newton, MA-NH MSA",2018-03-06,ultimate,,2018-10-01,450.0,0.0,16329.57,16.0,1,1000,30720,3000,70,7,0.01,0.01,ultimate,0.0,0.0,0.0,0.0,0.0,0.0,70.0
1493,Cicely,Wynn,18,"Boston-Cambridge-Newton, MA-NH MSA",2018-03-06,ultimate,,2018-11-01,500.0,0.0,15630.78,16.0,1,1000,30720,3000,70,7,0.01,0.01,ultimate,0.0,0.0,0.0,0.0,0.0,0.0,70.0
1493,Cicely,Wynn,18,"Boston-Cambridge-Newton, MA-NH MSA",2018-03-06,ultimate,,2018-12-01,473.0,0.0,15289.09,15.0,1,1000,30720,3000,70,7,0.01,0.01,ultimate,0.0,0.0,0.0,0.0,0.0,0.0,70.0
1494,Preston,Downs,70,"New York-Newark-Jersey City, NY-NJ-PA MSA",2018-04-19,surf,,2018-07-01,314.0,20.0,10509.24,11.0,0,50,15360,500,20,10,0.03,0.03,surf,0.0,0.0,0.0,0.0,0.0,0.0,20.0
1494,Preston,Downs,70,"New York-Newark-Jersey City, NY-NJ-PA MSA",2018-04-19,surf,,2018-08-01,486.0,27.0,16492.04,17.0,0,50,15360,500,20,10,0.03,0.03,surf,0.0,0.0,2.0,0.0,0.0,20.0,40.0
1494,Preston,Downs,70,"New York-Newark-Jersey City, NY-NJ-PA MSA",2018-04-19,surf,,2018-09-01,485.0,21.0,16181.14,16.0,0,50,15360,500,20,10,0.03,0.03,surf,0.0,0.0,1.0,0.0,0.0,10.0,30.0
1494,Preston,Downs,70,"New York-Newark-Jersey City, NY-NJ-PA MSA",2018-04-19,surf,,2018-10-01,616.0,38.0,14498.5,15.0,0,50,15360,500,20,10,0.03,0.03,surf,116.0,0.0,0.0,3.48,0.0,0.0,23.48
1494,Preston,Downs,70,"New York-Newark-Jersey City, NY-NJ-PA MSA",2018-04-19,surf,,2018-11-01,509.0,35.0,18405.82,18.0,0,50,15360,500,20,10,0.03,0.03,surf,9.0,0.0,3.0,0.27,0.0,30.0,50.269999999999996
1494,Preston,Downs,70,"New York-Newark-Jersey City, NY-NJ-PA MSA",2018-04-19,surf,,2018-12-01,431.0,33.0,15302.45,15.0,0,50,15360,500,20,10,0.03,0.03,surf,0.0,0.0,0.0,0.0,0.0,0.0,20.0
1495,Fidel,Sharpe,67,"New York-Newark-Jersey City, NY-NJ-PA MSA",2018-09-04,surf,,2018-09-01,302.0,0.0,22981.37,23.0,0,50,15360,500,20,10,0.03,0.03,surf,0.0,0.0,8.0,0.0,0.0,80.0,100.0
1495,Fidel,Sharpe,67,"New York-Newark-Jersey City, NY-NJ-PA MSA",2018-09-04,surf,,2018-10-01,610.0,0.0,26899.41,27.0,0,50,15360,500,20,10,0.03,0.03,surf,110.0,0.0,12.0,3.3,0.0,120.0,143.3
1495,Fidel,Sharpe,67,"New York-Newark-Jersey City, NY-NJ-PA MSA",2018-09-04,surf,,2018-11-01,361.0,0.0,24912.78,25.0,0,50,15360,500,20,10,0.03,0.03,surf,0.0,0.0,10.0,0.0,0.0,100.0,120.0
1495,Fidel,Sharpe,67,"New York-Newark-Jersey City, NY-NJ-PA MSA",2018-09-04,surf,,2018-12-01,492.0,0.0,24097.4,24.0,0,50,15360,500,20,10,0.03,0.03,surf,0.0,0.0,9.0,0.0,0.0,90.0,110.0
1496,Ariel,Shepherd,49,"New Orleans-Metairie, LA MSA",2018-02-20,surf,,2018-08-01,122.0,2.0,8605.66,9.0,0,50,15360,500,20,10,0.03,0.03,surf,0.0,0.0,0.0,0.0,0.0,0.0,20.0
1496,Ariel,Shepherd,49,"New Orleans-Metairie, LA MSA",2018-02-20,surf,,2018-09-01,414.0,21.0,16389.27,17.0,0,50,15360,500,20,10,0.03,0.03,surf,0.0,0.0,2.0,0.0,0.0,20.0,40.0
1496,Ariel,Shepherd,49,"New Orleans-Metairie, LA MSA",2018-02-20,surf,,2018-10-01,317.0,18.0,14287.36,14.0,0,50,15360,500,20,10,0.03,0.03,surf,0.0,0.0,0.0,0.0,0.0,0.0,20.0
1496,Ariel,Shepherd,49,"New Orleans-Metairie, LA MSA",2018-02-20,surf,,2018-11-01,308.0,13.0,8547.36,9.0,0,50,15360,500,20,10,0.03,0.03,surf,0.0,0.0,0.0,0.0,0.0,0.0,20.0
1496,Ariel,Shepherd,49,"New Orleans-Metairie, LA MSA",2018-02-20,surf,,2018-12-01,294.0,11.0,16438.989999999998,17.0,0,50,15360,500,20,10,0.03,0.03,surf,0.0,0.0,2.0,0.0,0.0,20.0,40.0
1497,Donte,Barrera,49,"Los Angeles-Long Beach-Anaheim, CA MSA",2018-12-10,ultimate,,2018-12-01,300.0,50.0,11106.55,11.0,1,1000,30720,3000,70,7,0.01,0.01,ultimate,0.0,0.0,0.0,0.0,0.0,0.0,70.0
1498,Scot,Williamson,51,"New York-Newark-Jersey City, NY-NJ-PA MSA",2018-02-04,surf,,2018-02-01,244.0,0.0,19822.04,20.0,0,50,15360,500,20,10,0.03,0.03,surf,0.0,0.0,5.0,0.0,0.0,50.0,70.0
1498,Scot,Williamson,51,"New York-Newark-Jersey City, NY-NJ-PA MSA",2018-02-04,surf,,2018-03-01,266.0,0.0,19744.34,20.0,0,50,15360,500,20,10,0.03,0.03,surf,0.0,0.0,5.0,0.0,0.0,50.0,70.0
1498,Scot,Williamson,51,"New York-Newark-Jersey City, NY-NJ-PA MSA",2018-02-04,surf,,2018-04-01,365.0,0.0,19878.86,20.0,0,50,15360,500,20,10,0.03,0.03,surf,0.0,0.0,5.0,0.0,0.0,50.0,70.0
1498,Scot,Williamson,51,"New York-Newark-Jersey City, NY-NJ-PA MSA",2018-02-04,surf,,2018-05-01,288.0,0.0,22462.17,22.0,0,50,15360,500,20,10,0.03,0.03,surf,0.0,0.0,7.0,0.0,0.0,70.0,90.0
1498,Scot,Williamson,51,"New York-Newark-Jersey City, NY-NJ-PA MSA",2018-02-04,surf,,2018-06-01,238.0,0.0,14807.18,15.0,0,50,15360,500,20,10,0.03,0.03,surf,0.0,0.0,0.0,0.0,0.0,0.0,20.0
1498,Scot,Williamson,51,"New York-Newark-Jersey City, NY-NJ-PA MSA",2018-02-04,surf,,2018-07-01,321.0,0.0,24834.37,25.0,0,50,15360,500,20,10,0.03,0.03,surf,0.0,0.0,10.0,0.0,0.0,100.0,120.0
1498,Scot,Williamson,51,"New York-Newark-Jersey City, NY-NJ-PA MSA",2018-02-04,surf,,2018-08-01,266.0,0.0,20261.89,20.0,0,50,15360,500,20,10,0.03,0.03,surf,0.0,0.0,5.0,0.0,0.0,50.0,70.0
1498,Scot,Williamson,51,"New York-Newark-Jersey City, NY-NJ-PA MSA",2018-02-04,surf,,2018-09-01,363.0,0.0,22827.28,23.0,0,50,15360,500,20,10,0.03,0.03,surf,0.0,0.0,8.0,0.0,0.0,80.0,100.0
1498,Scot,Williamson,51,"New York-Newark-Jersey City, NY-NJ-PA MSA",2018-02-04,surf,,2018-10-01,298.0,0.0,20580.76,21.0,0,50,15360,500,20,10,0.03,0.03,surf,0.0,0.0,6.0,0.0,0.0,60.0,80.0
1498,Scot,Williamson,51,"New York-Newark-Jersey City, NY-NJ-PA MSA",2018-02-04,surf,,2018-11-01,223.0,0.0,19168.55,19.0,0,50,15360,500,20,10,0.03,0.03,surf,0.0,0.0,4.0,0.0,0.0,40.0,60.0
1498,Scot,Williamson,51,"New York-Newark-Jersey City, NY-NJ-PA MSA",2018-02-04,surf,,2018-12-01,339.0,0.0,23137.69,23.0,0,50,15360,500,20,10,0.03,0.03,surf,0.0,0.0,8.0,0.0,0.0,80.0,100.0
1499,Shena,Dickson,37,"Orlando-Kissimmee-Sanford, FL MSA",2018-05-06,surf,,2018-09-01,346.0,0.0,12984.76,13.0,0,50,15360,500,20,10,0.03,0.03,surf,0.0,0.0,0.0,0.0,0.0,0.0,20.0
1499,Shena,Dickson,37,"Orlando-Kissimmee-Sanford, FL MSA",2018-05-06,surf,,2018-10-01,385.0,0.0,19492.43,20.0,0,50,15360,500,20,10,0.03,0.03,surf,0.0,0.0,5.0,0.0,0.0,50.0,70.0
1499,Shena,Dickson,37,"Orlando-Kissimmee-Sanford, FL MSA",2018-05-06,surf,,2018-11-01,308.0,0.0,16813.829999999998,17.0,0,50,15360,500,20,10,0.03,0.03,surf,0.0,0.0,2.0,0.0,0.0,20.0,40.0
1499,Shena,Dickson,37,"Orlando-Kissimmee-Sanford, FL MSA",2018-05-06,surf,,2018-12-01,496.0,0.0,22059.21,22.0,0,50,15360,500,20,10,0.03,0.03,surf,0.0,0.0,7.0,0.0,0.0,70.0,90.0
